host,minute,cpu0_user,cpu0_system,cpu0_iowait,cpu0_idle,cpu1_user,cpu1_system,cpu1_iowait,cpu1_idle,cpu2_user,cpu2_system,cpu2_iowait,cpu2_idle,cpu3_user,cpu3_system,cpu3_iowait,cpu3_idle,cpu4_user,cpu4_system,cpu4_iowait,cpu4_idle,cpu5_user,cpu5_system,cpu5_iowait,cpu5_idle,cpu6_user,cpu6_system,cpu6_iowait,cpu6_idle,cpu7_user,cpu7_system,cpu7_iowait,cpu7_idle,mem_total_bytes,mem_available_bytes,mem_free_bytes,mem_cached_bytes,mem_buffers_bytes,mem_dirty_bytes,mem_mapped_bytes,mem_slab_bytes,mem_swap_total_bytes,mem_swap_free_bytes,mem_page_faults,mem_oom_kills,disk_sda_read_bytes,disk_sda_write_bytes,disk_sda_read_ops,disk_sda_write_ops,disk_sdb_read_bytes,disk_sdb_write_bytes,disk_sdb_read_ops,disk_sdb_write_ops,disk_sdc_read_bytes,disk_sdc_write_bytes,disk_sdc_read_ops,disk_sdc_write_ops,disk_nvme0_read_bytes,disk_nvme0_write_bytes,disk_nvme0_read_ops,disk_nvme0_write_ops,disk_nvme1_read_bytes,disk_nvme1_write_bytes,disk_nvme1_read_ops,disk_nvme1_write_ops,disk_nvme2_read_bytes,disk_nvme2_write_bytes,disk_nvme2_read_ops,disk_nvme2_write_ops,net_eth0_rx_bytes,net_eth0_tx_bytes,net_eth0_rx_errors,net_eth0_tx_errors,net_eth1_rx_bytes,net_eth1_tx_bytes,net_eth1_rx_errors,net_eth1_tx_errors,net_eth2_rx_bytes,net_eth2_tx_bytes,net_eth2_rx_errors,net_eth2_tx_errors,net_lo_rx_bytes,net_lo_tx_bytes,net_lo_rx_errors,net_lo_tx_errors,net_veth0_rx_bytes,net_veth0_tx_bytes,net_veth0_rx_errors,net_veth0_tx_errors,net_veth1_rx_bytes,net_veth1_tx_bytes,net_veth1_rx_errors,net_veth1_tx_errors,fs_root_used_bytes,fs_root_inodes_used,fs_var_used_bytes,fs_var_inodes_used,fs_tmp_used_bytes,fs_tmp_inodes_used,fs_home_used_bytes,fs_home_inodes_used,fs_data_used_bytes,fs_data_inodes_used,fs_logs_used_bytes,fs_logs_inodes_used,fs_cache_used_bytes,fs_cache_inodes_used,fs_boot_used_bytes,fs_boot_inodes_used,load1,load5,load15,procs_running,procs_blocked,ctx_switches,interrupts,uptime_secs,fd_open,fd_max,tcp_established,tcp_time_wait
web-01,0,24,68,1,4,61,50,74,84,42,71,93,75,2,9,62,13,56,2,77,65,32,92,89,62,72,92,100,33,35,87,93,60,54668444483,42493981894,40389174697,19107713214,29571706373,31800600023,18508461954,26288269729,38782561681,55678577171,31769252670,53740477806,1220186426,3664873351,4099408498,2238440875,700487091,2183296808,2506514321,3980981561,1724562994,2343757859,1159008245,4725698607,2791606897,1787661320,4641864555,4190696026,1956156674,4228520973,4425299385,2063061344,3693527553,2348593981,602682763,898376296,4438651947,2352140071,4496691329,190556875,1129135534,95235896,4639101316,4456685887,1172393204,2280717382,3588581862,2892016116,2863988130,4003552227,34783956,2807961718,2429356159,767374821,2093743765,1454751886,3026385431,3666674045,2748130288,3269114387,2606913907,38531480782,43636680835,26853308524,13550197537,34338931956,29422045362,20168179410,45886185127,30572072789,5710322821,31549074089,23437386139,1473676027,52740126748,38359473396,5.41,10.13,5.74,22572,53762,93269,30405,88507,69930,6300,14015,66132
web-01,1,76,83,6,11,41,42,84,91,57,46,63,58,2,81,99,32,72,43,23,65,83,72,16,78,89,82,91,77,7,14,34,2,39786057372,28914823859,5538838321,22061692317,48587250253,43218684927,32516684336,7787192850,37091771686,6254308652,48093928320,15116286209,4499675731,3984439195,3793481929,512721091,4006062027,3283976258,3733789749,1876629677,4919971789,4992687265,1019941025,1744227494,4211539065,1856318953,1921568065,4116981198,3257184404,1523584329,2474737397,705551049,4320836771,1692446416,2443903273,3998647501,69084115,1723443058,4840274543,3629455877,2302758162,450841040,2109332672,2038017182,870609930,2669968026,3275974993,4151423212,3270780399,1012413567,2760709279,2246128644,4650720158,2248785212,2298505191,3046669303,3304643536,2081738085,754421634,3988317353,38353587335,6359588117,44181023218,16330121215,62471458298,20964733739,61789650655,62350294175,36241174293,12641225966,30200130767,25757181298,19364553394,25782151792,26958933595,63346784829,8.52,3.12,0.31,48732,27684,82685,98363,30706,22639,39218,59080,1005
web-01,2,15,82,58,64,83,22,56,2,11,8,57,82,57,52,78,74,88,13,39,22,67,80,76,71,58,52,65,43,2,55,24,27,14048458523,55868701160,9950007619,49481381541,60127109428,14177680184,50593728220,58254452235,10788916457,3396446948,3434629475,41053261698,4390911042,4917714667,643200731,4052604335,303626753,45942860,2694383913,4785968319,1348394563,1535581474,14917501,767368492,112525838,1822917488,4933833681,1117817150,1616211850,1864081265,4358846029,2381321531,637669639,3141668016,252758782,1694644948,2460268406,4957578287,278293544,4435597899,611394211,1186334406,850735947,4195852542,793098612,759820409,197910079,1528432435,406640857,1433314440,2947420110,1645684997,3446352047,4112650053,1827190807,1124023156,4473514258,1918080970,3279836334,4300399964,44880602249,47848970099,8812740928,10351889199,20826618576,21482706030,19029133595,21053193390,56514970358,30903352931,50747285460,29652765283,61674583219,36614543697,53619232486,24570919622,9.41,7.22,13.26,24884,94833,80042,4486,81131,21994,90624,79607,21244
web-01,3,91,42,77,73,95,4,34,33,46,1,60,44,80,31,72,51,86,44,39,40,19,22,9,12,89,79,69,75,32,27,42,13,28634092989,44952902652,56299293336,21696316498,36460698386,39288378169,56413049781,53016829634,44403159798,19348094397,12773417004,28749766453,2292355262,4633601056,1988646790,3769218434,229919152,448340431,736374409,320199219,3134880542,804636102,1570488548,4138658626,2690656822,4019456007,4102792752,211771969,379502024,2528521701,4815291869,4551889131,3977440171,75054215,1030784618,509609126,1709231126,3271827850,4723460327,2972836018,3741716702,2272070468,2356117415,1108209619,620649576,2837696276,4180471452,1857964362,3950090785,4165401408,2771030743,1744133601,2562784831,3901691080,1938553801,272860363,4309162245,4007433441,4285250957,1010428369,39797640324,24761575007,43263950768,18736857414,58050731042,20690710511,8173739956,10346053686,8772523527,2029039718,1958075175,57325350547,45574103268,47015873168,39403247509,34374339388,11.87,15.09,6.45,47631,59908,38747,10233,97205,70728,29943,29796,15858
web-01,4,84,31,22,88,65,19,67,58,9,96,33,71,38,0,45,8,93,46,60,81,83,64,95,60,40,66,95,91,98,66,72,19,54990501625,29961656971,11462924157,1472339430,29629710566,6573293008,57875584692,15113483083,25325214620,28183210263,62886503086,43591364704,4705125973,3087913318,2417919559,2250831714,1164420651,2733975268,3552932657,240165612,1605528535,3562698816,44288923,3309901521,2003898521,2164997351,3307341520,176539619,4999432887,398314848,4422911295,3582390483,829848541,4679338439,1079385585,2403347617,1041999870,2283240644,3627929932,4248789273,611601837,4135480394,2880328284,3202066859,1344969007,1919102266,2017219011,4955409007,3470922126,101520059,1724098899,1922550022,570233594,2468272027,2926030970,430746214,4554060962,318012699,3762490536,4731104751,58240851991,56631142947,9272420519,37550001641,22063333293,203573343,39617645864,62205261728,53933452338,63408395958,37692047164,46120299443,34161402835,13763227917,27022697630,13643257259,4.54,15.14,1.15,93940,60090,99631,59958,81570,85049,82685,9778,36086
web-01,5,57,73,2,68,7,49,47,79,73,52,66,84,45,97,39,96,77,100,80,95,34,17,3,97,0,51,33,90,60,85,39,26,25896754494,4881430057,42143089543,42334876548,38747247506,50275319704,51842387389,62111583667,28118641849,51362774259,16496775552,57985139741,3091761789,103227433,3934512886,4007478521,1229780871,969874831,3952540319,4863467705,944838803,312800345,1597799004,2999735773,4763484933,2637942116,1016702179,2455783456,255056228,3339144925,3039317105,3368009250,1012859704,4211541520,2871856721,2325527099,1046081925,1788412621,3272267860,3530280217,3215183940,2792518222,753922423,1499015357,4383522195,1423247585,3200087700,4508750268,2799837826,1060683694,3234991483,222357900,2827228745,4949430854,4980836902,4033386695,188908730,459303406,2497983493,1051919611,7808044209,26474188266,50278224882,63159782429,24451931106,26451980495,3291737727,22953791982,58715093592,16593316990,46648929478,38019868811,16488203048,47283034483,56021805615,35295573284,6.46,6.4,8.06,36563,4694,54378,70437,46368,72977,59618,81596,19189
web-01,6,29,30,24,88,4,79,74,37,11,29,38,65,51,3,68,56,10,3,68,25,76,52,37,69,0,55,11,31,20,5,52,78,29017857600,3914626496,51226206944,51109564769,52897382686,11819673602,57928085403,67881351,33675114711,43435181713,56448361487,56100784584,620990285,605004509,210234495,727599314,934104454,1860441222,1791639420,4228360919,2356380074,4943969449,4537033569,4929593310,802289694,4222521021,80390170,2874331569,4257063859,1530908269,2812184310,442583813,3288627693,1834459489,2167202751,3313383812,4106571272,4544169938,129753724,4054721308,3018679640,1516747131,2444136410,4890620149,2160233001,218218794,3730842782,247515038,3045730973,169696924,1708852275,478693888,252160600,4202802418,2260717227,3479767568,2553314418,3796426737,2868114990,1271984471,31911710749,31826780548,23026255587,15070421412,33904432288,15913227356,59701048762,43187181150,33207079839,5235654696,31927112257,32095006805,51344838887,9627143285,15372374752,214052350,4.14,7.47,15.94,84072,91822,58018,21310,98521,624,10180,46705,49955
web-01,7,52,20,90,85,33,93,39,20,25,39,12,59,34,97,3,85,20,88,25,29,22,52,44,32,50,3,58,51,0,26,6,66,1945172453,32275841509,17014841456,29297337460,54178478336,56224448147,46096574723,58675411670,29589411132,16889123451,22727022895,1315368495,122347146,1487076571,1218060369,1469554122,2942914168,4797732247,2821436623,4725070987,2820860605,2919348860,1892085604,3979123248,1318713032,1856485977,4397399913,140176754,4134606105,549609040,888623637,4384234385,771158692,3059140135,2254018147,810440827,1626258559,2712712660,2527823561,1642154261,1007454866,1219895695,2275444574,3343592432,2401747888,4691797482,3842285494,4739032926,2821990832,514039050,288349546,2451052642,4131765239,833175027,1168167492,197909669,3336056517,3449083003,3731742446,1130746831,33701813886,16044151594,60045981591,16137258749,45997380314,44510929389,8454993449,53159230832,61482603467,22862845147,53325518475,52826818822,20532352471,54531917579,29691311654,51162089825,9.05,15.99,11.83,65907,1676,19551,99919,18310,18915,89301,8655,47008
web-01,8,92,93,58,60,92,8,27,78,89,8,28,31,20,51,34,54,85,38,69,13,96,95,85,6,51,71,49,1,63,6,92,55,59064563492,35075520218,35048672514,6331189132,48879167329,2542649777,22841878882,55562725170,19332094849,14551143456,48172238069,3038034773,346978525,4802920095,2583890134,3222246671,4794182525,1128681508,190040245,382509215,4751816325,2628873358,2792456422,621874665,2867807879,4275678395,3238016483,669186424,2136536795,707914509,1842190287,689601682,3720675377,2358921721,3168303339,2278338720,2080916900,4809232802,3671109592,4800128913,1622532677,2992707063,4003161488,1620599442,602272914,4984159905,3105490937,3051660755,73717796,3475818726,3430044803,1617361016,2238512453,2532389964,470724030,4511587739,2609105154,1583053659,3099677695,4296007280,11547725659,5999360432,55373519761,60866517904,710190020,35369798049,44693834141,16689450571,61699084718,11455921323,7185278524,41617026417,60710161815,27423921559,44892680027,23174436657,4.88,1.81,7.44,41711,22771,79198,72213,87399,45617,6912,69560,24077
web-01,9,4,61,44,32,58,30,51,37,11,37,5,9,16,58,75,74,84,17,85,57,13,19,19,75,36,42,75,99,26,67,29,53,54767212843,46095051586,9567225729,20675500851,8626593703,34386194228,10493452048,60989702714,58607268050,32426971522,56340045085,21753925279,3262767176,3008548868,4902717105,2554193383,3075838654,1265688868,4134641210,768294736,4419764090,4690340669,3810383823,3578492329,1113022816,4452198268,715659634,3022571600,3394611750,2851076207,2442656696,4179036392,4526418400,556042053,1697321780,2142066794,1199485414,1257092531,4020638491,3820442353,4120659234,4004835948,1092295426,3089742830,3473986736,3450390169,3363036695,3255087922,4915472358,4718385752,2761040185,3722284232,2370703875,1632929112,2494819975,2837115388,4093478231,4707480878,3271629678,3064042391,11064142415,21803604421,11493167880,54512493724,3627885264,47042922518,49845404815,8240798585,32435775983,4406660176,36014691325,26673135687,16985970786,15669717835,63608844530,59336410078,6.94,9.93,2.08,69155,47238,73419,64072,30131,83924,27981,55641,13920
web-01,10,7,86,81,4,63,55,14,99,18,78,40,37,35,79,41,71,84,8,100,10,8,95,28,31,86,56,98,16,12,55,52,95,42308160350,1624348504,28937671018,18609039902,52507013275,10275369390,45998593175,7964113969,41886094873,33847392010,50551711761,47798148776,3995508088,713794030,510539329,493894313,2493205087,1888962582,2606090664,3524715248,2535539933,3803883860,2170054909,4125415947,2251296275,99628042,2887666308,4550166561,3245915727,1449349634,3961493451,4621888823,760983164,928200696,2661696467,3248191002,551028676,2006693437,4193493999,1742755543,2056509971,3820110619,605321093,4214925852,3436331646,1270384829,2146489854,2322026413,3729725208,1195741198,4055914521,4946837666,1036275082,518205987,2932899812,4739126171,810781465,3428241488,3957880847,1079934618,21791847024,14428343034,36619334545,57848061112,9597078406,52672677999,37578489993,62372304651,39334059798,41815073747,533673721,53634497090,23613255625,63061798429,39101955321,2939319164,11.99,4.06,6.52,72942,93047,78514,61041,66528,5491,3311,48785,79141
web-01,11,84,32,15,7,20,75,7,25,34,37,3,89,48,6,49,33,91,76,90,66,78,47,50,99,73,66,82,7,39,99,15,1,46145086491,28044996,59876593383,52951161864,673052625,63778050122,6113098182,7907313554,25394642208,23319368293,24357393462,53527639204,3924531308,2018432845,3941936219,499648153,4223613109,4174902402,1516041557,1031223196,3523052732,2030341449,676973090,1239422861,321185533,857434199,1102275366,2666777314,3654203139,3657357681,1214957142,2324648464,4953419155,1235613360,4463974519,3541165382,505777342,2201229741,2024677129,1590757189,243645182,2168734601,1267617135,1368653943,3214364880,2918829338,2597035592,4839556739,2731462283,1903561426,1845744994,4491758624,623839681,1168225275,1206655770,1416012724,3272048749,2061645133,4512245658,3259293526,49946440896,44156713480,44787500246,4146779434,758517609,29057795608,17938068974,29478887942,49477007378,34576661266,37863832723,3470811208,40111062196,49353971717,42462501321,42380128826,10.87,10.96,2.9,75091,30794,97227,81181,95015,84461,26022,19386,14347
web-02,0,71,51,27,0,43,27,31,33,86,12,6,25,78,61,15,3,39,55,92,2,99,63,71,18,65,54,86,60,76,2,89,86,22808780809,15028587403,57569248385,8096838810,18556050093,4429171802,11438510075,12201849195,43477404213,31167591520,6083787630,28184923020,3101837449,721990395,3287920895,3573277073,3989394555,658082044,3769685788,4086080893,2166201968,1151453259,2169894638,2691806178,3933914603,4719879465,2788832260,4286170994,126266586,4264644269,4788554323,4447757631,2579772253,1105005526,657194324,1342903975,4909663965,551854817,3713023395,1344116801,3719528941,1759588616,4513968713,1313717398,1291288636,1055823976,3666330082,2568862819,442074208,2148094558,114149544,3854357145,586465341,1019374613,1734362937,4039556030,1564422341,4047548555,3873451040,3422582730,52098823841,62476863420,35848781918,15638212623,43110632790,24545096106,33346911229,3477712989,5900983008,24406836905,7510585420,32099789251,47076597877,63565351981,6510301659,7888811273,12.97,14.13,2.05,39751,79566,33192,5473,72490,92831,48773,29593,23610
web-02,1,10,19,99,35,4,46,76,26,35,24,60,7,35,54,49,5,52,96,34,75,71,70,87,94,81,12,30,99,71,0,21,13,16765643371,57530226327,42159956021,53630917535,2273266013,48585047756,33278266631,24759053312,55321318378,6414740333,15349740220,17204116001,4602222538,622964493,4126857424,485863620,2163825471,2213061546,1783253337,3118422973,4454935799,214324233,2182047930,4895312550,3771882625,3354236660,521065283,254308585,2542899989,4981232144,308113416,4036251806,2923892221,4244318894,3940053923,3560288678,274511648,1802336841,3490011430,308919228,2695488563,1648991967,1223623838,1296248184,3991287862,1879923882,719357006,689355343,4592403953,4356712790,315465183,3675634002,478844072,2237131783,1829931496,4065553209,3102371375,3841248341,424997021,183645073,49259723598,15035669453,45855371748,16758375876,16657007592,38568517210,56255842630,39319105454,37732890080,15723812647,6689840737,11572175857,28033117346,45995737001,38617748213,50898852975,2.01,15.47,7.03,81301,31253,8983,56942,70491,86523,62443,73277,42268
web-02,2,91,0,6,50,19,67,62,32,88,85,0,58,50,10,64,80,77,46,93,3,16,49,64,72,48,18,23,77,56,0,54,83,27135444439,22326090096,10639008509,44884322991,30895396200,41275335502,532422355,53528407469,38095361857,35394855900,60628691482,3011730533,2011515837,330780447,3894209215,3248292646,4071357814,786652772,263805265,4455076488,868518665,2723725008,77101007,1467957578,1329961478,4428423341,56375654,796988781,2576907649,4965727132,3558011285,3567089330,3838661476,53275466,405756385,2508867283,1694303561,1341556352,1945544675,830420921,686805830,4410454389,1193705128,407481846,1220198607,4852761335,2616237831,389639142,4114140775,4731524650,1610757450,3398077739,1740611469,1576642406,1058422165,1708289284,2849115302,183461941,2909533071,4650293864,55503040373,18788234887,23598179062,56978145099,53768680267,45746045595,24074088049,11794032859,61990491857,37475347074,22269821214,3508854114,23915238802,19776620267,11845644587,5556010876,1.32,9.82,2.14,13731,43312,18965,76246,71490,45162,21281,47099,20094
web-02,3,17,70,90,74,49,78,34,80,76,44,76,6,84,91,0,10,20,97,24,61,45,76,4,25,66,4,49,77,100,18,3,23,61126619651,20611636622,14244268451,48072549379,47558618601,53328899302,27914911967,54327599327,25868800797,37855217889,48226094709,29720398245,4913469061,1904381635,3882225357,2653849742,4888168060,4615437806,3442336903,4641467511,3052494581,1875472759,2669360829,820228484,3416199537,4010158077,2269154823,2644073008,977461430,830517820,456075668,4548394616,4616784704,4342427739,4918366767,4577362204,214898809,2424279050,2386097627,3212906425,557755684,3228908319,4754022916,3960791301,391288683,1774823672,3766720251,1587286547,4208141316,1681582397,3133161863,4330768041,4081328151,1326145899,2309647620,1712760675,944786279,2521583682,3360264534,4280683487,54601727686,41267839712,44444928673,52429805864,7521692340,46271581604,12014122233,55807921630,53242381745,62795132761,21083707158,18248113624,47982433572,52859250058,22970534663,45870436170,11.99,11.5,5.78,80652,22965,45333,90457,62096,20706,31526,19750,99977
web-02,4,65,19,31,43,42,94,85,32,37,51,17,93,78,95,27,49,26,57,6,8,19,74,71,27,100,0,11,0,67,24,69,46,42838003019,60521429078,18288407087,35323034214,60458242672,45881356211,38841828140,15987534776,19729921975,54142398029,13582755289,28132632975,3252295915,3891545601,4685216186,3909726589,2863727193,2750112030,2833865572,3638512116,1028510611,2065507655,1106388130,1749455511,3891451093,4967329855,1042353594,543930310,3340466660,4479695803,1907910041,2359196223,1421627467,2542283142,603602026,1747062574,4505623952,4540175413,3550728855,4573362982,1034602672,3961094757,1890014019,2395543325,810697954,4280068131,1361414011,3922065271,385297171,4914876893,3472736461,2373070100,3259521668,145223646,3968594124,4925392852,2502737769,1084702854,2063624289,921471958,59243095392,24552795088,22367925730,6248308672,36879193723,45817895723,37804025709,58619016760,54042890903,16887085472,15761327532,52337886566,48591684715,14609549037,31211358152,22058870726,2.33,13.69,8.11,89654,48205,84242,57577,29291,18201,78323,39924,95061
web-02,5,72,22,37,68,18,16,76,83,71,6,17,71,55,53,32,81,24,19,29,93,8,95,81,9,84,1,2,69,19,61,59,36,53545309624,17205155276,60982517660,53605057119,62791673081,50161155508,58118534273,6404201640,7824463048,27938263272,39399361090,6666439883,4970695150,4693934460,4809034234,121893331,809491459,2231893782,4903659653,2859097228,3557686047,4443787319,3629968208,617150416,1876999588,1675420419,3619719244,2706306280,1552804823,2313392254,1632955165,877789880,3932222510,4694101768,775588629,242627511,2153261959,4835573119,1625757601,2752585999,4458541404,4114664228,2037328581,1924507084,727087651,1179980918,1952674031,1420288609,2803787919,2961260611,4696908038,412346262,4690537423,3824675045,4153779142,3525224762,72902279,3800048007,1899355306,923123015,37767318746,3042565363,57426242104,36293534829,44201263477,17259811954,7937528166,18745138542,58593838610,29760758331,21191445110,36896075075,48630519094,26529637130,46000308002,39949147715,13.4,13.39,5.76,50621,97647,40401,3427,76261,45689,99605,21205,77711
web-02,6,32,28,75,59,22,44,84,7,73,9,99,51,62,12,7,79,31,76,92,82,51,8,72,71,77,20,27,11,95,65,18,94,55982476375,45828759556,2734812452,12270925459,2262150925,41775452982,57759781449,37294773473,15987379378,46564649547,44194525702,21273260272,4611863982,1353328180,2790606053,1378470422,833594902,1948145886,4116009161,3794836289,3254554690,4076138645,4091713698,4452596007,167322687,326565317,1449074282,997383349,4846346104,4691890343,613101744,3094594231,4840096715,2512843132,3536033405,2436856857,1210093049,1708755565,117467331,995203281,4777630125,3778123638,3919866764,54870094,3354593021,4926965665,1099014217,2538567947,1463212644,3154437088,1184984235,2252292403,104790268,3208250209,1008520003,3719373585,628847240,4383664170,3118271429,3493605677,47738044983,33688881626,10289219453,59193627087,46083702038,7334974830,48712529902,22381226524,57629556682,57341220806,19936569818,62359036106,23349385152,7131302036,12686486501,15233248155,2.72,7.81,11.61,15885,10727,86868,17170,84959,99724,48480,67287,11769
web-02,7,66,66,25,46,58,42,89,69,0,16,55,93,2,41,41,41,50,89,25,31,54,17,23,12,38,20,83,52,62,42,84,13,25124985561,42413760252,55580294876,45806161803,43426401790,28456076366,39603383922,15113154165,49577513991,22610276419,20968711795,7996012594,2233031329,4576309431,2764167856,3237754283,2868195332,2342998245,930478423,4368218494,2363450317,4416072461,2196412960,862903658,2277802922,507465791,4597568366,3812110985,3952714723,4533779914,4779379741,4763680883,2533510369,732136120,4275537022,4215377104,2892927594,3397108158,4079697741,2148315159,3067670467,490332778,921487594,4338920258,562748478,1252777760,4935751610,541636348,4538104203,1580797501,4351621759,939171008,3055723221,2794578851,2012559230,2143008263,228272849,3575079023,2145166378,903276732,50808362152,37216718912,5593857624,32985925649,24286795945,61012166318,33711574286,47749707253,32493394726,22276515861,9136518402,37376237869,56926197225,19578206686,16723112926,10100690698,9.53,4.62,15.96,83322,5414,42381,62183,28110,3139,39843,92765,78901
web-02,8,97,22,22,51,22,42,4,29,17,52,68,79,7,52,57,61,99,30,32,51,38,39,0,91,46,79,96,80,68,73,51,56,62821846230,11633983867,3740731880,25501759043,10262397652,48096752027,7779852430,37794528214,51250610930,53259240669,57512668176,50831810630,783256899,1918340044,4594691790,3269169631,2947510698,3079167048,2730518115,1656122320,1265670341,1226233674,601266247,4956713343,183788258,3844171941,4682606943,3871045860,1851606531,1827690586,4252528418,3664669095,752585100,3705088896,3670009785,2057410550,596374408,564237169,1469788731,3163033809,3900266043,3118404807,2085619221,1223391478,4016926237,4371116099,2026406115,614105454,3727956589,1329230897,4009321917,1980007894,2206412884,2538596201,1276081936,3044030125,4131057440,2107239769,4480736111,4924418091,61757931950,41301732333,37691660117,13517815238,39808468192,36284345744,26984494365,9519848425,30893280004,60868322746,63458629780,53314481840,19142376455,51006418535,55434755031,57302983705,14.2,9.49,7.71,3569,20994,59765,89028,90468,21858,87742,81427,51308
web-02,9,87,16,74,17,26,33,92,82,88,76,95,5,52,49,69,99,40,18,37,57,66,73,5,40,76,20,73,64,15,12,95,39,29829853167,49553854915,14015967889,7104770297,28409512334,50920743065,45764117290,37123192085,10832909417,56338186859,59693696222,38504233810,4083632558,1143674807,1409576400,2506659028,2473787862,3411856756,1778670616,1209813976,2667559868,2242438029,54285998,3768756155,3736454405,1496886364,2058851935,13995072,885631900,1645438122,1867662011,2365289265,2374192552,2468287460,336839942,4954599597,3379730769,4491961847,1267648456,3904565629,652667337,1512909571,4938966263,2091184887,915910241,1593278726,527138598,803611141,182346391,1977632209,4791256832,1743423896,3595591331,2912009243,3832249596,1702972758,3277383658,2375198748,2015968760,545782962,48547405047,16831486694,61826275351,23418046552,37669961972,34379167193,15159559759,59003245762,46560020025,16734455447,43820266859,27566613228,46877355793,7502000320,14704347660,38042544393,4.24,14.39,1.93,65716,52261,65424,68368,77580,75600,2314,55650,86993
web-02,10,9,80,87,96,72,8,37,21,37,98,60,60,57,66,50,96,14,95,63,6,63,78,20,24,50,18,11,74,49,40,62,90,54615433168,61650812778,2195455515,56845714417,8102467960,43524514802,56386398560,48243219706,47924483115,3461287345,13815275034,28306026899,3174966770,190474923,3353334667,4669174,4010216801,3359532838,2418703380,4125443345,3203558881,2505913281,2932101103,649478081,834417838,724965613,764340143,1024870292,268473554,1023674144,2276178671,4251767623,2744702903,2432300478,1249426963,1321461998,842206145,1334680284,3109441707,4306815309,1739069014,4498435279,3085803560,2022122947,2731810828,4853672129,1802106630,2824706538,2166208025,786934318,2585883498,2933355104,4871198030,3772108794,3749778700,3700557285,3738655092,4209999930,3429302418,2585524791,17348361270,62165433937,34128133537,10850598657,14854388653,61966278041,34320654354,59982362349,20409668993,59267982805,49573853094,45352713767,2763922826,28940433116,62229534482,5189412526,2.59,7.24,11.64,7106,4459,70963,81341,87737,45590,7816,20736,20044
web-02,11,96,42,86,44,83,86,15,96,50,53,53,45,44,65,3,32,17,85,55,76,37,52,6,19,96,50,62,90,92,88,58,90,46521029776,51714837802,27905411682,46711234232,39377049209,5867320545,18374696882,23209790794,56960981265,26194450287,38724302555,47860477097,372988350,584985916,4698289217,4760289527,2708502127,3006299638,2518312179,4028224549,2746404033,648352065,2892662127,1868650801,2413163408,65730184,1292460427,2840518564,2588550385,1188133754,4196206424,209796227,4009299081,4768728094,748050017,1322241205,1418113420,411416005,4146655448,815675885,4916569055,671947894,3976909241,2772843390,306074403,4313816693,4800571019,4224623126,508844396,228835382,4096179186,3227127807,2699908148,2447677175,1712468203,1136208636,3559393865,4884833763,3410683641,2435601286,43746263530,614325125,50492244638,15816284373,39477310129,51258880123,31242260454,34418968191,24532224846,40163108945,6890546044,482340609,32869779565,24370855584,50316788473,229470767,2.94,8.61,0.89,17671,98937,19249,22721,59431,85418,52581,11054,41755
web-03,0,15,52,15,17,56,19,11,21,66,8,34,9,8,86,88,92,12,52,0,60,80,65,30,68,54,57,83,0,87,2,10,58,41940494460,29009731674,25666103122,40158944503,57731838322,18575295192,50347530534,56940751891,6885584129,56269507716,23942991948,59245772658,2917241997,2399791986,727571033,4404882217,157532629,4394559028,4412925860,1788195872,1690514154,3538290523,2752868374,4222566677,4325995544,4165548216,4259710219,492301274,2255196634,2217512744,2405671477,1966194416,3936885832,3278274293,580628144,2460907159,731591624,2110586714,60917013,2720361287,701826892,3224496114,4920269451,1259259998,2863201896,278827607,4453617653,3975275930,4511404480,3606962200,2896281637,2089861306,2962946951,413691515,1419336464,3428355624,1175174942,4450490812,889771044,595871833,6731787445,5535144739,38292807097,1156478605,62027458994,52162937650,47245510370,63777546596,51040479084,22665780298,25794690436,28381347014,55584049124,4521672465,46108865362,40391115106,4.35,7.25,9.99,51927,3693,36962,75239,72548,44814,2339,41407,83751
web-03,1,58,47,93,80,6,82,37,81,19,62,46,40,13,39,16,38,12,25,98,26,88,32,14,34,6,17,73,51,69,40,8,81,60975464453,35912760797,19453885081,55814172947,16903966805,34224789728,3923312215,43452476461,13187232527,41838677313,54107330196,15236457067,630544154,3917272414,3921833877,2410135813,3957205565,4514323053,1420489598,3779270986,2073104206,1088158358,3242067710,571065834,1827292853,3989761693,4816916759,3954582321,2021451143,864426655,189904470,3674586834,1014103405,886175714,4146809178,4703760783,4391574197,3185233227,422485170,3466901192,935369616,4816112695,2066524978,3115296792,4857137645,404905019,2542798274,3789085775,4204850491,3360038707,4690162690,4825650441,4258354398,4988303553,2468234698,2323010007,1545397913,490457048,1803412328,849059317,7594594703,41940448852,42590500575,33771730145,27857115407,17151738462,35123333581,8524934673,28299817072,47576112819,3617301051,19460740780,62877816131,61953254211,38343867568,49455221322,7.03,2.7,0.34,50717,52712,23204,78486,6770,75919,4932,157,67487
web-03,2,53,99,37,53,49,56,65,60,75,14,26,11,9,73,31,98,42,35,97,98,83,73,32,83,51,11,77,23,66,30,15,58,5637740733,1008784956,8180528604,62626548225,54758162574,8558671421,27304375407,13057208038,32590654959,5532250247,9166368054,34016741413,3296395521,1637654811,4431559537,1526968317,464842755,2856659627,3287320393,4619357927,227016588,348447347,2311636374,689368413,749593839,4584468309,1086477192,880457784,4904959301,2935165338,535943654,3711234964,3856836263,4252181401,1410923859,1834900953,2279369573,2115674219,4963282986,100806362,186991013,3603256368,4306622973,4910792581,1096142237,896798856,4738512671,2421017643,3495147002,1985494810,1426467891,4956996021,1648596606,2927848157,1228848292,3739333276,2445526693,284639168,1821455868,2438687720,51837820188,30754240080,43333225551,11677710085,2500555395,16008413131,14565509504,43396399961,21530821330,20648609934,3769885055,55786996819,45215594571,58844449174,52870274268,18647982599,3.31,14.24,12.99,94776,25161,78961,17047,76794,23637,9860,68772,84745
web-03,3,73,62,72,79,56,63,9,34,38,61,97,45,31,16,2,55,51,6,24,86,1,71,15,69,79,21,98,61,97,45,79,21,52280981256,50276487270,13677146771,49047876659,54985150665,14624799076,9624421202,19312833264,26743378179,10875599681,41821297190,21913125147,1991000645,1171138812,1761770897,1136439875,1823093444,2877307110,928856109,2344278587,312080125,1021757778,4500753811,1423177892,4177478448,1620414220,4495742538,4321170828,892646036,3637378417,369237957,2699006872,3428564474,2007652278,2241199365,3817541927,3472323116,4638657511,4150425529,1074260380,1971231875,3873400453,1675400663,583974618,4634320646,3535889661,3721027265,1056788351,742032067,2615972678,736567364,572570034,2575764997,3619784367,243773367,4122692633,1616023172,3222095187,2600837153,411114176,23664049869,36286351218,48866399134,7277988459,25611156550,45016861645,53083399104,61977359230,14236350371,5897699135,20146471855,47103296507,24684184580,13154371439,53178998863,22615689176,13.4,13.05,2.27,31284,19809,78762,27120,10479,31441,84442,50724,927
web-03,4,27,68,36,98,66,93,75,52,68,18,50,43,59,90,14,54,100,84,71,2,16,8,67,89,6,59,91,67,24,80,7,91,8430688292,16154391319,39488788990,20965901745,36163609870,62947217758,52175634374,5223864400,56916633723,17883039048,24636821242,14025253292,1799256724,1335651638,4742347815,749640684,1495256498,649577698,629616683,725277246,3742150269,4709977135,166472193,2614702094,3143247783,2182286958,4896343276,257431683,296992450,4657168084,4982799140,4593954934,2992935889,4978768309,2795723044,4307847074,238883841,1570616200,3102017331,751161114,4808156147,396891168,818765683,4241902411,1645414491,4286060947,3670836060,2757953909,4918136139,3927048255,3738568661,3134728634,2586365126,2213126702,1271203488,1011537904,4445150017,3518836192,3133437864,1139735523,63235707575,62892893148,13305207742,18558568116,18457429435,28970166539,22459224605,25676842344,57301697920,21807023552,62145638558,32231574217,50088025759,20164477868,3400731322,51127285051,10.15,9.23,15.57,88824,62651,69952,21755,68337,72727,61648,29958,45094
web-03,5,63,42,2,29,91,94,12,23,0,69,4,100,83,69,9,83,81,42,5,33,50,35,89,53,70,26,22,40,97,16,61,92,18693861005,34343012619,48031617822,50830066322,48060229913,49233557158,37905005767,9985637864,60823042786,19783905454,48134175673,55768879086,1590908267,1856401949,2716535943,2472108615,4232758240,2846893650,3149101105,2648493479,2173238586,566767987,4930086417,4806417386,4033153855,917072436,4199752379,2380601324,715469788,873913300,1389543739,2631734977,2434247621,936593327,3088546006,3788733423,1260437256,1023395129,3795875825,4191760266,3426286817,2668148387,376381877,1621966742,4735243746,511892609,2913379464,3357686549,4794021030,3378282988,1285538957,3267173997,4469387340,2077571015,3683769664,2261278527,1472861751,383421177,1590022993,597403793,31778121012,19580269273,31544336870,43288135313,20818302186,48898503189,29700306467,31774593487,9193578765,58246934968,35405312301,20647801108,21212757065,5647669653,13618141689,60603144325,12.44,5.3,3.9,42129,52521,68243,81444,84750,67960,30431,50008,2788
web-03,6,13,6,29,18,14,73,52,90,49,30,71,45,31,73,49,34,98,66,35,58,18,69,6,90,1,96,25,92,68,12,45,84,57561630817,22573108559,63439184993,41061540275,24611906248,58557292957,43349197498,312147197,35066118828,42072960046,60964360621,4992751423,2263709942,1636887457,2796967458,4401513611,872531608,1884729217,1997352903,1695581254,886823443,3080433976,3347023938,703638323,4415253646,3491614128,810083916,2074094942,2820343404,3537221944,2637421745,538194843,4286322135,680391728,3077771044,2911800572,1223631011,3143284469,3383706212,4365708154,2336982643,4434612303,3506006189,4591792289,2521101422,1101191130,1489083239,2832944868,3170673698,2834175709,2285109640,3938771100,2120119377,4137690595,2665569974,291786971,855450347,707785812,1497592668,1868115467,32493298025,51519676553,61282599158,23021868392,60189694186,31691827693,54629640845,20490713444,51700465409,52066177389,54664341966,9175073366,41493230103,32000682781,674421251,20690165538,7.54,8.94,12.06,65421,23644,89261,52841,16724,20293,93580,3512,52154
web-03,7,68,11,50,56,10,22,32,76,84,80,17,14,96,0,2,38,24,79,82,23,70,84,6,23,46,19,41,12,73,17,56,0,25612599743,15956076639,19566162562,16691657254,28494422083,4386202814,32862519523,17555464168,30103421885,34508531043,53586159250,62591764831,480469989,3094491551,3064427937,1934390619,4127497945,1262827327,410187628,4482027546,3882518390,2388449240,4059888999,2968815330,337402920,716798816,1036672861,2777134492,394520609,4955832576,2786270879,2428878295,3631767659,2320974915,4010156800,3779674520,1085846501,2609599589,3343562815,3497408782,875108861,3441196719,32896866,1819840310,4434520661,552382952,1445125438,2562708989,4616803093,1731421999,2869418284,1883943717,2756802056,3741891740,2144077176,1385285497,2480013015,90779429,988934283,2616332204,61450591091,42697016915,32042421182,21974816118,63424899607,8763696802,33658388542,39137393246,56826410143,1432064020,32591850241,62862462394,10981995162,26715336007,51917289984,20101914623,12.57,4.83,3.05,12343,43219,85533,20334,31639,4728,82237,8513,92052
web-03,8,2,81,30,9,55,87,34,20,15,31,56,24,73,70,60,1,97,95,98,47,36,89,46,48,74,87,53,24,89,16,60,9,958288231,6298315750,2004066692,45126191948,53503686698,47532735987,3764600653,6444201852,18637841940,43208399323,16506964527,16147666448,1322751616,489481015,3068065834,3016133540,632089644,4738699236,520407704,4452261836,826789854,4312020168,2430714352,1811981674,192047986,485836016,4066356238,4557117458,4747923887,803479111,795680385,2300421828,3998624868,1281222762,1140151738,4058671675,1831879663,3595246955,1928257011,2911320125,101044788,4354244827,1847389872,2938585142,729337289,1736157653,403222636,1796764578,4075133046,3286048135,40498769,77875483,4946292853,3668829773,3050448572,286521115,1220582499,4078305922,135898048,1693450322,54663969789,28164034541,31165168237,49158219015,41293551387,48398037438,27242452785,37071330603,2924304908,13838876478,62930156911,54133957483,15403075082,37734127829,2366258016,16877412380,10.26,13.04,10.91,10561,45435,18203,57326,81637,86173,28496,96559,32172
web-03,9,29,88,25,24,0,46,6,45,34,28,62,62,32,43,53,57,86,4,18,63,26,18,33,61,82,31,100,60,44,46,28,80,16395119056,38305424568,52841842699,40624987918,59548535254,46259864018,49271184278,10960402730,52490564340,52704206387,12451758855,13839351270,3520237744,3710158181,2660084198,3629208536,2396926400,2357798741,2484896623,1407211773,4478937999,3939968058,1576163649,3297483719,4851866116,1237285156,1559850657,3844066454,457572865,1923273653,3264316115,2501294403,2341772123,3697444447,2272453675,2577725983,4455244291,3548345434,2031119736,351575726,3604883444,578893514,867194615,261246925,3735613145,3565458227,3745223341,819179364,244055129,3224857791,191726463,4326477719,1553737416,608952824,3312434380,4001959221,3306091399,3975470456,2496085147,2672588672,46653012029,18550219894,58060129790,21746560507,55964882500,21438607419,35251214973,57433144506,19473588890,11154465836,13015703840,61088570599,52882013616,26049596363,10459846933,38409237471,7.93,9.62,2.23,73808,36603,72963,61030,37348,3208,6405,85713,66040
web-03,10,88,45,32,43,2,44,98,29,41,62,50,74,1,53,39,43,93,65,33,93,44,22,20,32,70,47,74,67,62,16,76,77,30426711265,17873521413,7795878866,5043323971,4771716785,6576456825,4136065239,27230034888,24745979022,26210179655,4130811310,19357037863,4329145763,128132510,1693986810,1102679816,551757068,2469285391,4750615740,4932461375,1481514440,1812870702,4024783948,1648509520,2751339410,3372883469,475717794,2009029490,4770672967,1398967398,2151363338,1907226740,924686432,4877717724,3854849689,637591456,4555739199,3527733125,4122207300,1819540993,2387457215,2211002045,787900914,3039898538,1285002460,284073523,4877885462,4598025878,1905044931,1137328997,4426026130,4060891063,1601974076,1453135630,2977146700,1356977407,260708985,4629332536,965527690,1823457426,45632872935,37527229829,32976134101,45156440544,54452685311,37172635392,56150570938,15884266147,24849412564,49445919076,27765446932,18576996258,45395964680,46603415280,17030846266,54611118546,1.82,6.2,1.98,75099,44913,70955,40942,76716,46273,78566,46454,34940
web-03,11,10,8,67,0,37,26,99,57,8,83,65,96,18,43,39,56,25,92,34,97,55,34,20,49,100,32,16,97,14,75,89,19,43201474144,54746801999,61041569767,47409859707,29658637659,53101902671,39868057108,32247211579,5524589498,51058072187,56775809559,26360353439,3414707392,698280165,438878886,2776124949,4533195036,4507267821,3430203811,2072164791,722636426,4234603992,3323836420,141578109,4829428224,635609986,4591692018,2886315708,3071369513,3838604396,4874771999,825785036,4377787644,3002324228,2257945175,2935738631,3231047510,4258688317,4580147351,3660957001,3198386148,677996530,4497216514,4299946685,1208041868,4899793327,4379456437,4569024347,2243724823,4040871382,1748956636,1088528540,1666271525,3527730392,1735332165,4419439623,4097017287,246241353,2187921011,1266482079,59753446084,29021580421,16831469220,11226026482,42201701600,38982548795,45541451517,19169835475,30854932486,53245278598,1681259034,20906040080,11425075592,54260428173,48898718335,24348294167,9.78,15.69,5.41,16241,65680,47203,14329,53626,65505,87412,63458,20242
web-04,0,41,35,17,67,78,57,11,23,22,65,95,49,25,71,4,66,81,2,12,5,70,66,49,26,40,95,90,84,66,98,15,66,7557227350,11386313542,57536331937,39087795542,26060800387,576093727,47427968935,62878407539,5404848015,23978010261,34383062310,62138006445,1673396969,4248114215,3865000419,2553198747,1346737605,2711001351,2614842856,1459924395,4269376256,4550354773,3534957823,4745312015,726019828,1604927483,670523921,3618463091,3956131331,1322852494,4548583408,1933837380,1816815600,2146364025,2502369607,1189542211,3893875996,2294374784,2775880342,309717597,3851978106,2582249808,849066587,551729940,2017082319,4637003026,229714335,3489146938,4609264633,4124816180,4425368378,2613120487,430445846,4092076598,2981956080,3589123448,615605786,4011701053,3206210820,4618285324,52030658417,6807925583,58507365117,35820340081,43727323624,62378986018,36375047747,6815278961,41683116718,36425881345,46545301940,43451488167,61626640484,35183993975,4506233268,48609496339,3.4,9.01,10.93,2110,96032,14825,5239,53873,8907,98927,61312,40196
web-04,1,25,43,63,13,48,45,69,6,79,34,72,75,61,99,93,9,94,21,97,82,11,6,3,100,42,43,75,91,16,11,15,78,36974723170,8807763461,56928911902,56141928886,39224972,30935334381,62219489749,33820957628,8026291982,29996494794,56743014036,6293159697,3142380761,3125005885,3366465752,1617930357,814945769,3858459445,164998691,30912245,1831730607,272317806,3891372852,52853434,2446888442,1146674744,4890459074,2840732974,4981749870,1325656146,2916747672,914986149,2697391471,3923694070,2924239867,4414355345,199668675,838167963,3576255606,1689177790,4292577193,1930647682,3286078625,2921221104,2857371832,1078869899,2060931246,3079724441,1205462160,2198807813,91750959,1467356284,4723762113,3175141031,729594689,3916293326,4342947305,2810427932,4665011905,1312280096,20886633656,11928284263,4530675038,23071317604,58719688427,43003345127,11337812773,56275412115,49905723077,48918704214,56515024802,15711422126,27233920282,20908622540,343688260,61564378386,1.68,2.48,11.29,43032,6230,28098,99747,22115,10650,38466,18334,78473
web-04,2,65,27,79,95,21,53,9,69,53,87,60,97,91,21,55,42,68,15,72,26,84,48,95,50,46,67,67,57,61,27,93,73,16243596596,24744927368,57647325712,923055257,37257702208,4343458656,18154230228,39037040726,7394003447,46948609904,32211779671,12357045793,3985451277,3823260055,3420285578,1184221749,19679962,4013150772,4290635680,3492959333,186364980,2316459354,2829627144,2819610114,4183600751,4391851046,3144639169,2089367250,2073051176,1841858056,336741982,2575513932,3514041158,2656622868,4963361678,1763875008,3194633741,2285049985,917545387,1860052914,2939349583,3151869900,3136568992,3575092759,3506186237,2210149089,4087909780,3663934313,3622481174,1345465934,1946437900,4182406789,1555502441,3355124418,1229761539,4671739708,858782880,3290197773,2404797468,1614192802,54175999057,24924898663,30517420755,22449552425,58366055570,37239500501,40283496922,13078257955,520555330,11119596653,63577283467,11687823298,28776363320,58247407123,42305714271,62932752761,10.28,9.15,3.86,88241,67663,15739,65599,5401,86307,84935,3474,27095
web-04,3,93,16,39,9,95,49,34,14,96,28,25,85,0,72,12,38,96,0,26,24,23,98,57,3,41,22,37,42,9,19,12,84,14163490941,6980430177,41530568065,31741048662,13493302180,31900608035,61429492071,41721428670,8302072931,25845488850,34184401209,31756264443,4768940528,308893730,1214474541,3982939772,94877597,3995635550,1452985093,662890995,1035703341,2464548829,1914342469,2952024481,950857772,4436428513,2051102769,688490857,1024487273,1864673868,415434106,2110861500,94343505,359136641,3797291484,2872844481,3812782731,1487633841,213719758,3210113095,548417551,2843499886,196378560,2777172513,2735003739,3416660025,3332130148,3899660899,1283744518,4897054447,715257497,2021950204,1651409930,2117102953,4514895224,3901996126,438467222,113436574,1675274118,4415061203,24337310948,6671711352,586210835,33198411318,1020101119,32681592006,15406193750,61029611797,48967963395,1744632562,59002879210,17721690696,31329440245,26858157063,4380455669,11944957930,9.35,8.6,3.82,95778,76147,5434,42033,86982,8169,15135,54805,39204
web-04,4,36,92,3,97,0,4,46,58,98,79,76,14,74,44,12,17,14,8,56,93,7,81,46,59,67,18,62,50,55,87,6,85,42709543121,32275403763,44992527914,38532337325,49489223469,19380167800,24399823122,11577251342,29632838463,437150977,32712615611,36015596458,1338905099,1955041082,1835599354,3162753720,2347468940,279829961,876619749,2640650575,492130661,3872645158,3003755736,4885176787,3951861532,2728823979,391228329,1391793756,468130351,432700044,789291927,4362729788,4505601214,4265169724,3433202722,846738564,4378637663,154753228,393388531,2404291627,82918187,3145998439,770279551,3154024926,688185055,1983515978,1101580038,1999122714,584175457,671707160,3545192432,3368941756,3821058341,2477181766,2896070269,2557802048,3468912090,3710880498,476294908,1537877123,6979707813,38144500064,60920652504,27252152564,13389309813,36312052677,46621456379,44253165713,55183523694,23989969347,18120190962,44440856077,28371286920,10455372651,47865960041,50399337225,2.16,9.53,5.15,11730,60524,13101,31306,54502,93893,42238,78711,65761
web-04,5,50,5,38,29,92,8,71,11,69,34,38,59,70,86,100,41,10,79,85,9,72,18,58,90,57,68,13,26,45,32,14,69,24117730576,27715367189,39737121058,59822042092,33940677733,9166860224,979385614,16655951566,25260078273,1360717219,42587879104,46545930598,892038314,583067619,1869251683,2088941402,716857881,1677889655,998022745,1402949472,434657049,3375995184,1344636167,3881653887,1938372950,1642719533,1572786130,3284644648,1969657427,839554853,2933721126,3276663144,3843296444,1701609178,3097207389,285583737,2239513949,3437323381,158586760,3649549349,644389288,2040852217,126975719,3814881937,2466642971,3982308471,2733754540,1370023614,4046526291,3847223392,757886094,4276256505,1203787822,802963780,4704440311,3595401922,700694068,2444716964,1111998988,3160368880,60434602262,22181207787,20034822034,25207142229,36913875071,54433172883,11222566003,24336823591,21189208454,54743321190,19169173388,55515903910,47464762796,51563244400,29054111918,5288119076,11.1,5.66,0.12,40112,59114,1483,17685,86478,25688,58035,85777,12859
web-04,6,64,52,3,70,41,85,25,95,20,47,98,16,20,3,49,100,9,60,50,46,43,72,46,77,89,96,60,69,41,74,8,0,28518910265,39500019070,10812600255,58795860774,41016232992,39035760720,13628116741,3948872746,54575479491,51846685633,42902283518,36607941675,4168909555,4444410154,3142443770,1718155843,855985654,4212864413,4466998912,1104168839,3657093443,682140398,2131195577,4446765755,4834104129,247380937,3206450879,813928126,1024410055,4082970408,4872478269,2572124801,785929405,2847035725,714464791,208438824,2794135010,3048077137,3349585706,4705637653,912720461,2339035261,71896166,217692409,3859447262,3657899882,4896344728,380328292,1160368762,4328904900,4229367618,4377269340,2084853406,456591123,2086981675,3156821608,768730642,1334123263,1774040205,1993705270,24799862546,25875843478,31778549922,11807284200,47929875944,59150701315,37885473344,59785638328,59432309838,45258274132,14679410852,22773387931,16027614230,36127133184,57001016660,31281330811,2.25,14.12,1.88,91107,51127,56488,50426,56283,50479,52894,54671,12496
web-04,7,34,84,97,96,49,21,78,18,46,81,87,87,79,99,63,99,8,3,16,72,82,15,3,42,0,58,97,63,75,48,78,65,2663766720,27346733385,22772937199,26762648362,21647933277,35647140710,23634436200,35912301871,59567734910,53305276838,7639946185,123337729,4603156433,635835402,3825601660,4172788135,2644696331,3166517656,4140647183,4624843910,3676550487,4339387561,2073163459,1103146890,4159443416,3616491827,290523276,1021469125,15405303,1899060108,669046370,915848633,2699219750,1137404922,2454814325,1119859503,1399154353,4495209022,3558931087,4365888170,2775476553,2247532900,3899374479,2952812999,4827011582,3088805972,1270063868,1510519403,3082907200,4861949724,3716319543,4854952145,3378389984,3122549319,1071963715,2634713202,489213579,2395524783,3169138115,34436348,27335650412,15285723948,42072129506,40697070388,63427251054,35221117501,49947855344,62160905828,18730080942,54022701549,29299142776,33612741424,8631742938,6166500736,46242588715,9923393493,12.35,5.52,6.18,75719,57231,54078,20205,19994,44301,2807,19799,43307
web-04,8,76,5,0,23,66,52,49,78,7,3,9,65,95,67,38,96,26,65,25,46,50,37,92,15,94,40,44,89,31,14,60,38,36692674860,2803153167,59579179046,33077080748,18329372871,16003974625,52639983841,29072459383,46906408646,13291429713,1482786708,43543911645,3292251799,3879317710,2804275450,3368795420,4357744854,1978709616,4381037930,3688659118,3991808055,886613166,751926562,1959280737,2270814093,341714117,969792555,2410935681,4209138736,4975463990,1975919801,1064702401,687118482,4901476186,4094391243,4579710167,1755901977,2175791439,4720112227,708853467,2201211373,3413520071,3282331838,2889683010,3793295221,4843248921,2448876936,3527180838,2543626479,2292671741,1288898865,1701751114,1422003979,4430775007,4759030926,4283968304,3211215501,552481737,4427259192,3166312464,4452004664,14736191259,8652105747,57311462581,20400891743,60613594405,3686173713,32680966056,39953645214,51536356608,46428348149,28853314527,12477299654,2927937943,62205928553,21781499825,0.11,4.39,8.15,38847,829,38130,85313,56378,22341,43763,35263,83009
web-04,9,19,41,21,70,21,41,32,87,49,24,66,28,97,61,84,70,81,57,23,80,87,14,56,94,86,14,51,61,41,67,63,99,23484421395,33802311855,27405422240,5456437928,44126493286,56136511548,15836196418,24066106239,10157868481,11733470922,47701384811,41471642625,4160503349,844291551,4526020200,1747262977,1189921259,2127399680,4581120900,3498887115,1813336964,2403314889,4706864478,4045031436,4288390736,679739412,4103594220,801602638,821183021,3750285065,3603520045,1237850997,3878424711,3621679418,4786176372,4076918363,2987085823,1880701946,2507080961,3424924014,4475928553,1976227798,4543650570,2148335339,196462821,1516867054,3580253213,1181200034,3349861204,4553529177,1075679248,2256489516,2878908377,2939332883,1130936934,3726950981,3174236884,4904638911,3274631657,1362948256,50720548764,36927652363,51847096651,35745713944,19392230609,14182038115,14474754761,14830954044,48558657787,59703244777,57787704940,55441561722,3695042312,18073739057,5313004572,21456955278,3.8,13.75,12.76,28526,63879,29478,33324,87762,39073,24209,67289,48632
web-04,10,88,30,20,12,20,22,22,99,75,45,26,81,38,51,13,87,18,98,84,91,61,55,14,32,11,24,71,72,51,96,100,81,22987437575,15540008578,29116932279,24523647072,46970357904,9265643527,35874931308,59339204598,23770657196,56095457832,41584134413,9569019328,2986644318,893604185,397689537,4277884965,3547456394,2475096067,48841429,3084368589,1077525997,551079615,78235982,4179829476,1796516833,2041354677,1009847921,3016472232,2291817309,4148740740,941114320,3038467428,1150305200,4510342731,321284225,539359219,3423112963,2286608869,2566759001,490376588,2497690823,3893449336,3516291037,4486867806,2018428256,3115804602,4655902609,4341963133,4991269289,541920282,4651151024,4831858977,2903586798,3907433551,631790144,762092364,1006976911,617289921,56342514,987956590,2289662912,30550441384,59688498227,1083100356,10322936964,57367210454,38246106622,24847255528,62346792081,8150413288,41731933205,40632113263,48902646817,1130599996,62859743057,17407051626,5.27,15.31,11.42,72161,85891,45099,26573,91199,53935,66233,55261,23822
web-04,11,36,1,0,5,76,100,38,96,29,6,35,99,36,30,76,98,83,47,90,99,71,68,80,39,77,77,1,3,13,46,57,30,10497489779,53401016397,58413026598,9939376301,15973758907,37074470097,57802430380,29671220521,24532651155,3746620734,60533426424,49289009997,3802457154,3709033544,668452013,261820502,3779310116,2369978591,2621446094,2814173297,1957586853,683014853,4527427436,3774595276,945876042,2336659302,1802978656,1182657287,2701314844,3492339688,4399653536,4685577131,1582424126,1825390035,1061410219,733625147,813314866,2545889497,4323135080,3879170176,1195333628,469171180,2629813369,2357407064,1125399855,1166968423,2077057618,1529573658,2312542174,3655921697,2133546823,4049582859,4612937193,681789728,306351866,1556180440,1140097614,4631989770,1080788454,4356475679,26917609369,20978193028,17185597925,19209585186,49522095801,4803183871,184637584,32528426412,4741787724,43825618982,35128583556,30613523357,32048963620,46023995212,14916506733,25606129878,12.89,4.81,7.04,36963,74306,30158,60902,58320,44770,1813,54714,74117
web-05,0,75,87,63,43,48,0,45,24,46,53,78,50,40,41,49,93,88,79,14,100,87,59,59,32,30,17,60,27,95,57,78,86,4358021351,9219907477,41641235521,58939680350,59391611013,58863422452,59651689777,53755463598,21630164505,41110181704,50997810952,47779880463,2843908889,539860912,3695286885,2329863556,395929372,661930257,393680056,4320334368,1635407633,946152264,2195562141,56203816,997297810,419719514,4566159292,3997594758,1783092973,36620903,2825877127,461272351,3840924972,4703979101,2715073130,3310697548,1630630899,4761232823,4867178900,4417369598,1264829028,479284187,2853622351,583284627,4469740373,4018028060,3849986888,4354634460,1268575679,4505686627,621026384,3920578267,4290932326,2906608012,251497300,2406316962,597800739,3693946024,3730843232,128161855,12897279302,8421747704,38943194919,11019886860,42582456958,32618120188,18356597246,48599084931,32084044395,50524691518,43136254594,21107867726,41312981169,40743400572,41453843425,23277604026,15.29,14.73,13.62,76796,54441,86666,73940,36317,53094,27616,23839,569
web-05,1,70,9,88,66,11,12,74,77,40,77,17,40,48,91,46,0,43,91,91,16,31,65,14,8,56,42,78,30,77,84,28,10,10689303213,20774317249,41857362667,62797720301,18763833912,42465788573,13731398729,42521033499,18639947297,15298239132,13730733674,14074906341,67757193,4191278734,759733529,3153440824,3700907187,4792013307,206018981,1440380856,3604419276,612606141,633714823,1108038201,3515910193,2746051543,3446782966,2095536484,3164562693,4154944770,2554902729,3813952588,1043714198,2962086260,265786055,3335665269,368154900,2406810176,3918520108,2554480479,891434252,1842911077,4384975739,2894655099,3783965809,1917291039,3971391322,2770142826,2285079150,2083160330,798987890,470449711,1950614192,3737225594,4464385129,1538479856,1493947989,952638596,4772969144,1487971432,40513813502,37569696608,14027438290,39041994975,47568813052,30058125306,15772264565,55593815142,15236050001,63416229984,14535049465,1475607855,16487396657,30432771464,4761502243,45499005760,14.86,1.19,0.69,6864,53161,94931,36813,62699,24055,5321,19733,69115
web-05,2,37,74,12,57,66,27,33,17,13,15,24,88,34,100,71,70,33,43,22,11,12,71,0,92,91,60,58,15,82,1,10,35,2422652725,42911982032,40259302213,8976824569,60313039292,37297361729,55807652427,32833295171,46659446474,17536519565,54353898590,11855392017,728934303,2568623920,820534894,4442708132,2172641112,3194125802,616538444,3876493757,393231595,1111078851,3040016967,950451366,4297465355,3410061988,129645736,3422316022,4015291773,4025607199,4002683697,2474125005,4138481282,808215986,1753957720,1222181390,4753164734,1079223651,990880577,1078535493,403878184,3280930129,395432961,4047322956,3707248985,3526589296,1895435481,2038108482,1009142883,3469768502,3287893584,2770021971,2377744876,1854008233,4021759389,2971192528,763777063,1237132477,2339360313,1290836074,10530579502,51963068817,58492399324,63318462909,47872623822,42286539168,43004321952,44074415374,35375945846,40322362269,21477716348,32153029407,53151805982,26811846894,62497372056,6138840490,8.21,7.77,9.53,19367,67331,86381,6409,43651,66494,13563,85757,76428
web-05,3,90,27,16,6,8,0,58,52,34,73,51,15,41,98,78,88,4,8,53,92,41,94,47,91,6,55,89,26,4,53,76,0,61027213493,6358025259,30883439007,9852178096,22144385872,12829318767,44166696298,34887851258,40410858758,12342531794,13070200946,7807987841,1019422419,3076326218,2108202881,2181191465,2049105208,647236176,4097285174,4717445368,902977749,3954107260,4084645200,3856347177,2573419618,2559502382,2398273649,1552324267,3996132836,1331477772,52992809,3358387481,1068351441,2902065165,611553674,3489520609,3681824771,3014488881,4912588264,2935958190,3913674872,447144390,1429410513,476350959,3563497710,2580362162,2795230004,1423554882,2173255044,2646509051,4970217283,859187828,4989490121,3100630824,438865384,4529237678,4745462252,862571052,4327218605,1862002470,42376071998,48328018633,36098287402,24540239193,41987811332,40649926625,20502088991,13701132223,30021186634,1363632801,54014598097,17738870717,31151702585,63800450519,45955841635,22426395896,8.66,9.61,14.43,22202,69679,89754,73105,8054,10558,24624,70748,85268
web-05,4,4,44,16,18,69,95,28,4,67,66,57,96,40,72,28,46,19,12,31,87,72,67,53,5,76,28,28,48,67,56,41,72,49695638680,51119930676,54735458817,58154695470,41527278350,31337848882,26137869766,2633284463,27557479153,2850263764,11369181536,22031185144,2993753669,4939362835,2658865983,226267421,3677179893,1413852861,4617196033,3069132966,3411600772,2208919326,2851987519,2777276114,2558014677,353929861,4008282106,1036393928,3956777813,653348097,338224155,2237475985,3623971098,431939738,3971217809,4785245345,3000134215,3757549113,4724574375,2206997499,2488485034,2465683781,3774527223,4899603999,4996452162,566496826,3681137699,1434437684,769586032,4176827384,660600262,577684342,2454517480,4183570642,1898841414,1974505362,3516072635,2004333623,2036522832,3130931077,2591839454,45843847499,60240989354,51996282686,58907667795,27765940105,10645861742,56811425215,21800405333,14740476282,54876727764,4225349769,34265436457,40128127930,23980177153,38010360103,2.32,11.62,7.65,87284,27960,60950,49386,92734,31859,8924,96388,75305
web-05,5,58,70,33,30,3,74,82,69,30,73,35,49,95,68,71,21,26,30,10,92,9,38,29,89,37,36,92,53,94,55,46,91,8632599569,1741012081,17467198869,41660277611,54681464956,48967860269,60108141825,32069029531,49261998062,10464987120,29013523116,55486426325,77661448,3674721842,2717647235,4333765544,2551790734,2880900329,2788402125,1577742949,20945843,2131908062,974531350,998651629,2781986219,1663004115,3906192889,2494080622,4525333205,3424020576,1551975564,471228843,415094438,2513726340,4308409538,494207004,3909800277,1776125257,3560963484,2812781290,487649812,3688293457,3750427346,2081174286,777561453,3940191272,4918908492,3685598849,129590044,1293499233,2186243122,1689031751,3547166430,1900456460,1355335647,4285039858,599804717,4605839087,4188031673,3123833247,12031144614,27443973228,36004879457,33466061955,11126981995,49246371458,5066570206,19935028043,24930762275,58786436661,45390714247,17511338940,49860189178,63229511348,7077774689,7756401891,8.23,3.91,8.38,2790,74334,23321,26514,27829,63561,7216,44558,93032
web-05,6,59,83,15,20,47,77,41,88,76,17,4,33,73,5,31,11,75,18,75,88,5,9,34,100,6,70,93,77,20,17,27,49,28205433422,17732807715,30551681847,3170949563,25208445129,42010983482,27084937580,46149699849,26126517092,62204885141,62740872380,3945619961,1942453660,4875695910,16153893,924663411,206874880,298787315,1430320345,4383103065,3263145221,990172415,24667787,2112202537,3316242763,2249174398,54176213,2779578322,944610222,3912565493,1180802675,30372814,2801489982,535841325,4207666736,1081785921,4079864931,1605450815,3948488636,4240356519,3627226144,1027137431,2071715460,86816163,2644291311,583363877,3801598756,791320089,3018260314,1784837222,3586071100,3802062433,2182504036,1131219661,352351774,2883463573,725386812,4865744032,3780240591,3940914141,58157962783,57928771153,55703771892,38974571993,31446812111,48782146231,55265817146,5775962696,8440732868,40265556947,36852177681,1898731139,18269742486,28020176273,25210089722,29149881460,15.97,13.04,8.35,65147,47398,36274,78882,19880,2704,82254,31077,97436
web-05,7,57,38,99,77,72,2,47,64,76,85,83,63,18,3,88,62,86,50,98,76,63,69,20,92,38,90,87,52,77,88,2,69,33844821314,61473460366,63069586661,41834760917,2552625479,23680212741,39356424383,29617043887,25784699081,24621632914,51964169599,6205970757,1367249395,224124932,3361391893,1299225172,4454599840,1259387232,3211174402,4781342065,2811044637,4694577904,2241821966,1139609215,4903090274,3101732103,2119476170,1876809544,2271660115,4214823588,1820606014,2667971984,4226613304,4535773664,2615027776,1127584147,4691000535,2597529094,2868640018,2684465696,2250226768,4420133048,719205363,961377306,3944015766,3148474871,2340652014,277093300,369258175,2324246277,3183521059,1824525462,483414609,2194491804,1553418438,2522241866,4143422313,108115481,2883616257,2750003062,43010760368,55500500619,22117875337,23024829361,50592037935,47428948265,21358354164,56121324153,34506859695,61423498055,9138325646,24489615712,4152577655,16961605505,51267699174,32998174869,10.6,15.93,1.82,16402,7147,28531,8006,83989,440,28068,84177,1261
web-05,8,35,32,80,85,13,60,54,50,76,91,92,74,71,51,48,18,72,69,79,11,18,5,84,44,24,5,5,70,30,61,21,28,10305376042,29864401041,38824378923,36739592900,18111363753,23802497694,51593750513,52930627742,42111273678,15505152560,50292729725,37180309542,961037359,350174021,644964364,3655337013,307713575,4394919209,3217071402,3714651090,2319295226,1458157105,298163489,1626706963,1055565360,4067941229,2295662019,819292900,4590010752,4341898307,4929461674,4834413089,4846452445,266251954,719351636,3725017259,4048195275,2693754029,4753220077,4642098105,3558030663,2012254990,174470298,2927826547,541399410,2425639376,3848968899,2525797066,3888743463,4726846930,688249851,4180393444,1495474429,3068571967,4639294797,4465683851,1325505157,3181908528,1175020634,1957637584,16064385385,20729381371,58539605677,47857599008,58841917836,7605011634,8273962348,984954837,9184370934,57850047915,14737482918,33504517676,40774644062,20635076605,1544722081,29138519196,13.37,14.68,14.42,55857,77585,92307,47454,30386,230,28868,69765,5310
web-05,9,30,84,44,97,29,52,17,90,53,37,47,70,5,81,75,11,90,25,7,83,80,78,9,83,7,30,62,76,54,32,62,6,288410154,39293336993,13531023623,3431083204,18865607089,1693976570,36938517214,42231325969,44993931688,41679082643,9034046909,9336215572,3476037986,1852415515,3806241461,2110927870,3607530082,4073902757,33939952,2595324246,687153435,4047262514,3947212589,3059402075,3861413734,3524780291,3543904557,3106093980,4279235190,2950877118,4489209045,4705748754,434693842,51074066,61868683,2585963687,2102315386,452338396,2565172017,4636538712,2008617995,682629422,3451560936,4941613258,1792958230,4287928820,3592922996,554251064,912701254,4621347991,1508192038,4102257674,4657242003,2596773496,1864347092,3082190549,1340354025,1326310919,2384712158,942427639,60222970444,56262157317,40632869800,13056844683,46493642073,55397625533,12516650551,37205561376,60133413224,19966453629,36192767462,29225692631,61469412161,36429735923,19458585591,5389443170,2.04,10.28,2.34,23053,78683,54032,24164,8702,33067,64418,8480,24342
web-05,10,29,52,23,69,83,10,57,79,7,40,27,28,94,28,35,38,28,1,11,96,71,3,56,54,53,99,75,35,14,58,82,12,21352839280,49385027564,42097625674,36318999656,17052044602,17854124925,51498215293,52984741635,59479085988,2062551962,11808966391,17501916090,1819952271,2224490732,581119698,3109088467,3632407643,1705188745,1900034506,2469212556,2380622321,4597417721,4213572232,1676727720,4088470322,1370457177,4428664022,763761873,2120322016,1136361007,79727588,2978609338,881825915,3508510056,3890167201,4265715126,3493106285,2603351450,4007720604,853309023,2380331251,4234369695,3871471476,620377641,3138465546,2550410882,1542975360,4514150923,3770887164,811963095,4980826883,4089275237,538133838,4258366627,816754152,1556160964,3317511555,4476326336,100649562,3345747898,16584214996,56733286872,42374341031,59683699036,37829581311,41781660939,26508440654,2371193077,53332085159,25596792366,11718329517,13870076028,5612897301,58273286175,46358135640,51172673826,3.15,15.86,8.48,18811,53144,87270,64820,26891,14121,95365,65148,3147
web-05,11,100,45,85,86,65,53,35,65,13,47,11,56,23,71,36,95,13,53,10,66,53,42,41,65,18,58,32,87,19,25,66,97,37562399344,18468361672,217139824,7681964961,4072573836,21662945481,27083575679,47600377356,62259140130,16090728238,29289792672,56605547849,3448373095,4455526104,1651401555,4205624950,1889574458,156559537,504796291,4665502739,1865868470,2323700172,2508909532,2270513146,1562315909,3361468,1070780331,2716863532,828320442,4715361432,147140983,3200676997,2587439739,899055192,4036175743,4705858989,3441934367,4184217818,3518951671,3569757173,3045698459,917097058,2328597379,4771724957,3292992862,3094863345,2466824402,131523571,2655640831,931150723,3547874833,4352718332,399042671,653739850,2394276086,1754495116,3018337677,1687707348,1910029024,2157867659,19420557273,58337456999,28377155674,40437671781,2822066258,22396853169,12696492964,38491022247,16674746205,48865517330,7477642588,36821316850,48380390986,37956090745,33533185127,39347110608,13.98,1.28,0.1,84652,30658,79716,625,46050,9609,38829,89,60427
web-06,0,83,78,95,71,98,1,11,24,1,22,85,81,83,42,85,6,67,40,15,30,40,73,16,56,85,42,38,99,61,2,15,74,2462126491,11844188561,26725370169,16049249883,30309586602,56993242685,59949547460,22642291868,32661073098,6005619352,1160772644,22994229332,3564385129,16037926,4008863131,3778938413,72673780,2853935961,2568207493,2149513533,3693538882,1149352457,265224928,1564037395,2834643698,720143911,3986170495,778475160,3774751691,2862279521,529009668,2850727826,4636944367,31111092,2555950855,4733292676,1293466348,4143736126,4906785544,3623904152,3643965106,235417341,1741112439,511087170,1228356119,3476470558,635796028,865993916,1667765088,3423946705,1072848298,4977963215,1576182584,4848800141,4215679656,2275993937,1283697696,2672409170,4715200440,1921784402,22137994262,39291664234,3371342362,2825533631,53953632252,7168272121,56247522447,44984483872,3813680733,3596548736,33040337603,20192637047,19769019028,30776953069,57961104665,49159459630,9.69,11.28,6.12,50567,39512,15447,54468,57358,33699,96646,82636,34311
web-06,1,79,80,31,51,70,75,16,59,15,1,94,45,64,60,24,0,72,73,99,48,8,8,53,31,58,26,46,15,89,44,50,42,48169000387,34716298167,8376529603,5972561525,49079377642,51647071528,15648665992,38651582768,62100080205,50674534162,8699211734,47148170626,3071468391,4343082214,2870547137,3706966253,886724190,763400052,2038762381,542575387,4884122039,3000906595,2884604045,570262459,121377526,1411265020,3298556031,32516850,1756462207,1876666720,4434145188,1560803650,4822246550,1970575579,1758764848,4181180277,4193147663,1771946769,819622379,3431753768,4050742951,3140474851,4118076782,2006408326,572501008,983958494,4994042645,3547788207,3583975551,856247398,4217801557,2499315987,2971669571,396512964,2856685212,1776216078,4588175911,4618455999,4464621446,483459898,32061448645,41289670450,51752311109,33929600533,59861948998,23426639591,48398225316,18236325599,62070665571,40016888793,1405213425,21413136866,34396815715,5839363706,61307050704,18654489915,10.74,15.37,12.78,6250,80860,93208,67318,90221,42476,75519,15145,66542
web-06,2,4,52,54,62,7,18,83,20,38,95,35,87,15,77,50,65,85,73,76,11,28,52,56,11,22,43,65,37,43,61,2,24,30086385419,17601389396,36113615612,24289841525,30413742885,5396567407,33883761118,32497562559,1284970844,33039789852,31127034678,58306757934,75423123,4034932217,2365307619,3928470086,1657363034,243822348,2020065432,4635806218,527316990,816375735,1017817076,381865713,2138149081,4709381153,2981487513,784525652,4527533602,4320247867,4536426747,3622966201,2543747402,1090377358,3107666400,3445497199,4235957075,1858192928,3202313203,4507240527,4187356661,238778072,3062730511,4061607261,2389475793,4243086931,4679566844,282569892,3366796375,3663706094,555023486,1694415270,659985848,461477185,319451409,3216660597,1718601138,3966527259,2444303891,337306648,18939006576,14476263461,45769141612,9293650996,32710623821,61665305245,16394630071,51107741478,41236267025,11105259192,50617256988,26036784263,41115314531,46092386175,59293764744,9911948510,13.3,8.06,1.98,41345,52856,38970,64954,76898,49542,30288,91784,66068
web-06,3,79,5,26,80,26,41,25,27,95,20,76,26,65,13,36,96,99,14,89,8,75,78,84,100,10,18,26,54,65,83,44,74,360233121,14947788567,38791673472,25531942244,40653870505,49254396680,58024228712,13105397319,28004038784,31537756408,28146252536,2725591758,2538126215,3308758580,2908688633,2633410688,3870783647,4128156585,1721111264,2927428719,4826700629,2061383364,3100995277,4055988222,3508408256,4918338219,1268533444,2078560816,2376488894,3060828075,4847828153,3355983701,870338773,1097987981,3533515833,3356750788,161140103,4945706060,1866920607,2833337883,628473391,2581961564,2631350466,1079798007,443734139,4445438805,4348902691,1846125976,537086621,1810574573,792022320,2575679988,148672418,426708087,497012701,704334880,4190267353,99453774,2718254896,3714226740,9939476069,55194947420,43627007917,58966655242,48207229596,53356406412,43371856390,4859496886,63855292197,5671985904,36925665712,3206489267,46487355733,59244684865,15923706842,17583882724,1.01,12.62,11.5,91,42061,36464,67285,89932,81246,43193,67441,78329
web-06,4,52,29,29,99,91,53,71,45,33,68,23,52,75,45,81,36,47,90,58,2,94,20,70,96,73,15,32,95,98,15,37,85,58524839004,36060008219,26856876968,3176586446,18747770590,59894500159,28820658844,6114511867,44667284575,33870022688,28806389960,24292333709,1122882889,436246100,34265506,1485724439,3881082734,209792288,976756591,1706687941,3393244862,1020139389,3928471148,1987773889,4886017226,3095529429,978417054,4484752682,1941177808,3701743331,1120451754,4425506466,2812477625,2693807301,3923571718,2000042615,4652323489,4191504761,3453737079,9906639,191359235,1002610132,2926558693,808316008,2199305835,1485147042,4448051298,3765711356,1064008881,694443018,3500595983,3069368925,2201902199,2009315997,2351967438,822538773,1465975439,2519379429,3865128529,3064603819,57503819234,38972976666,46494738495,51606421382,23092507801,20219870599,42402123019,412243300,41493297288,30110963790,41625814032,43657026669,42114619673,11700199579,57852666866,45867445378,10.47,1.28,3.29,11126,3921,47227,43951,8467,91982,73865,91606,54931
web-06,5,15,80,68,89,14,80,42,62,5,45,70,6,61,17,51,11,38,24,66,64,23,27,2,2,6,31,51,2,88,65,35,39,42121694217,12382134635,21715610904,6364809415,26049130181,42142787856,39572537452,62660421301,63711038426,8705862624,33943628424,5102547544,4563253438,1757973546,1353243892,1444885308,2800921891,4989869479,2973751368,3831547177,196195061,2292536788,1181892629,2202309363,530800510,3154695709,301562090,1785843583,1875831514,66820538,539295085,3825483504,3843513243,4023596250,1888040548,639665675,2826470317,1185564766,1437033374,4225674063,4659678013,4877055781,4856953142,3103992627,2833486672,4016657060,474417497,173149995,4105709231,172041325,2642767474,764573140,2690009523,1767018423,1914588068,4900771234,1197173418,1862290677,296206587,125856295,59217745488,31764019166,32284461384,2778928305,26472015324,27060196292,41936850839,33692153494,40489448462,46432849499,2853405977,46482651807,25846387690,36258127303,2855337414,63875081614,6.44,9.82,6.17,3883,59468,70625,33293,58176,61927,24242,72476,8502
web-06,6,0,77,57,99,51,43,49,24,57,29,96,24,56,2,51,35,41,25,25,63,25,25,24,35,20,64,74,60,47,4,78,37,45485790408,47832449725,53393749039,33976035523,6202598284,32782132009,60008761010,9036024367,45600077763,46729357713,21665074985,5685361150,277264582,2747048307,2170034869,3946993400,1752965756,4519967706,1131927706,924296884,2839203288,2618502461,1739570881,4696074936,4602224541,208675460,399976544,4092011421,289256265,3906747710,172347589,3669340542,4327687981,106457690,414683990,4180605207,2488820274,4289651245,3932312551,1932030486,3721608502,3559474653,751959162,3867686904,1848273492,2828773079,4310460304,2266519364,3693359523,3033469517,2723645578,4667855918,876114078,4749053916,2454797380,2754922261,764715859,54455923,1939890829,1247547310,21363611706,23946078228,33658571497,37102286105,53152992353,37527158990,24781839819,7026323935,46732664595,5980384966,30328643334,19784484410,56783072490,61456282897,34144566351,37605267701,3.75,3.88,12.46,20998,90586,84955,19656,15133,63798,70927,29640,39197
web-06,7,64,78,37,1,16,83,50,33,72,98,77,5,61,100,73,59,34,11,20,50,11,82,21,23,60,91,28,24,49,96,23,71,43416008066,15504346599,8602909167,63078523361,22892166007,463258927,33510546247,54302326411,53818022022,37108830616,47472554518,46605204847,3643183531,1622320204,3866649896,3724534079,4463572712,753559589,1997172348,2211096301,4529398396,439794819,2503901474,2079303311,505780636,2924929804,757783947,4535147492,2478522781,1260947817,4015730991,1177954244,4309904302,2161142730,1680923796,2085678695,4064895145,4754688333,2962563816,228955774,3359494967,4146427152,1939317440,4323346738,3606221005,4009188460,4113269488,499380576,949935828,3687573341,2936306710,3915060752,948889655,1904732833,3074409799,3551602783,3351558012,2719957078,4301483370,2248141286,47577000876,54145920909,33909363494,2124026087,36538360180,6908043629,22860470080,48051854072,11218355175,10481926926,20466153157,1513006656,19594804805,35995375230,19592329295,6638124512,12.67,0.73,3.4,42550,522,3090,70604,89159,70878,82962,44231,46096
web-06,8,45,65,84,81,28,82,21,51,93,36,12,13,52,35,43,94,32,9,51,43,86,74,43,26,37,89,90,62,22,58,30,74,38745857845,50716047732,11290800200,30046302303,30127286646,19270781161,22932725018,19109842545,48719891467,13916333867,21796133764,59409597012,3473787378,3165389908,1006194984,559879707,780045474,1698097220,3439112919,852574298,4396261024,1801105334,2571024705,1572334449,238636805,2735186967,972516305,402588974,1797809363,4145316811,2047746574,1557082312,2812875142,4936679208,256921884,3083166260,962495400,3650938051,2830165256,4828074021,4329774014,4483211933,4819631303,4012475050,1251963956,4344256947,753106725,3164167118,2866282495,3549826106,2210564427,1384011143,3733369501,610366024,350908693,2385639639,4709365193,116695481,2602500344,2040359515,50510976784,26238410048,58567327278,48059532354,26626429971,4042303073,8653010308,25506048403,53212602579,21278067231,1224098290,10335423802,56448906950,14085752030,6871729322,19594704372,1.99,5.47,1.9,69056,69692,95675,78188,84712,33389,44615,13075,31979
web-06,9,3,77,44,51,63,59,70,96,0,96,98,86,48,84,45,83,59,72,24,78,27,85,20,90,85,99,33,86,69,72,38,26,56877019757,18674640240,12772657308,16031048827,44042046044,1676480373,8248616055,40140470302,61478058383,7108179132,743063676,49517884691,2959901294,4262344481,822063258,1996161388,3021099716,4520367639,4083283923,11077168,505267696,4881504851,1716592977,4456463940,3545127811,1563326504,2529672685,1739589004,1756374385,404985498,83554388,534772604,2264190379,1550015949,4735403014,2365278576,2623368130,3318179799,3019806760,1057444713,3283949532,4866107052,3484098115,305845125,138705204,2988586793,423233171,4809343122,3880529204,4911343728,3411608381,3573508924,418796961,697375285,2025798870,2228330921,4503212395,382135967,4599442123,4881319578,17633204247,6882371640,19201334330,12826081141,11868159453,15301612195,9120155858,24878323193,17600973606,13193213949,63043936487,63170387789,545399115,44777403860,53901308474,261230819,9.78,9.66,8.75,83404,9000,41700,97494,6104,64600,91326,89411,30612
web-06,10,61,31,61,99,64,44,52,54,30,41,0,71,53,53,52,1,83,71,16,31,59,1,62,91,71,15,21,14,1,25,51,64,57666780688,7748391727,10240287479,7614067447,21824731155,32452198187,3828166292,13894339718,10603652982,47792402153,28136834333,20870321845,710060117,3321106007,1794142421,1397881634,3696895417,2974278598,3894206546,4554325798,2171143749,4524740213,3693024531,2072989760,4699452998,501668797,1002048944,1766648262,3662421989,3618574472,3380875327,4022526859,2960627485,3093320966,2228962331,4082548005,2726570732,1115452055,4191154983,3618925598,4208633814,3651903554,4080554482,397507893,4458597951,3007959726,4986225528,3603655690,3774456884,3017311662,3562899496,207943667,2726900390,963977912,4176984470,1475612164,4061982787,3818180918,2966778759,1725142305,50516593968,21378827642,39196626559,63539374955,1587151177,43653562953,53183319978,21107884853,12711544657,46501435134,32801038455,57075745960,21957555261,29890346662,55952199728,61127812014,4.85,5.02,12.18,6624,466,2662,34305,38897,85576,47514,89178,49007
web-06,11,66,97,72,75,45,65,31,57,78,6,88,10,52,88,52,31,9,7,63,100,37,58,5,13,27,85,100,29,17,47,13,14,51995955264,17162689189,51981795971,38210162002,52365187664,52829070347,1839366380,49122315489,37999037009,14687700361,12918130918,55469469546,1425611799,1080514902,1189130158,3301540577,2559972340,1828444170,1103240292,2833266060,1034091327,1903029964,4890551737,221894963,1173155547,2175967479,1203202271,2225418128,4497176428,1064287042,3212028041,4858872428,3374946291,3273600800,2100308207,1374085859,3949360749,2663304761,1710742065,2762194932,2906744259,2948189847,4914972836,3682248597,760160931,3257110813,2287963591,4076663141,1913073570,2122823324,604485512,957026269,700495181,2623079844,4206276766,241628960,1566932158,682623009,2363185675,4512924247,51371934806,2652594941,3924006356,61382555349,48807213786,20079094817,29030466278,11383084225,47916721121,10355720004,46532803652,2263708145,35104922690,60843086468,59230895767,33991497420,12.7,7.51,9.95,2338,9657,96865,54289,9402,83658,80261,81214,50872
web-07,0,4,60,55,3,83,88,6,99,25,55,80,79,60,44,62,75,34,80,7,79,9,90,3,63,48,52,48,87,71,67,21,32,56245309204,29778098277,56508733772,37504716964,24161324468,63562353187,19473869061,49695952037,16416225684,45708966958,44285172927,15130132130,1440844289,261457102,4088328534,1093501260,2873674294,4485130419,621921635,61526932,2480185533,3365215002,3908548054,3141219495,548112430,104944866,97993829,3028418597,4492897753,1173944777,3933658554,593668553,2030264441,4966646525,2206664425,1399794035,2285119422,1772793728,4204412792,650559225,2986006181,1077119567,2234982110,2128877623,4423304705,613802350,4383631340,2770700924,2250498466,4873936024,2842300781,3587858926,3522872381,3410686299,4856868811,3149640410,4757928035,1322847393,2896659473,667537808,53490738499,141215023,59268307995,45713151179,57535704674,4215397139,28455537402,30992370598,62579270875,44802568614,21823037063,30193385750,56237628594,2812074012,30396410006,28979233236,13.84,4.27,13.05,65938,1129,48480,30855,56856,37307,67301,20313,4939
web-07,1,13,72,16,39,72,30,98,37,39,74,76,76,24,33,24,10,21,71,76,18,33,40,40,70,46,28,14,94,31,23,92,50,61581968402,12869043607,15400479971,32650299858,42842383837,30112831855,39148624413,35800452219,35193545857,26416037400,56035102782,62772980618,1804988556,4161667060,3882462535,2296453869,3717670665,2128598498,1996310380,1458203507,4657865320,3965251274,1450271249,33363849,2256675967,2124790927,1486924060,3608592978,356702569,3452258018,1740432319,307634328,3337180564,2984305099,1806159455,2376358973,314112630,90137546,3225252789,191195276,4877802521,2101027650,4822635059,2877793185,3272185926,483274391,4394892368,2020011786,3400086204,3220048626,3713094610,234672372,3827808556,1268561528,2381558482,1131560807,2858561725,4247172728,4448075464,208995263,59707171810,13445367258,63410001078,1753264669,44648977827,45505534915,13409367821,35748354453,55326521407,29755643557,17748571263,2439735098,49092176911,9483771427,29307482861,1233610223,1.19,15.3,13.56,44141,17394,83346,88780,33401,20667,9618,21025,46121
web-07,2,5,90,55,48,33,98,45,86,9,96,12,45,65,67,40,18,94,98,85,33,97,37,49,64,72,5,97,92,90,71,68,30,11261346589,34226717917,57311286723,46281062983,16530165952,31001154351,13128699554,52280591572,3384721915,55036804323,17565693842,23639771202,766850676,60359298,4876508814,1779767809,428313918,4944932425,4394736922,4534583539,1246306827,1524687757,4688327111,2404554632,3370792944,3230145745,643016819,3019293091,4820881219,1440894022,3432235836,1337701504,2841870871,3502164361,2489314314,1467321014,837949656,4562732031,444036095,3023825422,953606620,2936958327,3054648822,914776709,3877752263,3591735978,1948097376,4489668781,1894269562,3133401356,1100347392,2900343934,4183695561,3818739318,511593454,204403467,3469902217,2195979740,2074195156,227515973,28310385972,34140396705,3923247457,52866996713,4864387178,29400773526,53202240246,9191286068,37432872218,9985907753,7122825064,62616717837,9108095691,60360710836,1482274478,57807265389,11.93,8.25,1.6,36306,63313,45897,72633,27496,84792,83079,87136,50480
web-07,3,96,88,41,65,12,42,85,67,35,32,96,80,82,24,94,15,67,16,29,14,10,34,83,90,45,22,88,37,18,12,43,91,60466566899,27592434477,39956282972,19319307070,13680184532,41702503384,31734834918,5351081249,33510360989,32563047344,59179384907,63965579765,3311707832,4367838829,2478928178,359366318,836627157,552484700,1159098746,4861301942,2235611978,661156833,2468842218,4903190972,3678180878,1570662267,2936035647,3734531560,1292869036,3558871547,1213416125,518149052,4184185430,4147068292,3017296542,1615653915,1962671214,3703291410,1752948270,691540736,170982478,85144988,797170139,2578530493,3503552765,418929368,2863136042,3307961478,3522398205,175159735,3294835462,2520299252,1231125165,4390970099,193183391,909613530,4260607840,4402809006,3678427574,2548086099,18978421945,48374839889,31795940160,12397390977,49323412966,39352879231,15306458768,39163044022,54780233340,59231630083,7533559868,30169460662,44528241022,2352228761,56991147764,63491384014,8.74,2.42,5.15,83114,34292,9372,4748,50978,42126,33158,56121,86270
web-07,4,42,32,55,35,46,83,40,99,24,4,93,50,32,13,77,1,38,21,88,39,41,50,8,80,5,47,74,67,89,66,90,42,44617678200,28153292859,45770906444,43698233359,34841563949,10801655993,59253717392,35084522112,47684163570,36718707948,49474076437,38391986917,1125146501,3335380203,1341064283,4570836701,1187810096,1242135809,3536412571,526255476,3956842131,339583091,263404646,3099014047,4282661800,4970860142,3631972213,2070231041,1694577535,3369312239,3543859605,511795661,3562172508,187173836,4724498706,3489054646,4823135226,583249652,1238689670,2501257008,2812098913,4504257631,4541705495,4491882383,1136551224,3081929713,4775022404,4362532607,3595424882,1222221632,4278091571,213760004,4692397324,3864523902,4206261891,1264150804,1463239034,2450126771,1301767828,1846459953,52175042357,18219071578,59496061597,60400929033,47641472981,23865760720,35115883752,45273877106,46568642161,43694279910,13476398195,38474791512,7858664040,38461821465,2064335449,13298216319,13.43,14.69,13.04,81829,13623,40907,14802,26522,36099,3766,40013,92389
web-07,5,75,46,59,47,42,60,82,69,74,39,67,46,29,72,32,82,25,25,82,21,47,99,31,14,97,83,64,96,55,0,31,56,29557454352,20834059059,43966669752,61599611091,447372636,61607558013,23691200983,34265274206,43403749820,21365669060,37138209240,26001896589,3152348700,2184182686,2951151126,367675099,847041006,2621452570,711961650,1671016306,1976847808,1744046106,759330822,168586853,3759681442,3764964453,1224430477,439804901,311700946,3925188001,2576640548,3933366955,3800469320,1631464053,680480622,2484797332,4178073405,210812883,394899389,3646656353,3499676084,1361676933,4525360898,1156118347,3694385367,1140032286,1946515732,3635126959,4361140676,3514313160,3749910128,4598679614,3996119627,4511785726,192805818,3179337187,4225437452,1158919697,141863335,2846723232,4624687586,11510177107,23370095060,27730113000,3492737952,39127213175,52428981508,44234219464,15052793904,37089923893,39226172848,14143629904,11016705681,27536065206,61128313013,58982996262,14.19,14.26,9.59,72261,26746,49137,57755,85765,44855,85229,96545,67942
web-07,6,67,75,34,27,51,29,48,85,34,70,8,86,9,14,65,77,98,60,91,15,92,31,41,51,80,12,28,78,68,86,97,25,49002242066,31427077741,7009711575,18474383925,63133494967,36451303602,30819781826,3256595341,63771190095,43583100869,18693967720,14467130512,3343342986,4334097091,373584458,3018360192,663459679,1332353489,238052973,1528781311,2896264222,2466639841,350114556,2322667295,524684680,4216938751,463900272,928514734,3813278930,526728852,787729496,317155622,1985362512,629247435,4903356341,2436236717,802162567,597727756,719756153,4455163433,1241881698,4621596350,3396989602,3555015325,2309799750,2753182843,2070367837,4591669342,1699033944,466907381,2359468805,478653421,3043312268,4045264100,2161207701,3241318366,3770204837,669980147,2610830108,4235506309,32697613515,11490032970,63979518292,37271948241,24256202909,2992237568,23666691852,35238824836,52884952244,4183746447,38781114553,20512098343,16295367741,52907549320,1298703872,25181763638,6.16,4.0,2.02,70901,42383,58788,61038,9707,23346,13990,83923,7050
web-07,7,16,23,4,49,52,28,93,65,72,43,30,34,34,18,57,65,95,57,54,78,7,51,6,43,21,46,46,67,16,62,17,20,15289517963,35589461528,7985995407,61449105,19190659534,42064666036,29363396230,46111210094,52175784218,57823480336,30107499619,36664588341,2677622098,1071354402,1469801198,2923277301,2386894726,1785471023,2194783795,3081876574,1036664274,1325944528,1313837761,3199961878,738843147,3756793609,3933753272,1749057149,4341367944,3440943044,1359638638,243194520,613510186,1620977696,3313438738,945278584,488595732,1937093216,1686448601,3659546318,2285389474,1392874367,2637187180,1287653235,1770597710,1120112457,2028750142,4685740738,2621449320,4043163553,2570394043,1522171990,1947619637,2363001487,133552879,3484276971,3247534114,3884658636,4648972341,1477620825,28638052112,20864770204,29519904792,38812549715,17401726499,21422145437,59039528300,40165622782,63291302987,81833661,45879486061,63397376345,20889334233,11171750761,6946984036,6546861082,7.88,15.27,12.81,44442,3607,8229,47609,64726,43144,95797,28165,5035
web-07,8,63,19,6,90,48,71,38,39,84,76,29,13,25,36,62,11,78,72,6,68,64,11,57,98,69,29,75,86,76,42,9,48,48815710257,12710724210,25078683706,13096731915,12986961152,54451957431,32345205290,5077756218,8421980589,48115395505,10667670796,57464831536,3325310073,573760653,4574538525,1880055930,3627139993,1047566617,704086565,4910765056,1896979401,356860587,1133597897,4852386953,1463691440,2606482214,4373054196,3967764206,4923313315,3363766822,2271385870,3292330000,3355392595,4113885603,2943074523,790359880,1831897761,2465047630,1520903534,2450876093,4599783034,197296541,4004983993,4180540268,714206641,2745345596,1217590108,1664258534,2831240689,3521969229,2517438831,396454579,3238981470,4213221939,875836329,3478035283,1353550309,4595450928,666068564,1173488875,44568874895,59003829519,5690412908,45002342507,48004509783,37625564537,10947082024,33972045434,59712331382,38271556600,2605905085,34789977916,48345993971,4187002479,14406347390,48017730833,3.77,4.57,5.79,65307,32613,8835,68791,43218,35428,57272,30475,48784
web-07,9,67,1,43,87,71,22,0,53,36,45,51,83,72,29,82,2,36,55,56,74,47,97,26,78,90,72,89,49,40,29,83,57,24384621866,39342337398,42897477141,26671717406,60118307523,43244460803,33468475381,43915925866,60364543257,23314094472,23334674991,54231670506,3174712360,2555772233,402879178,2717680956,4390524286,3526047520,3145811435,1239845213,4814292760,2348042352,467675421,4010686577,1322507099,2635416942,732395422,4958490071,3014232188,3034076291,1492611426,4775310317,464749667,4287813814,1042565991,2814221380,1639342029,2805153183,1763814006,4145203629,4936754254,2999425485,4599424682,3580516285,343930388,3018294265,945693524,2540452018,2477381123,3112973326,3452000958,2774853153,682688787,4898918212,587192741,4663834775,2328004522,2060317917,3680275683,3708684423,4913480253,57616153940,27945602871,31975173931,22739709002,32859011605,10913313796,63634589626,17102356127,62149906060,35133984649,24558776902,32547637301,42607828293,34937496176,40720234102,6.57,9.54,0.61,32498,27674,28154,70868,59152,92281,49314,39878,97752
web-07,10,48,17,89,9,19,58,81,29,29,95,36,28,92,83,7,85,39,14,98,43,29,72,51,74,0,75,90,29,14,50,89,19,9006828304,37305970235,19895806050,23893566994,20056113689,33607901696,15190243420,45218803755,58032346088,41856779600,44858559130,20722527763,3072175148,2151517605,601471459,1110620857,2751907345,4166142248,2333641678,1521588440,200136694,2666527208,2514928727,1845396037,2591668947,3376134721,2786082,2557934845,4639399430,4346214949,416170318,4747367909,4374591362,2910447651,3048484497,1719669458,1535281028,3660484807,2397260716,3497333268,318799359,3819873257,204324882,2358220144,1810603702,2615664335,2199989999,4093030526,3666138185,1367238789,1134731499,2273499892,2828446816,4648525372,4899060055,2660009848,1291741533,4390421816,735768239,3366273238,58759242636,4982890753,46752813620,43119218627,31206239042,45267065738,45837121528,9050941842,23992019251,15190695788,41409706088,32394915739,16531122791,35047662224,61039494176,39755817735,8.14,14.81,6.55,49282,84016,19831,52531,38630,64035,18297,22069,66039
web-07,11,94,36,54,35,45,55,64,12,9,20,29,80,16,30,44,87,31,87,57,69,33,83,11,27,98,82,82,98,5,25,16,97,58055650334,28572263496,48357101923,8525979044,53036895283,25166107579,637747437,52131547195,14453197574,35759293439,53102080444,51265496889,1848637560,3576721466,4373235657,2445519005,960254447,179589077,4384270416,1436862987,3512649828,1373125085,845955542,391088186,2417078095,3217840137,1833928190,2609488328,3371316904,4845394713,4085137630,365376215,4079838924,2384287239,4244347470,4728785818,96531346,1339500264,2285516654,1203914733,2149250493,3916718802,4377516724,3090686878,1337026271,2435768134,3538229927,3876201616,77920707,1752955292,3910900424,3813732965,1238038875,4495526469,2185847644,4276914756,4279781622,3287116694,874429249,4350672808,2168733344,29857574530,61139987692,49839781233,12408396505,51973507206,213528176,61670234651,19199139047,38951580205,5696892881,49367497938,30060212160,39456031781,14835862532,29900887990,6.03,3.77,8.43,36795,55113,85363,53398,86265,36474,93852,79502,1873
web-08,0,50,61,52,1,57,80,22,13,72,65,9,72,76,71,50,3,99,81,31,17,51,93,47,99,91,47,36,76,11,53,90,81,4879540140,19952729533,16084765130,46480188672,56158671708,19760056080,14843449273,59495012957,5621570757,9819045384,58242909170,11416446385,3831837864,592439871,2962968821,4941949709,46150477,1699435767,1507501129,887911546,1258133706,3194995051,3413987747,2484099645,4149231923,959058320,1244406627,1466064991,4940138940,3466312168,1429675506,2023700851,314181811,2220561369,820268167,484370482,3739884506,1051323026,1550326538,2236977810,4860542475,2244642855,3296160760,39217960,3593942729,3157136880,2461765430,3386238946,504765563,1892039253,1167235925,1151336518,962224439,540302172,2360728008,1786764476,1441624393,4219767270,4322541962,2997209254,3675168968,46160795771,12902515029,41375175817,39827615075,22423389251,54337401868,63033507972,2290344955,31675977934,44408554561,47465896051,13078405597,11293753356,55996975426,37424774265,6.36,2.94,8.57,72188,47429,89763,67901,55846,54009,64499,31904,45840
web-08,1,43,17,9,19,92,44,30,93,86,21,79,28,50,19,52,66,3,26,18,71,88,6,60,48,5,11,45,25,49,94,58,5,51108016938,39314994039,44294139621,28333668989,47007780969,42866169420,44937970050,2131178274,5206722524,7423558353,5225111366,27863459334,313649872,3529332286,474595148,3738741551,4535996262,847203061,3419814257,3931302199,3997518849,3729336263,2322157756,2614281372,2762475815,851488195,4645605047,4881951037,4333588433,2863173726,1678608751,1386010259,2482758851,3123155757,3041916515,1203645975,1309685899,4505277549,4819817017,3346790263,646381254,4179229171,1772682633,4880097942,4266286621,1647746023,1176866305,4238849156,4805898324,1245520167,4449717004,4292380646,2745829286,3607553984,109433070,1658993509,3982264597,3614559294,2718473703,1145106049,21998279476,54041329254,35113997837,49543519548,49859676071,20951655359,7014284327,50499095393,44310792487,44833225627,20526922158,62125996102,29469436076,53326480312,7567114794,14321688491,3.32,10.77,7.94,66594,21343,57465,21491,34887,9991,72608,17156,35697
web-08,2,50,17,43,76,36,49,69,22,46,74,67,77,90,24,99,67,56,67,52,88,7,50,35,60,46,82,43,33,10,34,97,33,6896274284,31289489190,25202972035,35327501129,12061363970,22869114070,54993418271,27060097013,31312256156,3071678170,22282767700,4183695484,2403407817,4296243181,3351677251,1363728434,2439472045,3453302719,1905357586,861482469,2996645419,4880800808,4474352554,1070300304,3905258167,680665023,2116187205,4944436552,1670970721,1465924604,122413053,3451305157,1581654973,1620456032,1310860033,1840949732,3759395838,2191952197,1477634498,1950702640,407202022,3174785796,4783282943,4024434790,973352676,2162327987,883437603,1204674207,2595173987,901191998,4996320919,3065916356,1414479297,1866029091,1982795371,96712185,3421365588,3971658327,3764438672,3480053063,40701524707,23438331927,21247424323,26937326393,59689674796,48913779634,60295172358,40587647346,30633576264,26171348650,51761492812,52183533757,6318411345,7575233906,28285812175,35823567737,15.82,11.75,7.44,91881,28967,5815,97165,42436,10352,36264,4559,75601
web-08,3,53,89,92,10,41,89,94,2,15,18,8,100,18,37,89,49,18,14,51,46,16,64,73,34,18,86,17,43,37,27,48,90,40075914807,49069017996,35186224149,50718790895,46848037195,51885380370,5342033792,3241730229,134579394,36218892914,36465705811,23617110198,304641720,1976033653,294284842,300875214,2821390060,4461932605,1742445937,4499234672,307848222,4484517601,1643418571,2536624886,1520222067,992089883,639174357,2015653471,2222576781,3018626617,1701264559,3211627581,4102019307,4370909794,4707742865,354371187,659413190,1688949203,4294055675,2327512264,3678327782,4732253419,2016536871,280937666,3257902257,1374029502,976351397,4820513777,4466443060,3891000363,3251980085,732525627,3768273533,576289222,3022114274,2203537750,4648677988,1190857677,824375645,453681913,2698105162,43276444056,45681441681,26491057226,31270291209,26103596930,26622414200,33580063405,8776753935,33399561095,29381370738,51859125816,8922385151,4415506437,17385576821,49322935821,12.68,3.87,8.18,70069,38683,54401,97033,85294,5872,44602,98760,46431
web-08,4,23,49,69,98,71,7,80,5,13,34,8,59,37,56,60,55,24,53,2,93,52,16,53,33,99,42,100,10,85,83,22,45,1364337081,33314672981,15700130107,19529338650,4068572055,9434793750,44396466947,59035154447,51854373803,49243646126,27082171559,12337907446,2239702018,1068684443,4183352434,3450188122,2580183893,3337125248,3221110320,3792842795,830949744,3967613963,4975096004,4863560526,4754872418,2743418350,4246854076,4380257304,2195706754,3367286741,3811138859,2948349909,2902984060,281129785,1090195825,4454602916,2971788067,4695612073,4392253391,4160224982,2028851495,3583522360,285069356,4037056024,4035147057,4293185436,3430115258,2160902773,1439984821,3186640411,4344660548,1677894152,1092586709,1381108569,493283304,4941235105,4999130277,4813269871,1352555573,3310782619,63387979136,7347178103,34732216768,29675969770,33512670000,26038094084,2816031044,63832736936,46637735224,5111607232,20172542778,5247973066,36803156551,11545517889,35668151422,37808153657,11.63,10.73,12.99,15580,56878,44803,31811,72708,76381,87470,79544,78737
web-08,5,97,72,79,45,41,76,19,16,17,34,52,16,17,90,64,70,8,32,3,13,7,22,30,54,76,44,68,19,23,35,39,71,28607549086,11065161924,49928412959,20611504749,39072757282,5007703396,21004258689,58660802659,14782929122,45439955600,20981290753,52020464905,1177279706,3557413401,3107623738,1782519478,2855389666,54717036,1208436947,143997371,3197717645,4609209862,2029358138,1876531486,4988073632,2711576539,3296969825,2319092544,1067860406,4014030372,14599481,853409041,3070408500,1543728980,2367353557,1870634025,1547409477,4257720755,3943914821,3522930114,1545530166,2413668379,792730799,3295393524,1316317850,2316837979,2022636102,3401215431,588645203,4493371272,89559284,2615098943,1348298726,4533422148,3812774772,1968048624,1789758870,4765114039,807508124,3270295230,62536529604,35017033734,20718093359,10232520042,19979524773,11697065064,57776552808,18822387955,44905463558,25527455558,32273765616,24611756800,7122478408,7371227596,2024103418,10573690038,1.38,1.76,10.75,76213,59184,41177,17555,92719,99621,15590,814,21934
web-08,6,97,10,17,68,36,64,26,12,8,34,21,59,10,30,10,42,0,33,11,26,60,11,6,2,72,14,88,17,67,35,86,63,22468043110,12297318484,51378685528,55750828414,62690053211,14907803946,27656712384,53646759056,3959534327,23915820726,1131010250,13874143804,4155358815,4887096548,323798938,1098389851,3329311413,2012279475,845295845,3538800935,1746685568,3921806797,1952109263,3472823163,1974629385,3888794115,3871893375,4433482456,1282346764,3224225375,3648255450,3983618355,4231944169,2469479705,2208393509,606248112,4301718341,450738166,1481644527,4516429632,1308226310,216132019,3546189015,1073853017,742233311,2997978908,1013888032,3916662853,3913698166,3874521048,4903057969,3461368177,1220110459,3514487499,4704760384,3365301909,3478698895,2738853989,415118125,4874209492,21033912701,32760544339,20378316304,62573001741,11716527912,47492712715,61763158748,19481450715,54107085743,63166617902,11868586735,13521087217,30949060217,57348917560,23815041659,27747802100,9.72,8.02,5.57,30256,15460,27942,72892,28322,20702,13810,57572,40003
web-08,7,41,99,59,4,80,79,63,14,37,23,79,8,50,33,15,44,63,56,6,64,77,42,12,0,90,52,28,61,59,40,46,67,3173468602,63457968249,53979336438,21518268797,62553386339,52756340224,55372099196,29428394062,972509929,14208442524,47190163839,37327632726,1194682405,4682843817,3546544005,3782897259,520643226,3916630810,262867858,1220043238,1867508291,474079111,2335933413,4313042177,753814984,311054166,979682836,1462997076,3506357139,2927325743,3619775108,3700553660,1227491792,4067327095,1142025177,2468414142,3105488350,2771501080,3953954842,1843060994,4571897641,1835046409,1117328993,4681082128,2737490444,4527733051,579147473,1420474375,16961981,804253913,2233749875,4014820226,943158164,1812120108,4492404238,1061725151,3081687885,4280975864,440819167,3001505282,30350841,21794410044,39105827767,51445913728,12575228721,51978878310,42921478521,25379408903,15572112873,18783445942,30700097565,23132243885,8019192079,8572987073,36564037627,34093016603,8.61,6.5,11.41,41430,95755,45832,90837,77704,58904,71298,98750,88649
web-08,8,97,82,61,70,23,61,90,84,94,76,49,92,9,73,20,92,23,56,71,22,81,43,28,98,58,85,47,91,94,66,66,19,36140911559,25836140660,38662279092,33979056105,22717529662,179445563,19242724731,19108339410,756869630,23883033152,54550687363,41159358701,393850901,2200705742,1722379188,3698588185,1832940694,459665468,2109369653,610150268,939199996,3191677726,2988112692,484439211,1202684510,3724019068,3188724597,4252917952,993523047,4975319346,4870204786,1017709698,1958176464,1855635250,2495901021,2593161337,3432014593,1312144370,1064178082,4257615134,227466494,144039740,351264520,832453134,3851687278,4077859262,3566610348,621858147,3909695990,3347620617,1381945687,2271969865,4671411711,508039310,1121458726,1706687685,1482530802,2314342571,1572526279,589252588,2293222938,27725741328,53324968049,45364839194,23655729125,38467337626,61953302909,26345051296,27098869752,49959757324,28443365970,23308347563,59098485549,54742032252,16890969071,63861053339,2.6,13.54,0.56,13684,94372,48999,54907,82274,54383,96975,30454,38893
web-08,9,86,43,18,91,0,27,42,100,9,59,72,9,10,28,19,77,95,35,52,97,2,36,36,20,77,8,58,24,55,32,19,92,7620330020,55160727402,63153784602,50842388378,16028519225,10481492190,29584766382,42895213993,28079342770,36557005785,19607093866,47639108193,3597802935,2518454000,4201975055,420979469,215753463,1391857143,4878914085,1540944392,2970273467,2117886435,3812909099,782366403,379875568,1828905527,1007157055,3660936695,2080372960,249374929,4842827196,3896332505,3208490431,1378189640,300363225,2598078457,566127567,983455849,3789937644,4631269876,874603766,1489853144,2050150912,2266862415,796371296,31709742,4508970879,4385052297,2278610396,4874115050,3166499302,4896364553,300103606,3764751201,2767158366,3347963419,4961152039,2015654783,1754198491,2623381639,35890560361,49655029058,46653363580,35029595110,60230289838,14075399100,61001340031,37667067647,13378792012,21324272164,42824624375,61094245914,423142486,26655236635,53534738957,5089500954,7.07,6.66,8.38,96212,87776,67765,22445,64219,10917,45436,26760,51562
web-08,10,52,81,70,65,18,33,62,54,61,44,57,94,40,4,11,47,21,78,57,100,43,65,8,38,87,18,48,13,86,13,28,93,38990726083,48630353216,20695818000,37017022524,58509688169,30966027547,3894440631,4823319653,34418588561,58598003191,62547473889,24713086294,4534223136,1973738605,2904732493,477721216,503723492,4380251758,2701110597,2435366330,1664879412,2801999746,4114138239,2362786294,907731119,1426808482,3691277967,2132858671,1552200497,2737401029,1765020891,2338945057,4511143828,4317656171,3012183645,3392234965,575537815,215503818,1612240790,2859646496,2055324882,4291009384,2546968373,2669327429,388287381,496945126,4568367522,2146615392,1996261498,4859026854,4031186031,4885428779,138605301,2083360598,3545908933,3702808463,4560171423,4074964690,1850088327,2606297944,41602016531,20779611042,52157936151,29457874573,31436795390,57554721233,7638046095,9437445995,34957218048,41405643372,31061916363,12057061801,12263521761,11995661549,43390259682,38284085519,8.79,15.02,5.69,28897,99633,24035,35149,90683,59023,74787,85996,53962
web-08,11,2,83,56,73,25,5,84,34,53,30,95,10,21,81,80,0,82,32,11,25,32,71,71,78,10,51,56,69,100,37,4,49,20081984352,43446231048,39810170557,50508100724,50614502331,28745250407,61053963699,63197063211,28202132844,43993632523,45778063598,31102728892,1222262307,2874004571,2352330837,382100110,1696280061,1168309112,1892095525,1350005485,2117123768,3905213040,2861634237,3859441370,129558774,3908850693,3018783252,593818955,864283928,2324683247,3726395241,2911075781,1008400385,3978804579,4017872304,2244907175,1460540858,2433187354,219354451,3113558778,408817008,3331465853,4459796967,4716592535,1756100502,1531043459,17890474,2210562416,541871625,4663424956,3569492956,3298663280,3556256848,1985027530,1768202818,778549007,4323276943,3298267360,4971035807,4156072614,8310955634,51260701770,56756110266,1072070547,63843241998,40024393195,17702384324,54733210513,46104591174,42350301039,35747622846,8540622667,26207654807,18737022297,54210584239,23784127329,9.29,12.25,5.97,59783,76660,84887,2629,4695,68294,94378,83598,16272
web-09,0,50,47,62,8,81,72,49,71,37,41,4,54,98,10,4,7,43,21,15,23,95,90,33,86,97,42,23,69,18,79,74,4,30547920090,50657164459,23751530277,59751183186,37253552044,8926832816,31973366088,43636787531,7257544016,52089805575,45591010201,26652862649,4236432177,4724749055,1576293667,4906924050,4871810769,1396103070,3051678819,3065285332,141797870,2313026227,1473193704,472294408,132868828,4473690172,795407201,3786801457,3916074253,3140424425,1993569718,2939798917,1937465718,4305385893,4295414988,4716944650,376749733,4656246775,2291852181,1426946229,1333483985,442811366,2386936126,8550750,4982417986,2267031433,4181288185,2445312909,2820889105,961885051,1510432070,444273404,2099585815,3265620253,1827695709,2444969227,349410547,4117533897,602520548,232533525,59755719798,35698591092,31568582445,27568989650,251975767,15589335564,407945318,28084379973,21984129068,56342378570,52844055602,36776838011,59042843245,47978064133,15449119309,54264467837,7.0,6.33,4.28,81020,55913,40395,70094,77736,99864,12260,87354,67450
web-09,1,3,23,6,13,21,32,3,56,56,43,95,53,31,1,49,4,16,63,37,86,6,73,40,20,26,15,29,72,40,72,94,35,46392012265,30476316002,20586387147,56919376509,11236695376,32544269166,17279642110,43896317780,38860815526,1797727777,28907875276,1076466406,2698988101,51232948,924799192,3143504683,1684169247,1424885411,3584813741,1419695505,512621278,774423825,1051000809,1705277667,4095943096,2718017323,4107322376,3829735116,4686405342,946242898,77356155,3672217097,4455684171,983500086,678758203,998403533,705335621,3038913140,2453162508,4744822507,1895838571,2162409109,2070340602,3040621845,3836176624,451702653,1922356219,3424414077,4534588529,372422603,4455405341,2136127613,1210491618,3365339927,4412304702,1230719986,3657352340,2894918578,3286970334,4903910481,49527253850,53305984838,16793144460,43419022241,23946132065,17562728696,41237434488,37481669181,40940795355,11931441277,59480471847,12922787828,38340235294,44805941573,23615720426,13271160953,14.57,13.38,14.46,38773,76897,99844,66619,79591,91579,6377,63662,35648
web-09,2,42,61,80,83,52,18,1,46,30,90,11,55,1,33,25,5,24,46,51,13,65,27,6,81,78,12,19,22,5,67,47,85,4965562807,27446532857,9882556867,49342728982,56452835940,58415494648,33101303911,36939897026,45789851912,1125393938,58862473362,15557279934,4119690979,3088293635,3344099555,3818415839,1837569534,4652676199,2129433903,1532791806,3953327831,563570196,1339027328,2180943078,3419578209,2407600702,2962675725,4137343976,129539085,4680413596,2714323659,296784657,1202788537,1106637981,2067882010,3211265580,3938948832,1284048201,4827740571,3366722527,377405102,96824422,1382023387,1891687116,4222797252,615344582,3661563325,2762999319,1323561367,822583421,3400767494,3929839697,2595111313,2490391830,945950900,3681425076,4278719776,4018972856,4409956375,235064465,17967353566,15886904545,6536125205,50617239619,40958201254,8873657130,22704175071,10038701869,3066733291,32868990890,54084666803,34014580361,6362876437,55468955956,29899213863,672596598,2.85,15.33,15.18,43681,18020,29996,15469,80233,63001,24267,54980,84605
web-09,3,37,11,8,4,42,47,75,44,69,57,73,13,94,43,43,89,85,0,6,24,83,12,63,97,48,100,94,42,36,83,85,31,39810040682,8435487278,5921176529,18035875428,56456573332,49573016950,19529533440,61632762027,35056336803,26291854056,11229857298,26983287554,1604850598,3373721938,4666737965,4319070527,676690836,3437972928,3660614463,1006351017,1766680658,2588771425,4650692882,1095379704,80126029,4112893223,3287569685,957648666,586171906,3578770635,1797381015,2371332524,618876835,1147184390,1620045953,1750500447,3797187822,2816939546,3664375289,774617578,3794759526,4280000929,927732927,2739053113,487305216,2620705033,3239732695,4268124252,1106614374,625536763,946011668,2441699640,2140050556,1888726378,1446597691,4081232450,3708928678,1284133774,988660700,1340186474,44375596683,9254269012,31725322996,47398033145,22191260595,60151375241,41951585131,44572859710,60884679163,5591488849,58819305457,20794691914,18894126836,56215808169,3635726612,33089609447,13.52,15.89,8.02,96719,80552,10663,41740,23607,73739,80043,93186,90674
web-09,4,11,49,21,14,50,47,82,55,65,35,79,60,87,4,98,25,71,64,17,3,46,31,52,48,24,96,99,11,45,39,95,47,22859652265,25122566780,40376391722,46967376484,16196657584,6886817294,10430258222,3859152829,34692871998,21231173703,54365337558,48560119312,585069227,3316693321,4790338874,4029302923,1497349185,4832310565,2215451740,2079965205,2761860001,1287498253,943948638,1194091578,4319211840,4646608232,3054546289,4639992469,4044358772,4112359925,2313863513,4931157554,2783394198,764549460,1492771559,196371453,3013275611,2333614452,2263592358,4745350617,3211783047,3553663845,2374899247,4102949542,2715746977,1558312329,1634992925,154992420,2065752410,2950008817,4589575788,4870695695,2008538559,3306041739,2934103256,1023137077,2670193032,1666540989,341460014,244235780,37620819318,18353421956,6753533211,63519705357,43912347738,27236661146,41657469869,57748942894,34085813620,50723198256,24302389678,7091899569,34648898241,58383095757,31189553511,22460842575,12.55,0.21,13.46,43000,1961,41169,50459,99786,24347,39891,2340,44040
web-09,5,58,44,3,70,22,64,75,7,74,24,75,51,44,40,34,10,77,34,82,24,43,77,84,62,62,41,76,21,80,23,47,21,43465535876,7922736324,20867933604,41372571522,56042763567,23097444247,4088693811,9687962390,21025084020,47374234072,26368773067,6061424763,1897660805,182041255,1899826678,1776231955,2634263380,4727246663,402111117,1002258634,4998507463,1659263634,4953507881,4391742529,390207722,983206277,4223534746,1822620327,3104890135,3718336390,3305708919,1621202007,697967897,131897985,2836893997,1172521788,3976365626,2137507184,4110397824,3734362161,2435504314,4820968978,3447837965,172419500,56497675,2252584254,1433292473,4992866996,2668027835,2569427463,2735956988,1387188865,384551622,2912359321,4443243072,4680797643,2744262396,2957478939,2305846204,242913053,19247851592,22327804632,36475064543,43299859105,57452846905,49492527646,24621188260,57546204084,58840831095,19855316306,527046432,58846693448,18093798078,51729556827,12116500132,57592476874,9.03,13.59,2.87,24703,88681,55492,33908,29552,46055,97683,89254,77329
web-09,6,17,84,98,41,16,14,64,35,66,99,16,91,27,38,2,25,43,96,18,35,8,6,26,70,55,51,37,4,48,62,35,59,40316393272,16170445686,54949206773,6197877430,63358530789,22972970932,48380184933,16148160789,53833206006,26166538777,10526725519,53087681060,858533448,855362028,2026668984,54784408,1832072805,2457982820,2156091275,3092433181,3159409380,4712600465,2250802667,3873392438,2593596059,197387459,2159049490,2367209549,2238026789,4807485696,2760659022,2710236092,2179240594,3470984448,2138460506,1539011618,2793262804,1192112903,4026893939,4688072037,3830334673,3873939044,3487505180,810420607,1574302417,3432397526,3304279922,3816005997,3892539323,320008589,1404483039,2167144683,2243725217,2217639309,4859487912,396357606,1915890887,803819680,3291861245,23651015,52960618183,60448298982,59560644208,44413771398,9969210286,57205121614,16092547354,42590992743,23603169781,25797691813,27285232827,57431864556,40503233519,4232662771,14523325516,35364096337,3.55,7.16,0.5,81042,88833,59732,71875,81274,59870,12861,90006,79926
web-09,7,35,92,44,85,42,22,18,54,47,3,71,33,68,68,31,9,39,91,28,70,10,29,43,2,23,20,9,95,88,77,32,22,26113078757,3366844578,60990402296,37733238506,2678696340,23276058749,4833418338,907604015,56732217528,18729668239,11141647923,60893591221,2545238693,552636977,84014182,1386631735,2461750747,4991896080,3131047008,2236544540,1519027352,1656392223,3573104451,1157491922,523138213,1397193163,1759019999,3864320181,471136099,687358788,2216665238,3831198666,1153800197,2491484313,1186464556,1729631137,2624398150,876194610,3181966395,4025775788,4115402084,1176131837,1682963704,3512836960,3784430871,1203029978,3196033394,3285201266,3862089077,1371695452,2485158779,2044760343,1100851960,100915243,1864337001,1571953316,2307630377,357677834,2229549629,16405624,28194841971,17994547900,51028078263,20571573994,27188236873,47576895461,9634138666,49092586772,56299195981,20298078128,1107925345,2888726283,45791067616,57660413284,19963613272,7563956974,7.43,8.64,8.37,90686,56989,88144,28835,25364,54991,18143,37028,37487
web-09,8,51,67,3,88,70,20,33,58,79,14,28,67,70,45,34,67,29,70,0,44,24,51,78,17,59,90,70,64,62,22,83,63,34648000230,56084013820,29642508679,29757692183,3239845851,8128696744,9752960486,31618428837,19621379845,55243597685,9189176409,27976812667,3511861959,1899894239,2591766826,4810378904,1653101154,4087666908,3131109660,4293912875,4487664332,344665422,3961023554,98575604,1762458809,1437344952,4339132604,1784253260,1699898250,3649563393,874709550,4690772828,2861016242,4281095491,3744635926,4561699626,2230771498,2852546000,4362348829,3180427778,2876023143,4863929829,2585616800,1903677164,114394444,3485410272,2924140535,2842550022,3711678658,868525317,3092874129,3842593736,611351309,9446077,1970874055,1830435394,922720516,3121746186,2093058558,3330289270,7164530449,9973652397,7293587010,17232712938,23934340095,10413141230,7696564308,43869777263,44374476260,20663664362,31966013890,57377970401,58293477606,9780145562,18464115479,22339632134,7.28,14.33,10.56,24476,23944,46461,42199,26419,24422,24040,22421,37874
web-09,9,2,52,47,34,41,83,29,36,86,20,89,22,6,81,61,49,76,55,34,4,75,18,31,83,83,75,79,86,3,0,99,8,5604816377,44508142071,26736139542,32742703810,13716065820,19296351970,33132372783,49304738421,2712313638,1970427325,25347136327,15227828763,3453144860,2118659201,2213258569,1889927530,248502691,1565894344,3578446451,4621165112,710835356,4230369043,1038021015,4815619571,2036755381,3997057487,2213048472,1745699554,2998898081,967525267,1068271928,2110371159,638678498,373692576,2281603518,4182054928,2471393021,2254352696,99939203,623742072,3354281187,1719497329,2280651488,3310922,475143038,2437685272,966518032,4253345246,1758576195,1949039334,4236424841,1175228527,4259130868,2387780917,1210908549,1530367857,1280261240,4151491605,125003800,3488500741,11464931693,52842615855,33536929772,46757875615,58490377452,18599840334,13170096961,29633735808,55957138242,39008153976,32510583125,18313997542,16148106654,54717508563,11055398191,18511375249,13.83,14.93,0.24,65853,55184,5353,4996,73391,52691,53204,82288,79172
web-09,10,22,11,19,53,69,3,20,3,35,23,89,87,75,71,70,47,78,72,22,31,9,42,30,81,45,7,37,45,23,52,50,92,2667821273,61366822682,26828591106,18714767014,58942076116,21943323163,55356261299,10766884955,16116981613,7885532108,28147055170,61407468001,4541821797,4701079300,4452510069,3961005118,2412826063,3442886531,1219430198,4906579790,2590290759,172773453,4115265766,3583190486,53223586,4220142786,987564085,198233348,2846296576,1361338620,588575303,2012689962,264311532,1179120191,4016682890,421577835,2159894785,1611064936,2738510694,4111520478,2687730531,4762884416,4815358682,3452500701,4290942498,3050124754,2904283673,498036355,3353813763,2593928060,383798192,4731152822,51357225,1456325826,2338218624,1914091952,1596538158,1683148399,943692073,4103544556,44754287099,35007619496,62517809955,44190984834,48377102298,47947785587,8467064687,25949741017,21450636992,14698250806,59151364825,53557245916,36573656148,7028508768,27821053535,32557470800,8.52,1.03,13.32,80744,8162,98230,79190,51817,74054,94207,15038,58363
web-09,11,84,24,21,12,29,25,23,32,6,45,90,44,80,72,53,55,73,91,29,27,28,95,34,93,16,1,55,29,54,78,20,94,6336185184,4960481266,56690109310,57000584265,22313745294,48127044420,7689028383,56864788002,10354065739,27873221832,36611785318,30413676538,1865085716,1888694286,344027476,4272087761,819563160,3907753650,4021886423,4345204376,2427537704,2514017669,4646343818,2479356278,2720792799,2309886184,4486674467,4956016260,2618147758,879681699,4505511576,3746888941,2350966020,2439414323,4623573366,21862388,4806828452,698224020,3916803888,3546350634,844515408,3298890060,4473092162,177850104,3765786837,4375335576,3942230060,78644751,3351705969,3380812556,1754290746,4411532694,545041085,4565873397,1648485510,1734592832,4492873088,3430051987,2620567111,4087876185,23170669361,37640994517,45031100574,35094612503,10712528923,55146160001,7915551099,56721462972,37613118354,53302733832,5339519967,61903126293,13755348520,18709280346,24669046758,12363504605,12.89,6.72,3.08,7922,11948,15426,3018,5266,70386,69021,71504,28044
web-10,0,51,92,11,77,0,94,60,8,88,91,100,93,18,80,95,47,12,88,3,8,12,54,51,95,55,90,88,42,99,22,21,58,16109651689,16191148626,58726084017,38005275065,38900959247,52938422474,38702709682,27871316607,12429485924,32222641479,61637426608,38309415119,4078716195,3156760234,1860128568,4120767798,4143553154,1461859481,3417957117,1940336974,4180297741,3715235181,672671018,13350104,4518821693,1695522534,2177213688,535852617,1458873928,4551274511,2479962388,1042040188,1930772690,2547283108,1318800704,544610365,3712020201,1603019389,401927734,4936128137,4319607898,2710733235,4909667764,3194738930,1895966223,4280901815,968254953,950310691,4257603224,1599560929,1653729143,4418859485,500423208,2571365778,2916708882,162089865,4510853721,3996654789,1012062985,4645418618,41001599980,47065611587,15545558456,33458988194,60309930795,10744320703,24204774491,28481218412,6697124109,52867508394,27211691752,1592554966,56745369842,43445329115,13461937749,17573588323,14.25,4.35,8.07,91942,40437,34595,16668,14095,59715,13142,57593,37117
web-10,1,11,68,82,18,32,74,19,63,57,61,5,60,82,42,16,47,98,77,87,61,99,77,97,28,20,16,40,71,54,13,88,100,5364650388,58806664546,46715290307,23472730282,29991020937,52572166142,39136914363,41686887518,59498056104,5153724895,40802509862,43157500325,92472649,2790478411,63802327,928653493,339415577,4031337936,17771538,2628870752,4022198780,4089814605,4785045517,591150364,2821748022,1234462238,3046489518,4003864523,3123286867,4600561853,1526239959,326245243,3824450781,3406801292,3893209495,4298421516,4811551396,4949007087,4624806856,1681915045,1816648338,3883819932,680782130,3747470788,2720523498,408620188,4053151870,1985713664,3294476552,1401193473,2308235625,4700572215,3789033684,4544023772,904355644,4902629094,4574920975,4131072736,4136714948,806654805,2922079868,63937757460,28940650503,32349267332,51334047302,52098346277,42880607871,27109293903,33504113064,43713617650,42535012516,32635160093,36104644374,37775688951,59153603845,47154043767,4.97,12.31,1.9,57576,4996,34541,98097,31202,20306,23516,18468,16834
web-10,2,4,85,31,8,53,66,47,7,46,80,49,16,74,53,98,92,72,96,89,51,9,97,83,7,65,54,13,16,43,64,37,98,5701966290,9661660484,58883923128,9943576229,15637116652,32160183310,51228245987,59409693409,11063848555,4129217103,58753348619,46761655757,4899950520,4279865535,4468134922,4033596791,4137828106,2082675324,3658993152,2530593954,3547040691,552725564,4372985009,1568878238,4715521200,3191138715,4964397833,3471985425,1600590217,4598097115,3295125507,3907884388,2837244891,2692112217,4104437636,1088547531,3498964480,2515351325,79804163,3936146907,3713788802,3672326230,1042544829,3640583946,2479243462,967621852,2886959631,2696822465,3059492822,2069052771,1255025418,371970168,4590641240,1012035881,4712943293,3121991478,3485350638,3265573156,4827133504,433600220,58585221964,35933413133,13522847954,29549216096,22776531942,22178495956,49601776841,56215199214,27512209034,6047219097,59229684274,18226527299,14119803629,59995178146,218334956,49092473824,3.35,11.35,11.45,39067,38806,14725,45091,2723,40676,93576,55569,34676
web-10,3,24,17,28,28,69,67,28,46,27,95,57,60,32,41,50,9,67,28,0,52,72,37,48,53,75,4,97,27,82,70,79,9,60599749137,36495475254,36861315741,58272725935,15145740009,30152163671,26326208436,13832259663,59024571010,51515700438,43925988548,32283607715,3595853213,2075988773,1848402290,1381194304,3741640168,1063503414,3169311751,1181670525,1568294250,458198296,2462968133,2706196547,1785850513,3074838951,4427410954,1402944571,1958318229,680057585,1582701579,2201616897,3577097276,3655238023,1363285114,3586382493,3659133440,2929433817,1931536589,1361301973,3000892097,3555669447,3676922842,1549568190,290638297,1950285149,758282534,2495301592,2841937170,3906367759,1711724884,2798468540,2936681816,832328489,1463373395,457666314,985862487,3060638698,4130641840,1136639528,38963203460,1042089689,59618794507,23886723432,37125868290,33440778558,54919819827,12467447094,45506864295,32785840471,17020079163,53185770017,32984213425,17323188157,2726899676,57606927020,12.49,5.51,13.01,57612,59657,65034,89026,49212,97137,92893,47264,20619
web-10,4,54,7,74,46,23,80,11,35,55,47,70,84,82,1,34,40,30,57,49,8,7,85,1,41,60,70,69,81,85,10,64,70,45023221767,37629121245,46855932143,38133816282,5273372806,21941802374,42901213885,29526478635,52718727957,17783603718,2594970689,10057447538,1368674673,2006330044,4434122696,4486571803,3655548065,3201875086,1863269428,1548621507,512720904,487261833,1444122001,2691871863,4310460213,1068581932,2043455024,4717954875,3063097762,2218496063,1025973033,647165594,4185585880,2145401843,726923952,4741221878,3837647636,1325207811,1611102173,4243606563,2213154745,3580880815,276206537,4473675232,2532873019,4701265645,4710945054,1334197840,3904913545,487003430,378546569,2748619040,2346889509,4128960071,2380153345,71170950,4642775539,2512680228,2220398136,3220480654,7498045067,17234486816,47974877528,17199373839,1840391360,24802798251,32072452271,53085574883,61938704176,30668889232,13972705082,59529714934,38793884289,6174852064,33205334855,56678135810,14.14,8.77,3.91,80656,25906,48283,21772,69989,42199,72446,10219,25945
web-10,5,34,59,54,76,62,95,49,50,83,24,10,70,75,42,34,79,10,15,74,39,77,0,50,60,77,53,19,50,93,100,23,99,35400080981,61744133332,12334507863,40748674615,39924055986,18528092769,8649507403,2298392639,5204169633,41481733856,47458434998,63217187899,2133686584,2161845565,509674159,1776738140,821350601,2957386288,2037005157,2773166912,1119097598,4890569662,3858636900,4761958683,2305723004,2530372147,2908705186,2480945507,3800595005,2311862229,3088189531,4275304568,1546864285,2352709603,4532806384,4229850537,3536624840,3216115383,3962482898,4189472478,4485388849,144075538,3614929564,1453773991,469592889,2408363549,3901486819,2172373821,631315544,3955776536,79433059,3030099033,2628243975,3836425714,952142490,4054673926,733682220,2808032058,689300688,1146523167,34449868350,35040030996,3816070152,31005051050,13452612583,41501531519,55294790079,62567221867,58740709772,19106426814,54433804624,40452725280,6474448782,11480472682,37004442906,25706868673,12.62,9.89,9.05,12092,47308,97673,2267,82604,2113,60448,60253,70438
web-10,6,95,49,67,42,11,82,4,78,11,89,51,66,62,8,83,31,21,56,60,43,90,75,44,10,89,47,6,35,8,31,31,94,9960842393,9196710764,62469347842,35878568644,11977864187,24343425017,35243692319,57373406793,36066936931,20936144268,11944345442,12138695599,1362664284,3769189722,2502655162,4092661318,961031928,2277684211,2016187688,2998714439,4235351832,1054945334,4023953732,2368962254,2183617544,3371402333,2443948727,3078080944,1389293936,510184647,2733356506,152261110,4984244707,3636792612,590901502,4307584632,938453080,234261269,2801780941,3815626216,1288992775,2631510869,2941960341,3546917837,2997375791,2860801328,4930284168,3965882812,105820788,3734001644,3498299496,1927119673,17687657,3619770642,4808035515,4708030670,2126188024,4054746712,730831318,1097764393,23201716849,44059283899,24706226919,25275942514,8959378805,28482470754,32891516011,5040762348,2429458432,27457725682,17707987885,63675435511,61174581567,29241741020,22570662814,52891207509,15.45,12.86,4.5,33641,45281,15739,22869,65465,1660,24454,15067,94569
web-10,7,61,71,61,2,37,0,11,6,75,12,85,43,94,55,88,28,51,44,42,18,98,55,18,13,17,20,92,71,38,67,69,29,63646935714,12968000523,15385634092,22578323318,24251353114,16658405286,15926854006,11015873206,48585660286,2001825061,1916253016,47931525951,1651482512,648303294,4219705426,2462298795,2643575081,1210252830,1220145768,2764021618,189012867,4031955504,4992962103,4462681174,820030230,2126164947,4868944862,659457790,1115338286,2813861983,164108810,3970025153,4277611159,1879079458,4356114422,3673020716,2234437188,2361479649,4477620989,1041886602,3616333624,2524499251,3370483052,2137536154,1977270828,2865089465,668204445,1896255343,4327886979,1447632095,1445934465,340029869,3370421340,4180537957,4667632874,4931855251,2932066707,8813185,834424929,4513433485,51318357364,2038770194,54821567200,15616434618,58906380413,25721997837,21370467449,38823774805,10197750713,7251428368,13586174137,45622089787,47693495838,50611081937,58993596561,3413098862,4.0,3.65,11.93,14392,60676,80814,65355,49153,76238,47922,84621,81903
web-10,8,65,55,96,98,80,64,84,77,9,68,38,21,95,25,31,15,14,57,66,60,48,92,34,59,38,0,11,85,0,76,20,16,11149026163,28383539561,42843236621,38631269977,44524833244,63938735141,21699044531,43427051410,55221396993,18958403662,4074606911,21863479695,4438056669,2756892773,4993222763,4520933333,3568963488,1768978058,858513406,4922921531,1420130390,3328395563,407458503,498773306,4128193894,2449088335,1195268100,4497881550,4216239540,576757687,3727738283,3630052472,2612125755,1355306389,2584356817,3759654786,3002976322,412834102,2013935128,2900481088,2909295942,542129605,4336060519,3219203418,1851271105,3560073114,3563227071,2708991000,138636941,3528719392,923652286,4070328686,4492593267,203004362,567162916,2723953963,2665389242,2994888877,4741052597,1760597504,12572417103,2764229925,4132946737,55920051564,33208230957,14376858466,3775214268,51896023061,63625704839,11934940488,27779193766,45074994841,4802440477,61888137402,25034390895,33993916826,15.13,15.09,1.76,19277,11989,53958,82314,16328,6990,24545,16645,74170
web-10,9,8,98,33,27,73,92,63,74,79,99,94,84,60,73,40,87,16,21,75,45,37,29,92,31,28,33,12,78,8,40,18,50,21111695964,58099053942,38004544489,10720780030,63827506882,17493790776,28757736643,26704448509,58933866812,56261795739,34728355400,35981635259,2395281275,3948175590,665837651,1633447789,3572460581,2575937890,3428819505,4096170295,2363230486,789535798,2600631202,448698154,3577087083,3600092733,464037462,110116357,1065581770,4584678956,742231592,3001500044,350449586,1489997015,4898562051,2014554625,705249427,3203762259,925237155,3872623470,4765311105,4333638396,4553549066,3511355990,2886324380,4406108347,1887129214,1330478199,3135860357,668499240,2966644046,319556934,818665587,2013011282,1774404298,2167095996,3165076958,99750691,1374453922,3292281576,59418348029,48897441253,22983678321,26018036541,57154654600,35071461047,6573200046,9369094917,5588877182,19424957732,1196380310,25564414542,56092412092,36907292157,46587354707,20929155507,2.19,2.91,6.16,5858,75890,39699,1612,61558,83828,40054,92953,45126
web-10,10,48,65,74,83,63,48,79,94,59,27,98,96,76,54,26,90,9,71,78,94,47,24,87,95,41,12,15,33,45,77,19,95,7357978559,2600780893,778871252,46606601729,13717972896,51548734861,43244158240,25424094419,41088926606,1605270522,40090951610,31735358902,303029863,2631903770,2034565748,4016142414,1495777631,2560888235,4830901981,4110537202,4242221479,1985698991,1111416754,1881382048,3028384370,3815666892,204498982,680210590,2810287537,2322161049,713565510,1485987763,4662016878,2254048672,3399434835,1931569171,2015429546,4404331930,3098794175,4131960703,2401742112,2327646384,3567561223,3724633303,444385593,2386779791,2825383792,1457774677,307311829,756081500,95183649,1570710206,4830494135,808464825,1151222598,1891330457,4428989971,292309068,2364682504,4725833268,45478159886,45614109394,40216331599,56261812704,51589125224,26318456575,13207195192,13623624349,13280595402,7299848827,42415687671,22147574250,13521142007,8439926300,46628297012,47963212094,2.31,8.8,9.71,11613,95910,27685,72382,81398,54884,28045,88430,83676
web-10,11,52,77,81,59,31,85,90,55,18,4,100,82,72,36,95,32,10,39,49,88,53,68,39,34,72,82,94,6,19,27,62,72,33960373930,15990908969,1016948319,60037018327,8659412152,4211252311,5289120324,61565681175,1939041452,8156760427,61749519942,39713491080,70451776,159277423,1849722978,4575010321,1907200339,2013444038,2852380221,1795967690,13919238,1187177121,1144053354,4000750080,1436876189,639983347,3534727543,2247065669,3836696309,4215469549,4544809379,4965543642,4433702903,2011773278,3680979313,614773514,3013155427,1069516453,459161258,1369697753,2659669003,1933257145,3026145847,668462429,3548658626,4212172788,1350586987,1226920629,4772636348,4580596193,1876283490,2391099806,2227054701,2581479141,634279953,1849501277,2976784758,4496080262,3539077973,3970290857,2684645106,4175421446,41089401165,33999986914,29151697388,20835743700,52445622773,1355712093,44769365043,40692625836,12675571503,51343197036,9862890559,5833546147,17572484710,10721570034,13.26,11.73,8.54,19665,77420,69738,29794,19345,69679,55011,8382,17974
web-11,0,30,63,64,92,43,30,36,28,8,39,59,88,40,31,85,10,40,67,70,52,7,83,21,50,72,37,53,70,91,7,62,49,22434955785,14212437853,41524518003,29179976510,42978896748,31631334193,1566549595,41111566281,24827174303,3798196865,41486544754,53918753682,2251624377,3366334375,885931631,4293136925,2498761608,388214234,336180406,3971140078,4482426693,2319813087,2888598993,4290421305,4000088969,4514307125,1064697805,4915081151,4652190213,3960250583,1348938041,1600970823,4452663642,3186784399,3668653178,1642264770,4060346851,2113186055,531104052,449478270,442957064,158031646,2876974002,4249223653,185700840,1243126590,3566157046,1041369945,3445608147,4171032949,2068774702,4289105956,4013977723,1532166500,570998344,4361639225,596844314,2604175425,468235623,2893375803,14655261133,5211953830,36057391591,26134631517,27046986513,25675564240,39657225225,33241950046,10460912139,471904089,48768457665,27502071403,32654392079,49202424065,36962286259,52661391565,1.52,1.56,5.34,12983,93528,80629,67284,25142,12386,5500,41301,33709
web-11,1,75,66,61,25,6,74,61,45,8,73,66,46,16,92,37,0,39,64,28,11,73,51,40,49,83,0,69,89,25,11,73,68,25606716520,53348798160,54216824129,40625338454,39803234138,28077887702,42829969791,48318913855,29479607037,52210467676,10632699017,26097870132,2801945,4955250645,2043626399,1198688668,2589293298,1086386178,944007980,4319553217,2446707116,3490947957,819277521,1751740282,1981113536,1360265350,1497092692,966797552,4857475355,4860233406,4344988421,1889572349,3164658100,1260843997,454332871,1317154790,2088030816,2367951823,39263686,2572249880,4455875891,4583846389,4094734658,4398849600,2670326520,3918753519,4190082287,2132649000,3238471641,2693867229,3360640090,1293957542,4624833333,1534497405,1889208568,2570244690,3739373526,2977851342,1551597008,3335679586,47762297978,35128864151,25668461439,60517235871,32085282829,59016786647,50473004797,48694676302,12866885320,62016945838,27215131490,1323819907,44220580723,8899790009,637204480,58925891557,10.37,0.4,7.15,91168,93215,79942,91454,99861,15001,58930,63247,53061
web-11,2,49,48,65,68,85,76,23,29,96,88,41,45,4,83,23,84,77,72,12,63,93,5,76,92,41,1,3,24,54,64,94,96,4769646087,51146799645,60931199,13568150707,43615575455,38095405685,30748791274,11834699328,35803604877,46277827792,15858052757,29525181651,3114214863,1705991326,2355245163,1036066740,542166029,2381917354,1652155363,3700841112,3691129015,2015972872,339485814,2166154817,1522083926,545546888,2929582736,3178935252,224357981,3348880890,1870478507,2731711666,1526123425,3446012711,3754757814,944251441,3878564612,3455101028,318989695,1402193966,1987892769,1660947007,3585053695,2103250718,840255221,1429150958,510030239,2328281227,219834947,2159840374,1149708080,4686657011,1085109534,2518165041,919956244,2411533607,4108086307,3100756129,365771959,3088482062,10685454636,50293448484,17530956820,9094150944,33917092374,32144520825,41620044272,18611384120,39984600942,23178801939,40348263217,32302455309,19242031249,36236173291,6112801320,973330814,6.32,1.33,0.89,62598,83753,43935,55543,21468,45246,78162,69263,43148
web-11,3,89,12,72,69,78,8,11,6,74,95,31,75,94,56,91,34,70,46,60,88,71,69,16,5,63,33,56,81,20,91,4,41,57046504945,16160427455,44439225472,42418282020,49173170353,56445829135,60858598239,55358773377,52215082492,43875891681,54861826997,48557225475,3385803295,4748253152,2888415285,316832110,1580570723,77877727,854650266,4920288829,268015668,4352212193,3158330231,3023144426,3113129126,3781402397,2525791355,3602531766,4876674886,3232126413,2991489798,3089485221,1544279624,1952868306,3113725026,55590844,2205933416,2870108647,3477889724,3453654526,4625430730,2828187005,974634821,2435750408,2686150636,3240413399,4060104276,1582604048,2841379407,3467888773,2491889846,3686838290,1127862114,3365573736,221091909,125093104,4185046707,4603025945,261775216,1618467843,46099684176,15201445455,37014485658,9508383291,3060336071,53901381862,38695354514,45267693536,29510574369,11881816985,57508064496,43949884960,44404193243,51780051572,1695952231,37573652691,12.23,10.4,0.16,35789,95162,664,97102,90974,78997,91412,48751,16484
web-11,4,73,68,88,14,68,11,80,60,58,7,24,25,56,64,37,30,66,6,25,33,84,24,36,0,89,55,63,26,100,50,56,23,41779435282,5837759463,35956922096,10554813224,24588181974,63611202312,716434534,31198682876,31192358121,10832488192,17409592025,62115656601,3138431083,377732737,1860218365,2153619337,665407544,2840127998,2342329555,2432964168,4537372047,4636403647,650037307,203703381,746278673,1757088209,2402695804,3673597071,4597588572,2185261837,2083471287,417365905,6298981,3743307799,3827604131,4598977830,841719433,445166107,4156669541,3131643223,1185784034,4841734120,1653874584,4894212888,2421552613,890809750,3256489642,2913167318,4988572151,3485273708,3639892585,574813229,925790765,4894483715,2235124680,3713278694,1678031154,2150441152,1022932153,4304084543,44055870471,2847564417,11003999090,12180895948,14622427580,53490567227,54952194285,41608757374,20283576454,10878157129,43812295832,36526422276,53922788610,40212574368,34318652961,55631344496,12.75,11.52,14.94,11181,22032,28609,98157,45392,86299,58441,35858,36090
web-11,5,2,82,46,9,83,85,17,59,97,43,85,9,77,64,59,54,74,51,60,87,12,89,21,96,89,8,11,79,41,1,46,42,594210067,42744110885,28006903784,8873237400,47342146122,16228138467,3903023246,32991005244,14353055303,40380604944,36061427276,46247735307,4531176729,4901648940,429339451,1040719945,3685541367,2210979314,3783894985,2323624565,1218048849,3182625960,690111802,2506060891,1145880010,1031386211,1323676947,478214716,3563783645,4264989174,4844141537,4460249013,3878298449,1690233106,3773674012,3046441426,1425582689,3728163487,1382196841,1710614635,2708331021,1601146172,590037858,1708979993,1679925599,4264259161,176390212,4623844015,3644936357,3647867160,2153999138,3581703853,538080679,1834353142,3741913614,3714077554,2946098403,1460286937,4804082593,4061650954,57713332294,30361695766,47079184010,29777421877,25820562540,526495131,3041210763,52784992113,1248788971,27031590660,50397512237,11341739855,55590773674,40101745870,29887969672,39122274462,10.61,13.07,5.59,42579,38690,29199,2396,3014,34527,23519,96691,49874
web-11,6,94,66,74,59,49,28,49,2,96,71,22,61,59,99,65,18,24,74,95,31,0,48,7,36,40,58,45,66,75,90,43,48,22794211608,34036691866,40413369705,12263055216,38561014140,15211125614,19346421104,63123815904,1219334866,36454687469,44471578787,53180768798,4463212215,990167961,540603258,2355480119,1655741343,3617664088,497982138,1900884982,3349168556,4460385722,1454709277,2571951408,3286867154,507899048,2143135301,1379436656,4672114470,3979248053,2364800682,4082696832,4288001398,1285515023,858706234,2010589917,3634402274,2848574716,2722546540,983835571,4345884625,2523208742,3760674192,1110635476,1599072075,1775802847,4111030839,2034248444,471049349,2017824465,3271025404,2040283470,2397513778,4472425319,752129327,3881098670,4311152452,76356043,4122332947,3619197466,34648198733,57744219900,36842557793,63872672802,39472928333,45838795951,23827577023,28748519191,2516503101,12171733876,9863309710,9440039282,24129042661,12129024800,37434522745,14850257515,10.63,6.55,5.54,89815,91212,37934,87218,12437,59642,6406,45643,14315
web-11,7,77,42,75,44,15,100,5,17,3,62,49,30,65,91,57,86,77,40,57,32,81,5,66,89,2,75,11,44,93,26,37,29,10802484541,33019941393,8099919278,44028430924,46874306390,23599193268,22588655382,565192127,24498590987,31192870291,9311381073,55441491057,41388496,928877528,83464236,2992411167,3630545344,2613722757,3473172655,3564973362,4104730129,323836087,1118568129,3361358068,2905084645,444609665,1670653557,4284068587,330658821,947292429,754711623,2093524338,863065707,1295718590,1512428177,2994504001,3644621225,2617293943,1768360248,1649468376,1048495033,2243102892,3335866851,2230610943,3145419689,3218131030,94903536,2574563035,3782425508,4254830689,783055815,4739026973,4278133089,1759448775,706682425,4884316381,2555603828,2902120206,1689819701,1931430739,17586893316,46943587869,17408914482,46177262670,19515846434,44935660742,26148098815,33556368804,46892955173,22622849354,38310699899,41660281675,63625906068,13327495629,25600168085,27115543719,13.63,0.59,8.68,32677,94384,1959,71995,60164,66788,46387,46435,43492
web-11,8,38,3,59,13,83,62,36,86,42,69,13,27,32,30,73,76,2,30,97,86,80,86,44,42,62,88,43,97,7,14,82,21,651887661,19089699710,63369258315,60428848724,45099584094,25486747766,59326869191,49249535129,30545282990,58802634858,10164415551,4857623113,2721892956,3556159098,2700439744,715354125,3396259536,3476199300,1168277223,4722995798,1985730853,4703029870,2507276588,1122607065,4809867021,516766460,2031904404,4989315079,2832625566,2702460331,1685535619,803358193,596290968,2076832089,1289081056,3462054298,2401991645,1823365454,92313705,2970356939,3105523644,4198969968,1231602369,4037594144,1690663593,3697123303,2564441243,3354163022,2102626115,2332425262,1458500946,1775063622,1715348687,631805678,1439216708,780166311,1897998687,1550313758,597237148,3302113686,9597188295,53672741028,12303950754,39576408737,46865679355,12837392797,33006768592,27215821658,15146542314,63580316966,19381231528,2418453569,33258950914,56619887256,36421054167,10147226274,12.35,6.02,14.01,59633,88922,77149,92877,65535,34128,3630,26816,37485
web-11,9,71,17,24,18,98,70,49,16,12,74,52,35,73,44,96,83,34,86,61,65,100,57,74,100,92,74,79,86,64,52,37,55,12190169852,59120941315,33783253544,3235790421,1438707984,51416447444,32429144515,3869663724,56952155095,17499592747,37245306052,37620219831,1648120620,1120966524,1286825523,113127335,295046190,634910403,378213952,3629899919,2330698493,2467846352,75022795,2574590574,4106134462,3901045228,768965612,4763919924,2103749318,2152230684,4644300339,458848429,992687633,4219991873,4967992533,4373721251,1682161184,3993390135,4431235323,66450846,464286104,351259544,3970770733,3471638804,1325831076,2515988402,2276018612,1582083467,4847274528,3434457989,4091612123,2295894312,3688446883,2375056173,535894122,4981028891,1427315280,4596656299,2344755471,4608979277,47270960668,18417351521,536550236,40216993190,26819772048,53499625604,47280016503,36466031859,34731009062,49469075700,4234591473,39345789635,21923032958,22591567420,9053836824,61833326098,3.93,13.43,10.68,66456,69429,96410,11151,29319,98385,40977,96451,43539
web-11,10,67,87,60,2,6,65,13,75,10,96,27,45,8,45,37,91,57,8,80,94,80,72,65,72,85,59,59,73,20,48,46,34,1033374063,57559510124,47609117009,59654558382,48749630893,51606468309,33689771557,53355364461,15008133828,48474842027,36247515453,13617301375,2960002425,1027118085,1385252418,4687017080,1925243238,145122632,3398597268,2567455912,179785538,1133446899,440317811,1940921155,476819576,1055926663,2431171212,838497321,3332124841,47471089,4835175649,2326520445,2059250465,474609050,3642075580,2538608172,4436013834,2126539475,2961041302,4169573744,759553080,1706092475,418574777,4578787169,2154352387,2232441851,975166383,16593780,3001360974,4412110671,259202885,2945678361,4778283106,4145761903,1718000992,2987093391,1038619227,415610350,2129303140,334217070,21520011680,16363398555,59080519695,44281683464,48610189107,4291424675,60626343149,54380419863,3203577275,42964212761,31706268981,24456124493,38880001491,461552482,49306206859,13588237259,10.28,11.77,14.62,22694,32211,25500,10369,4393,64714,80469,22827,56193
web-11,11,96,29,31,90,61,46,20,87,33,62,11,15,5,27,84,11,59,6,82,12,7,36,94,40,60,45,58,4,78,30,63,96,45891878050,35770402694,10457612216,25893174303,2531412541,51206705451,45761089741,7331233669,17670603299,26675191648,11016950881,60401386672,3079779007,3570507303,4285358401,1246620563,1950468369,4122191250,3431388572,3386370801,1437549471,4802643255,416265430,135912216,643140304,3154686098,4052582277,4157297991,1396529095,3468335539,422178591,3837436786,4546948261,1809224931,4723056670,525343698,1302865217,3060047904,3416572805,3016479182,178463771,4309211897,1729426668,3575099580,3748271050,3332579463,4961851817,2356405345,3605022208,4912326010,3013249041,4829139865,745193781,4553883054,2150615338,3573808969,4849776485,3739682768,2248926173,4683365913,58017649688,16355416031,49896685548,20398631627,55220984908,26185323970,57303149926,5217708868,10598139249,52257902624,21504825735,22252944571,1216951741,39486157776,59507650414,14000831151,0.47,3.54,9.94,41294,34890,75673,45404,46855,26709,24558,98321,82373
web-12,0,45,39,23,26,24,27,58,84,70,54,83,93,62,3,72,2,44,55,71,99,80,69,34,91,7,8,41,94,75,19,78,71,2559530161,32809325735,51232308873,61442273616,3765433883,46443000278,40034366113,32626097383,35071592509,34794867519,36883041781,56471629973,1605956498,529871759,4569282185,4203932655,1316147738,1485032776,2543931190,2038697486,3942836325,1849969178,1638821809,1070398851,1622911947,3522771420,4060838072,1983733692,539713455,934518177,3372746987,4766884710,327100396,991144576,3838988183,2601745601,3963820985,1298359488,4358778070,330181000,4315734072,4333022487,2986979620,1934342901,3224108684,3662764872,1942779134,4541602441,1278469083,2767039908,760268322,2231291414,4926143425,4227512546,2401056555,2038083701,2764461841,4320915747,2639420352,1202923557,45670199861,1144128799,10442772507,30782386682,381154423,51705765831,52922307005,63358357205,9089459571,1468900028,6271813842,63465137297,45430462096,13982216221,55713570220,22323345459,13.78,5.74,1.94,9186,14286,93424,36627,79386,85835,52863,67078,12968
web-12,1,20,13,36,41,33,26,59,24,89,72,94,49,30,21,68,95,76,69,25,32,88,14,8,2,59,62,98,78,18,87,23,21,16882184034,14076488215,54879510512,62853468678,48989934193,51616440298,29775430107,2148890698,27756458664,35062805718,39699877757,4384723321,1501494399,2633491626,4058543394,4443054351,71992403,695501433,2887394266,2062902732,163255424,3060054298,2618393945,4658823200,830839041,1193921781,1119275862,3157524268,430345843,622419214,4163234351,2880538131,4767009430,1225958569,2252544636,3319513815,3284876487,881393288,1224133190,2406717589,2406403583,4761474506,4388154038,920395909,3342594880,3346052920,1299541868,4274403007,4076674927,425118607,3100701618,1129023452,1461129000,1470748092,2597961294,4941564331,3959120289,325097233,1732547805,2409778843,13101102543,63898929079,6106846703,49083708106,44255464493,2574310879,62627033155,48266854346,35763181301,27178803713,47429244705,41394039821,2338114672,39351824509,20489153496,62083806140,3.2,7.65,9.67,2630,45729,49620,5425,35791,77095,26281,75735,87505
web-12,2,26,61,15,45,70,98,73,90,40,6,60,34,19,93,96,67,65,71,30,1,21,97,89,36,89,80,65,57,88,26,73,26,5967868670,61198973278,53833296393,42938733101,13475433312,16215035505,13303308728,7529705018,40271857220,13831098797,15214196774,44162247678,379135018,1312358278,117758010,1167758646,3696288310,1308136154,2954677599,1553922112,2342547066,3783570822,1914945044,3165983877,2313016154,4986553870,2183543807,3510936698,518502976,4191115684,933882911,438499889,1023397155,4257804763,4466400066,2795006785,1638776581,2232030141,4224140232,411446785,4901755046,2495059858,1872331078,3336738461,4164051479,3701534719,427986446,1674476400,2096560994,4511267924,976974350,2787197843,2715163030,3981153810,2785916853,3483991246,709136742,352999601,2656480566,3852449904,57657754481,6983345280,61564480485,55636797009,10553905190,34293672884,28445258099,57676306165,44843708794,24300574198,52768739750,1566296711,1641779643,12294847330,15770298660,26115965208,0.11,11.76,12.39,87213,26898,87313,4322,22587,65544,81115,9085,78726
web-12,3,35,0,80,51,39,78,42,64,86,52,26,16,53,25,40,55,59,24,48,89,91,51,85,91,3,50,30,16,14,79,69,19,28763294557,5217861564,13563216816,39192423973,8599065810,58732693834,49073862559,38791832734,34769246528,15574077566,2673779616,57254060859,1639271537,1611243045,3457263771,4048493272,775269739,2206039449,951213147,3732221101,182014703,4711820196,4910208817,2588509318,2790215318,4265308969,3237129981,2905813821,2954396189,1235727186,4119586901,2307754639,2113306403,4325943724,2261997257,1268580750,81868760,2710156025,4623095422,1845154124,4782095463,679706280,3699595,47624997,456956561,637029028,4204922187,1884596939,3041512945,2536029029,4295118957,4069641622,2452073248,390550962,2708550243,4782212833,4008048919,3343588200,3515138224,4339685826,47851335919,54883888236,36337579689,28386318476,17593335313,23904809706,1341197529,14718001600,38125480948,53928499487,14342834288,18480291207,15392139348,38786336702,48954170954,38980845921,15.89,1.97,10.17,30509,80833,64034,35644,3623,56480,2399,43699,37301
web-12,4,8,57,85,70,89,95,2,26,23,34,80,52,92,40,21,18,38,76,71,17,28,47,34,67,0,36,43,91,51,94,0,73,32734363704,51568752362,26500371908,32747615110,21089816600,52773702286,39297722850,24144012298,23845962330,47203336088,53690074754,59323405221,4068952738,274325306,1907012431,2222670014,4079034579,2272486041,3329791894,673406141,3202229042,4900279819,1848416571,784549589,3823169219,508491801,1191700005,248081306,2570529909,1681882756,192815821,1308697036,709338915,1561126065,4185150601,4110247045,4782583915,4636205994,793963442,212753229,2482603330,2611633636,2261530527,3360785520,627983903,309820318,3874862550,994199157,68326474,3365247236,1476841577,276043884,2770052383,3380381102,1923693669,1186221533,1883305354,2212003619,1567491307,1607998127,26236170987,39778566455,49103865319,22612350375,40843177071,37266823858,57397028343,63546204023,57454749702,14801118219,2216185835,54661839111,8727753112,13260315134,36163600708,6774763213,10.94,9.93,7.0,52186,91747,46980,39834,40516,43292,64728,67918,64352
web-12,5,85,45,87,53,42,66,0,5,82,7,28,31,81,57,91,16,3,26,100,35,39,22,37,22,71,65,59,60,77,25,82,34,62978242420,2251246080,27509037162,50369429002,34219192558,43853936420,34506536913,36311932903,4078041669,26426375663,53154757361,48820530517,1129440538,4515982354,3642572655,3690216011,1954673187,4002987342,723253498,3086024258,3171523169,2928884185,1002997712,1850580737,3414279057,2126430464,2044184148,3633223248,4656650943,1298824565,361114214,1251449629,3299559919,2602145285,151432038,1506315252,3543366582,2802803773,3151598928,3289276095,3217355028,4606974478,298842773,2446348210,1157606071,369997600,4917457878,1961098883,1630559508,4865499186,1602448202,1047992814,1537575753,24597639,1933928172,3179134483,2062187326,3738322623,120003202,18774285,20935270493,63516970785,55093297409,63023215027,53877293263,2746772317,44702500084,55188859341,1380000172,38569352527,20084418168,31244723,58587644264,10951275284,50254755859,62957063578,13.97,12.89,0.57,41961,14705,68938,21569,15301,67569,18803,43201,43787
web-12,6,84,24,50,16,55,51,53,69,58,63,3,4,33,58,15,38,79,15,60,36,88,28,17,47,64,53,8,3,24,85,99,4,63019600938,9269426792,57367243429,13852851703,3508186876,11165767639,23919022841,3257089191,18847149315,6567802469,63928630327,52873043000,2880755786,4148475396,4274215421,3245946636,572650367,2720526042,3148492781,3048742851,1529892349,2351191235,4131358247,1211568740,2556475306,705192564,1934741334,555245151,2962142119,4826908526,4286043313,4622416531,2911257193,2416767101,1745489680,2477954191,4493258417,2703022168,3163713052,2528178998,2958006540,97053197,951304509,410601325,260389732,817287256,439817253,3926331793,4472497444,3309240238,3472142462,3428089802,4506036250,3129567051,3367797826,1903271713,4655757983,4594784683,1080705167,2803249864,10786949206,8085348859,44199274264,24670360487,34775317676,39639187540,41527327013,7882717657,23283565215,60976953654,49218368772,60235851188,10205656371,41267496978,50971998538,19800091611,6.54,8.3,3.07,2088,918,79975,85681,22784,80560,85925,67747,63181
web-12,7,57,55,4,49,30,67,0,76,28,69,90,30,45,22,50,69,36,98,44,51,12,98,68,67,35,18,63,93,55,88,96,21,42142220012,38037123168,46678044784,23568845957,37126416059,46203823986,59531636395,48336042244,58234861172,47365795056,26001481886,58035300650,1831002716,2505676530,1257514483,1816634092,1330715162,2511031270,923058758,536042874,561516436,739693420,895248202,3760677166,1697767490,407643216,3815595771,4536537919,1268728840,3945308314,4727788110,4809726036,2964300939,3609964824,1983826413,1022275404,3171715886,841341877,285907167,3825306418,2064841377,639182600,2009586946,4515639882,2478849007,4371872775,4807064188,3131942057,776672253,2266919463,3629628423,4969649595,4034195792,3799737197,4916710908,2545521797,3769715571,2409226338,3265788212,3844107032,8082200900,51416333895,18211184697,57100573765,1329804803,44189854573,39369798703,25466820725,4023031351,11012394163,33985063302,11535688776,60843250041,41236323972,50890885631,32740680772,14.56,14.26,3.18,65592,44890,95623,50658,3654,79512,45486,55668,13881
web-12,8,61,28,16,51,19,80,38,96,77,79,91,2,54,95,94,22,68,63,6,21,9,19,58,77,39,55,41,76,29,37,3,60,14746417297,2093166192,3999995032,60509405492,12273459521,55802189992,9167084523,27573365469,47773140472,39095826293,48195123580,24682073037,314391144,1713870292,2597545768,2905325814,2481145016,2882408799,2734500102,3771758747,652234600,261864933,1874504494,3750305965,2579261302,1471444469,3604158554,4101912352,3599972927,493353713,227967832,4857688738,197756727,2795664454,6256006,1906913265,3382138282,3616921629,2520050797,3562568804,4515875489,4065176341,1499799957,936950328,1291153198,3619195095,4889181732,516211418,326086135,1052086658,28285439,3855238761,664599758,2883995611,3257833678,4755692173,489688241,1880584163,4225268822,1308343598,30333819140,18979183974,34676850719,36651306474,11477162623,48960778686,45073604467,28707120798,19238900670,2359516371,2075276097,28650394677,48515418789,54967517737,47554972618,56949226458,3.65,15.11,13.3,68388,6155,26860,2567,93427,90182,44618,57202,54426
web-12,9,45,29,2,7,47,58,72,78,19,23,78,11,24,88,30,48,78,54,97,51,59,82,45,7,89,5,52,21,56,47,27,79,44826016311,36644275829,3672160547,4133442590,25313017674,10843049603,56045738620,20014904530,53481691980,54294790295,759631028,9807539130,4719497540,1861811144,2728073362,884532403,569997133,4959425490,2961242820,777238679,2391342998,4109057116,3007760249,743917152,2506660747,3778366065,3734708026,240022060,2298622493,1452984654,1251705760,3584168495,1073365204,1601929195,1607095283,3713610330,1853419364,287718479,2612075142,2973554620,1166790010,1782080584,4129721961,4667518777,4739707154,2544138025,2659325689,398768285,2171968856,747615241,4453483693,3167158590,3177321002,1168911240,3436059400,3907709468,4075438993,1018094547,2393003401,1863124598,16108894495,63634907506,46811509270,44538142505,13798523042,15345077759,43112162948,60298381718,39797201930,54582801528,18813618152,10705741490,27850086501,53239531483,28472568126,46410443677,8.38,9.41,10.82,16005,43739,24997,2366,55312,78866,24805,32964,96876
web-12,10,85,19,41,43,100,94,34,66,74,25,89,6,59,10,40,60,61,21,7,65,11,93,22,78,58,66,22,85,68,69,82,11,49200435012,45831936368,26188102795,41914218934,29204948618,8996604968,29940535344,54526869729,47417350984,50598633909,19799041223,41229432653,3347180754,2993883630,3908738683,1559129018,3155222058,445844904,4868177918,75727309,1556984749,601232399,3163060464,1339282048,4968780213,1543239368,1717915122,782534058,3302458715,553555925,1776655702,1563523900,4035568604,3597670284,1452237107,4876776260,4754782969,1360771469,3294594683,4465203209,4365009490,826483318,1869674643,1628319272,956157528,2066383564,3575189523,3320794357,2268224392,1834290725,1662405168,4210516016,312653151,2140041044,3484539627,2203908263,1902428975,3393427651,4252354962,3387388303,43116425670,10803025310,4791331365,13396031778,19011888451,36769538267,48100789676,23977220696,9292612705,5934401840,40847469687,28517400258,34213086549,51880340230,33244646394,49309292632,3.82,9.63,13.78,70418,16360,99239,49724,89715,32266,62324,76113,20353
web-12,11,86,16,85,64,44,11,20,55,44,83,81,15,8,12,47,20,12,33,58,14,53,23,16,76,12,26,75,50,63,70,64,71,29036258725,49765486627,63803649253,60149598461,40122471595,10678344480,44874666366,45665577358,40621355666,5866092721,25638196571,6141914778,3168197265,1819980802,3662399834,2753711577,2076956095,1673532331,2474906402,4997303236,3458716740,3117867703,1645786815,1054128571,4263159293,2168859025,4707380644,1499869487,4978331769,2790239510,1056830421,350820215,4807170566,3529837731,3360558572,4963320315,566454365,4477607878,2071664232,3853905784,2379738536,4198565309,2491032785,4789923397,1918941873,1996132018,2051804931,1379684241,4889050930,4262699828,2191291225,4466931443,4402393441,2617696653,684183219,3070613191,3743512913,1500551289,4380697323,4589115018,21602454833,60031403926,22110596339,33546670011,26556278403,39473981593,39538365487,29222597521,4743529901,16314138440,54819084108,15814597614,18913884583,61107504765,20536145882,39610591722,14.53,3.9,12.37,95950,64731,92233,75701,93061,59444,51267,86752,90306
db-01,0,46,86,17,53,76,1,5,16,71,13,82,26,77,13,45,60,0,22,25,66,26,32,87,50,0,8,85,2,40,25,50,15,5492619845,43556465972,28134926649,36497574004,58037366022,26569862400,8532855642,48177312358,42703131564,28510050324,63230823093,7628957497,2697925726,1603301852,455583671,3693369253,1427400900,1457696997,2818410447,3031651531,2152212505,3285892399,3456277600,2671109386,2256194410,2936704989,1175809171,1601163838,78844444,3580782294,1194189169,4329926596,3762366402,3773271540,4649384181,1138994267,1328103587,406158042,1535477712,4509615383,2449820854,3955075292,2461689038,3990968780,570671968,3433595259,1710861728,321379969,4055251524,3224686657,937942781,1375409989,118167713,2854339089,2016195828,2830011488,4884166464,3958150514,3471962254,2859674263,15136737633,20361589414,55972040714,19081328707,47390551109,60547442449,16442303785,1071334779,51585041995,23798978887,17083386931,29479516941,45191205377,6815000130,10457966427,10104884090,7.25,4.48,2.64,33381,84225,98265,80336,49366,64168,98804,80687,77749
db-01,1,4,45,75,61,74,97,32,16,30,13,14,64,10,35,15,94,64,6,96,54,50,63,92,21,44,32,40,93,20,74,59,71,6676423684,57905199332,32729752192,43996498465,62892426229,47559352624,27081459414,40029733439,24458295855,57238275326,46079202507,16676440659,948270946,691631499,1802493468,4741878404,2289277577,1171355970,2811756120,2574823412,2901697291,34776830,427449397,1918615407,3794728975,68333286,1901245039,1194851275,4267330149,3865008820,2397499073,4431881853,4018457397,790580440,1321286070,2762232171,236350327,3294650209,789920088,4091694772,4673578056,3390308411,1026521116,4993324157,4239187050,4719726227,2806640056,3786081051,1984197932,1842972575,1919574106,1892155879,324227860,4885785209,1078069187,495585705,4271983017,246370339,2377628693,890511062,44562716545,6691025168,1028344424,26075672245,35795914149,7307630868,54776768952,32524189714,191892542,61041102467,40962089342,4940575233,28210681269,12805409256,20379852157,34137600350,4.98,8.78,0.4,43551,96150,89834,69626,53938,29026,98969,93809,40588
db-01,2,97,52,85,61,61,72,64,71,32,18,54,1,8,3,49,25,9,92,73,13,26,23,48,2,30,64,47,81,73,71,48,48,20707225058,18713247478,22050408439,19173609875,30677766307,48659901826,47660084673,50551478497,50612797595,44715672553,60164657351,48156261639,4266894332,3951301768,3462604770,472541283,4052262551,938439910,2697365000,548403074,598474116,100843686,4484996255,2825997571,938372062,1766354210,1404648058,2805265398,4372287763,4111480778,2057108740,4879069844,4404888179,2194723673,1485710878,4635939015,1000644309,559310497,3094818594,168080437,2984729213,2865127618,913307245,114202741,2265060958,3877895252,3943376384,3431509741,3498230342,2134800515,2249434343,4868005393,2613433171,3356843023,4823460244,2352632844,3925039476,2718341413,678233456,613279969,28730509532,23599310193,57058963379,12673862419,22884820971,22733227395,12621256169,11797109596,46076899652,50896448712,37067201907,30339984034,36037461009,31758522037,46877604025,37836190624,5.77,3.77,4.13,55197,73323,40179,99836,18056,19416,28440,34979,2945
db-01,3,76,98,99,55,87,51,91,18,13,86,74,27,50,51,69,84,43,47,73,30,1,46,51,92,83,31,100,75,70,84,50,11,39163480643,18181312613,7039623076,31665485876,1281145260,59241796680,48836544087,25867647555,23906159109,59365882782,22909581804,25983174340,3392117536,4779566801,3440018506,1995876532,1295821466,2230226117,1143525805,1029932218,262019979,3496491385,2923347273,1001341287,1337962689,4932000109,1900390093,4619075618,2779519491,3435766032,1696237661,4267743720,1828147675,4907626603,1765989368,3512956561,265851002,3592629238,4865338563,3755450350,4820823055,3997418334,4100228418,3398871560,4056942072,219986565,1700261500,3798067534,3653500692,1791508450,3684833575,4749503137,2894698648,3077841166,865516796,2085084325,4924266808,4175030601,3765127137,3890649302,44849327447,12169281224,8897147547,24175894031,60325595372,5278596145,32098337588,6069900341,57982695553,30127616686,29683624482,37170465389,1330341754,19195542451,24610656238,56898633393,10.57,14.92,11.53,91220,77550,89033,13771,56645,43578,49481,16020,29731
db-01,4,55,18,72,94,62,51,56,61,76,14,26,42,75,29,93,31,15,60,30,21,81,77,57,35,44,89,22,41,57,28,42,56,46443722719,15344192509,44213103216,59932755075,50093356906,6110811486,50703706052,44121596844,36021546721,41378973966,11739757156,36944201597,240916608,4515139877,452435950,2381305525,1924338923,3330065175,2752203631,2762028225,2970658242,633908572,1082827990,52827783,2054664869,3903979958,4242845672,9690529,2312187779,4726077990,82286232,1954064878,1986351894,1269658756,2378683528,2129018503,1626253841,2651743415,1594559234,1696594031,1702572795,2599496254,1735817078,4282932953,4156105309,2962641791,3080201029,3659704611,4279290158,1073903718,1228716742,1930964883,2262154910,882906117,4810137529,3087869714,294438675,4977951764,1236622877,686126172,58010454806,34430055022,57719243523,38965447506,6532834378,43909231555,6895777763,603171471,18743764276,19613421305,23562414713,12870972736,53755252094,38126829637,55889926028,8389648854,5.19,3.04,2.63,52926,59329,85590,62607,73515,33909,34259,460,35606
db-01,5,56,68,55,93,30,26,22,11,3,40,20,64,12,84,84,91,94,30,33,32,51,76,1,91,78,69,2,22,90,80,63,39,42464283765,11626128619,54818011305,24636863258,2483175403,31257462188,1450315375,22029373549,17868265739,55062600458,40366805962,33766926323,1809764094,4293153187,2913920518,2102901413,4644472116,2918705540,520044462,960311169,2424531777,1365652729,2663652795,4691066998,3785329359,1245266492,1535731038,1384243040,4662723330,1083246621,1444605220,2247801381,1546821506,2097151042,874083128,1554921911,4978532953,3254488481,1961955446,578588898,3438715307,4337707405,1806310958,2855100207,4360800365,1647049130,4060576899,118810020,512885746,1810151679,1455173684,1360581112,3808988727,716264872,1330618894,3207397795,909574523,4943477764,69259987,1360569900,49283631900,57438699726,62460781513,16029913992,6842771899,21124357255,25797123006,47878076048,36358685646,3452059260,56292753876,38329794556,10648454521,60300784327,1356201775,61242253226,8.66,10.01,11.08,5914,52568,87433,33750,21494,86478,12400,15240,96220
db-01,6,85,73,2,98,71,83,59,56,7,35,29,77,72,76,51,82,63,9,19,52,16,83,54,92,82,92,65,53,83,87,58,49,24737295890,34695737039,15101254262,61769721364,8639379092,21418128533,48104415208,32189412574,33131982410,47751158002,19104279231,2163204739,4555767065,3241063216,3351822440,1583971244,3316893101,3194819731,19183737,1703469602,2674873504,2214530537,1478201789,1643745090,1274139843,125683668,3340135698,2267995170,251552172,1453358874,3138704069,3728538549,2569650222,3712483056,257668628,2683539621,1204579303,882520579,664542357,4054182546,1603663887,3994983450,1303803661,3727273154,3138381723,4098409723,3738067364,947098765,3705423575,3891560340,4956838926,2824203736,17752931,2300497394,2279535589,2243732324,2895377779,452299008,3947961393,919030163,5600642624,61510318381,13142953560,41271467454,51447287338,63312156473,55734767460,62524511565,20845819908,855918084,1674312142,63573482832,35509359145,23452940683,1550080470,52126151811,4.41,10.4,4.82,52548,81402,59403,13347,93069,73248,5802,79967,23782
db-01,7,89,34,86,91,47,18,17,43,77,95,18,36,77,6,20,74,74,42,42,79,42,53,52,60,34,9,50,76,87,86,49,83,16052223341,15983764370,36919180286,21099834356,62722891693,31529423201,10709983690,36862781473,43726066414,39668330383,36137227047,16395027587,2899761563,2964525697,282006964,1221705420,3907823205,2640528773,4392923756,3730249302,1762113780,2967412821,4438438354,3173229979,2665100825,2788094870,4361058155,2369581978,4595653601,3463887295,2860033215,560222417,550977410,4411193959,1154907547,731689360,3598298433,1245034797,4797667798,812322340,3139831708,3169646185,1440683804,2201990739,4728724121,2608393833,3597604747,3013509213,352965799,3830105443,1083605033,3299786557,4903695482,1444665583,140624465,2815694323,3651182521,3745315014,4867120961,882113317,47598828767,5448581330,62970124846,55819737599,18545624960,28989474731,47553265438,49761055010,18515567311,16039782539,41473560876,38711088926,48904017869,1103798471,2630411974,41616243509,0.26,14.09,4.54,29553,5538,72259,62253,29407,89317,18722,25541,92285
db-01,8,50,4,34,39,94,72,77,89,43,60,23,60,12,59,83,68,97,16,75,21,29,74,44,46,61,46,10,32,55,95,55,19,15887739025,57848651300,26140329666,59683382821,35109249743,30885609584,53014415917,36168227460,63906617554,58579719878,39548259168,27689831473,318304713,2733404508,867204794,1898439824,2308105448,1452916250,2275185413,2305148208,30890932,3193569099,2980823721,4093745648,1420820787,110781694,4812349767,4904759229,804159687,2005839108,2113181051,1048240935,3892375647,22077863,4526337073,2419574589,2950848387,1664767740,3065263653,1473263169,3400331602,4434727347,1186130188,199203765,1427875416,4432435740,1142963373,247190314,3927344199,3803885304,3426837337,2605204139,582546625,3999912534,892662283,3007111974,3862206458,422097783,837704559,253214695,22477371355,44255170739,26981017187,45492533299,57620775785,56475778969,57340835890,250559412,61815325069,27559617388,37153634673,4084864296,44016965403,38529801940,11443273585,60725098976,4.95,5.65,2.36,28934,58686,84870,75935,81038,97860,53918,23386,28715
db-01,9,78,21,78,62,25,97,38,25,28,56,53,74,44,8,37,70,31,74,18,39,37,31,79,14,21,67,18,3,80,73,65,60,30505612048,15913899355,15631103141,57601169502,59891377783,49779572186,27793629505,58739796682,6623914977,8865847538,17111014576,43672146093,3012586853,3049162430,4767243665,2888768769,2684376184,87007494,251512991,3182736203,1691535820,679780730,4550097930,2515965283,1809109331,3816063426,708763890,3357514513,4956545393,597418159,4696537677,1598915998,4904761228,4146333062,4814522304,2109883474,4295803966,871878901,2957351237,814935118,169708604,3181602779,4758550939,3399984596,2877532899,2700628339,1933923848,57229259,1532427476,2304556871,3546296615,1633437764,380009728,2073096037,4827712188,4280448809,1332007252,1428154319,1703223846,3399870827,16179064042,10864216249,8704517008,32562278101,52965841484,33444455398,22894475096,28141271932,37968097135,42604553938,34247713599,22790702227,17000194956,29634567980,52706750295,25793150038,9.05,3.56,9.32,94611,14791,32632,91812,64490,59991,6618,59097,53180
db-01,10,8,20,54,22,90,13,59,61,60,18,26,21,42,7,69,4,55,72,91,13,34,2,67,2,13,11,77,70,47,37,58,32,13899911174,34358942781,3571880737,46884330908,9213966268,52281830932,38039296246,40067700856,28759414861,11432050643,40261590174,61668742595,2491905566,2168204666,2153385335,3026327959,3109858704,4729933725,4207199887,3859201471,688055213,3270722804,1707646551,2543011060,3978719020,3523337214,3419240584,2289156998,3153165344,4209564974,3596066549,1382066769,3790936730,2972067790,4409991921,1153395802,271285903,2228113456,1122631324,3508148000,2717506427,4123720090,2808811164,4061927240,3389408329,1482607924,900949851,777971529,4303585947,429755401,3082061739,1933604929,2569379513,3657280554,2054447620,2825735029,4482718598,3238333354,4891974593,2468085101,39673514069,37697819026,24240742336,13643180497,19130063349,45477646353,39326409875,41475264507,22560014237,49718597262,19454069258,57745656877,44863188000,10822191786,3432528810,23576375789,4.83,11.12,0.58,179,23773,10203,51025,19975,66543,85552,79864,27498
db-01,11,16,51,85,40,0,91,78,19,76,78,29,46,33,71,47,35,69,25,36,62,98,14,57,16,79,49,32,67,95,60,8,44,43695339853,9253766472,47351237538,44301710553,604214005,50270480318,59418477654,25342284645,9871071780,32728582887,8628606788,27155367954,3355751633,351896978,2794479704,1287083242,1356691655,3793331451,613318762,3817480151,3966464516,3285327397,3375726501,1189463135,546318759,3561081071,1583782921,639546873,2799531106,3774526015,195704700,2777458364,766307820,3456322763,2520462918,3302223463,2189287723,1241647377,4141024370,2775539815,4210513435,2173200305,1581293240,230991402,3852758123,3080694581,3936639212,4971026977,813401736,4892310302,1902707250,2482396631,2151674651,3277337373,3030553790,3519638660,435153287,3771045062,2416561585,4547987356,35764262913,46488232267,18102912418,31316239779,33603947788,31957189121,48628149425,57512110002,19368163422,63653673138,45448176112,38225256854,22665854659,39511581971,13161967520,62215120204,5.06,14.41,3.48,15249,16081,53536,89295,80881,34949,98144,78621,93755
db-02,0,0,8,67,77,20,0,17,70,56,55,95,33,8,81,10,25,34,83,25,46,74,20,98,7,15,75,90,1,49,99,71,88,40552497423,16878982552,35610955314,39344599004,278167148,58944573858,54485986940,13460212408,14989504431,53635521574,60116185759,62693772686,1518651745,2151804530,2610986864,1517148598,1459639350,504270391,3900483094,986224253,3136361329,4295957777,3010702296,4643569312,3148845818,4863090540,61122586,2746978143,4306633475,2808987468,2328439399,514833424,104513610,3567266038,2943309672,2265643217,2030283732,4123350885,506360730,4023628399,278712324,3353090351,1261738369,4394985079,3837397153,4436830876,2733096849,417959269,4587226735,1176821043,4260484717,3727686640,4428184282,946041776,486678322,3657908561,2765594388,1051156955,493069043,2018635370,28065470708,34913492929,27431414892,52802049911,4193540900,47527820214,57784249093,41587381506,21217511697,10038684283,24536132494,22767657375,43505623138,32177008750,58509516359,40691053155,13.42,6.26,8.17,23888,50195,92134,912,70888,8285,50399,50937,64378
db-02,1,91,51,14,32,94,60,31,80,50,97,63,100,61,26,18,64,76,59,3,15,72,38,55,32,99,9,64,91,38,13,15,92,8535751440,32449042350,59252777250,56572084331,29929551520,35556747213,29579769444,29586311494,51341624536,50862489146,1075203032,14153338535,49397943,1079771105,178915027,168878113,1917844649,2134632512,1679072526,1522220289,3503873382,4052146474,3270352409,1904146493,3011593482,3500610870,2511175664,3490046403,203197849,1334367071,3096621103,3243926411,2269036771,1696660741,3964170996,1877244116,1486913415,271075386,1493148628,4638962797,2661917512,2572601666,3495261911,2024988128,119616245,3341179116,2778333548,3215176425,2659413370,3291271417,2459750992,3621530304,1375365638,106742533,1350023841,2954939307,1692712997,4384816071,3662206649,3667688909,27952048278,46666034096,44197985099,27208145296,6019506772,11166971759,15595712022,45206831012,9613248053,20716314243,4929556544,39987931798,21994915405,17730455390,40262814021,32779997792,9.09,8.04,2.17,84306,30098,7643,71643,40699,57394,56696,19019,67940
db-02,2,33,55,98,97,98,77,38,32,100,19,15,99,54,59,52,4,39,21,35,38,93,48,67,56,15,62,50,19,87,86,29,25,27271210902,22054267554,55414474737,57518492681,49669850054,51868577594,28306063171,30313573692,34134305199,7644361984,31390360958,9263982846,4986618244,480426468,4859948807,4745080327,4403550341,3873679811,4887214357,4456163148,2449876621,1944342881,3754710262,3149200167,544252995,3464958510,1788557058,3340425608,4671319355,1535911194,903679126,1267995345,2199559387,3986544946,4202100160,4961996737,1377894523,550583568,2031686778,784646119,2655150963,979871323,393403143,4498114085,3559791498,1831127300,3596716384,970386647,1859166752,2769060638,940142403,725028691,3824947591,2635779766,2592111043,2312707947,4141903309,143621477,3456727876,2676707556,9272644872,25670105649,48504774757,11333839837,32655683601,60048684699,6568163523,57893908556,52996657687,48884717589,62167808212,6437850052,31587849946,51574161816,53046217493,21565106105,4.51,6.51,1.81,23549,71484,49487,78582,22088,6993,19469,25760,36638
db-02,3,8,36,2,84,8,36,95,49,46,82,37,94,100,77,92,5,95,55,22,88,63,78,82,29,26,47,74,79,59,89,45,60,4180183048,61905314716,59619785463,2564311000,62845572191,23188148827,22903721797,13122072328,7154878336,47136837755,63676386715,13382518094,1944897803,1001460646,2937780025,950636197,1832907230,3959643251,1519456324,4419410969,2371156589,4275714098,2756584127,4202611307,141307485,2328709658,3818788373,111230238,1266194485,3095718561,3179622112,4028370583,2136493000,1254036517,2050363065,1080178397,4316217973,2973987030,4562208061,2581164951,2563443112,2584633464,2092137239,4438211953,4969669938,2612201048,1740064313,4891616481,1692665134,4983341189,3220852148,3674481092,3747548596,1282059246,2454638807,2722516737,1046934257,4141547655,4616010031,842044324,57151684134,42524103384,38125107674,40234916805,18276028614,43231365679,4340677839,58528277144,14506563855,25933382870,50148384504,21495132369,6428437317,34403437575,10970605095,37892726588,5.52,7.18,5.48,27514,97189,40423,96741,63744,19873,4605,88558,66779
db-02,4,34,88,71,34,1,7,19,96,23,64,82,30,41,7,74,56,37,54,77,37,67,60,7,60,49,29,96,49,65,33,2,73,17704933900,47784697944,46364459962,6040056555,33287509549,48661710668,23096326685,48464126557,27802660659,10779679151,44533328610,22689643124,2497958363,3716719141,2188582141,4904312325,2763307727,4300504598,3553385385,4182788108,3519623537,1225873385,3252847941,4099762563,3764571481,1671416376,147851197,2809750913,242119328,3921587031,1078241110,4699438528,1620402645,1261615589,1198994619,164201584,4070217419,2455866578,2738156631,4614341329,4100457482,2889599498,3245295491,1788237895,971290862,2499609448,4494825170,2972501548,3144268811,4519620108,3106648292,1041771700,1833238561,4524383942,2510080124,4129439411,1414794286,3540992969,782826128,1172472456,12150447658,20284373936,40312450948,20877527141,49044729764,52777956792,1410685730,41380571293,23066673829,1441546210,30997634339,62822680895,16571790735,22900442083,39076518448,9166369651,4.94,8.91,0.19,1877,2077,12987,13405,84178,15442,54386,39016,62152
db-02,5,27,1,2,28,18,55,70,68,86,97,63,49,46,87,65,88,68,32,34,84,66,65,59,49,33,13,20,85,79,76,42,57,35740480510,3854290933,11068879980,60480723446,14485146509,24764072316,23072378656,18493477847,54121386790,51855860216,22558876228,58857284889,242531367,618170242,369518189,1431133296,1406720085,3695629218,1523402178,4686059942,189333384,737449467,4438110024,1630595463,2386281298,3218566877,2556087947,2655401399,1719948004,4393607306,2107628837,525151919,3541538529,4222950922,1885993636,469512986,1763926625,1926922191,265890549,3550786527,4507959981,331339538,171747664,3309336284,1695634214,3593607607,2156192379,2372123274,2826146386,3726797885,4823485333,1349176645,4166862195,3706810906,3930823719,4731248589,3374346825,1313109865,4848521575,4573409618,40719041173,54796243666,51262281215,63260455828,31627322269,14029068551,9078935460,19079489867,8802574834,57364056607,45917300773,5799654674,54980109248,34549152409,24231829650,49451679667,10.9,5.82,1.01,48874,73054,35425,3878,92417,39315,39752,5697,49031
db-02,6,11,5,60,14,1,32,48,39,2,95,29,14,56,46,3,23,87,94,28,56,53,49,94,33,12,69,88,14,3,28,98,65,29478019359,48927308701,19823212029,39234642005,38636064088,17701547352,6626427109,39182142189,15580255451,57475575997,33787265330,17975930352,1816824891,736650541,4743517191,367413827,4557657584,1165210430,2394210762,4840128227,4624464778,1052893923,4962377995,4713765388,3941689135,2916269107,4667796451,3407775937,2939868868,4617292154,4376576317,1336642854,2765736875,3894707337,4851951285,2872927127,239627201,2689130596,3968461266,1588593103,1927835695,1426407166,4910099933,2550336523,2950182313,985582549,2554529697,4043678043,1713649777,3579746148,2941897257,582923264,1138376235,1360882886,4392922367,1534731459,3947162678,4717566904,347172697,3197004534,42000597869,24546148674,53475448464,24204179420,18532277649,15130795376,3853033983,6021449548,8879250552,38905456834,55815392689,39222932894,7889230970,41965045125,14419671193,55411342837,15.93,14.89,6.65,4773,50676,38684,96913,30102,34045,40125,93351,2294
db-02,7,6,81,6,8,95,19,14,33,31,80,90,8,35,28,73,72,94,60,47,29,21,56,99,56,49,68,93,86,54,13,90,80,31194284571,46911782207,22544655655,10613225302,62009233984,26841676869,22636542097,42547915444,57992660924,25987182936,14587629790,61226992132,3305169563,4987472423,1928894731,4222087167,1612062568,718465691,3346186161,1063851405,4792698181,2838083099,3900161764,123658657,1498267219,1270305147,2622176141,3010951864,4962318825,3379113761,348578047,3263759256,2665226055,431208267,488428020,2181290332,2884623882,4196602673,4974884805,482636070,3757089206,1917361587,4890175171,3171661922,1372202946,3837215804,141638938,3430020385,2009812799,3112332351,2661361671,1711963714,4665419386,1669451429,623871759,595692638,3402651297,941092694,3518625426,1392291386,27493989983,51007574758,32697651024,23055314873,22653642914,60989027989,55540072173,22801609221,42463718727,43585894913,20485620132,12395018875,398779288,14493288207,17546920828,57871553445,7.6,4.03,6.7,22164,67655,12154,12724,4889,92918,14677,46889,77812
db-02,8,80,14,7,74,70,48,75,77,71,20,29,14,13,18,15,61,22,27,61,45,79,80,87,66,44,78,9,26,91,98,99,58,8729694930,21957801009,8772218170,59384650657,45487234946,9973537479,36951709351,55769930170,49982201059,17642630922,32605176966,43058034561,1559477567,1350845375,1917982531,4763047431,115257520,384184971,2787846532,4790805030,4638215911,1393619165,4954784888,4358374923,3509245575,3117973508,1324580182,225264528,1259265569,3903400715,4920400367,684446565,4822293141,2994860670,424142898,3763496552,4361442564,1522433335,59651533,2301818787,316701266,1631003183,3086068005,4660228593,3962189698,1844566071,4325372289,2788003263,2398488980,3984435424,336018882,3254009840,3319747092,3294422204,3884200575,2055039360,1326566287,118602880,1561177264,3537411603,50820175749,61609514434,35926356151,48052926904,35511855716,63363016502,49915335316,55041269930,10059791192,34632431815,26435650568,41960885281,40035277694,57272185510,46686689814,57068580003,9.72,12.05,13.97,53920,51282,96347,16989,4411,39725,10361,67148,24744
db-02,9,64,95,40,97,73,60,15,15,25,71,51,49,83,56,52,13,71,44,20,83,50,66,60,55,74,42,1,25,77,37,49,6,10231800422,27231341575,46183965628,25562506287,30785391777,55716928398,10110992247,43080624960,12150685809,22253755782,43808188517,58339975437,2009902828,548957212,4243153886,958596212,455366108,4134009678,2773773290,3555582773,1688718636,1053975894,2290366292,1798384597,1513966873,1131170478,2970591087,972486624,4166727358,4603551216,4336921393,1025881231,3501895917,1717054817,4039370114,4535036291,2883345430,2705207579,4672795839,3296743286,3284457196,1587502512,4722503104,4579793801,2757284501,3580602946,1636916652,973807676,4247487805,3047888867,4889973332,4757158267,559278758,3117198498,1034138814,3279033974,4906387161,2125393660,4209688768,900750414,20223277783,887488030,45612080587,51251542862,30596841497,21518344094,8155179638,12973785793,15009579965,11765502986,44151328755,13848627358,63361382305,18765002022,35763422728,48516950642,13.73,13.04,5.08,50772,13194,59454,56076,6392,83435,74997,62084,82701
db-02,10,30,44,38,20,83,67,29,36,97,68,64,75,38,46,97,75,6,63,60,10,62,91,98,57,34,73,52,14,92,43,26,44,23962193004,61979577979,51773961590,30981786802,16342581423,34919063801,2513799217,30090518571,38453344327,43007716474,19609931100,36228319464,1525153333,1125566908,2517563204,4144112330,253029993,2841783209,3899586606,2919986774,4800867824,2734148063,3684710429,3598704800,78548197,2065199055,3195548619,2646115515,1271525723,4865522991,3017339283,450467232,211829636,327944534,1394339996,327753296,3513723722,1966766536,2588217555,4932310180,429693136,3317025997,3716160261,2224383680,4991198169,4161868815,2521177346,187622594,3305982725,3262939257,224804501,383532962,1014539595,2465830607,3617927392,1122335774,1124232174,2614182383,3456043831,1512004803,60890785295,14239496649,56041395148,15634961673,14786059572,20886647888,41090110376,28364276525,22711398209,21393792362,63084901959,28975179975,24325808227,5179513757,55878736010,7881063337,12.59,4.81,8.16,51415,92427,77083,90818,26790,15810,62803,1447,63967
db-02,11,63,6,95,100,2,57,45,71,18,18,42,95,79,90,72,0,1,3,81,69,80,22,69,43,87,84,99,70,23,65,72,43,26818820132,60282413059,56727795760,35865550645,47919903514,62751811603,62757706160,43763832121,2501632325,35685777035,44918947729,57463479302,1811446018,1722920217,3672928429,1835996683,2668927125,336904471,2196074601,4365442563,734101920,2887262929,2237298755,3104497441,748117079,2292385007,445650825,3957138472,357035574,4016035539,4247068636,3193959999,3308236646,2081805410,2997250183,2732663032,3974669738,4913241340,3166757676,102191626,1976619663,3103757289,647120918,4421891933,3096266774,3428464673,1622181558,872584410,4687569613,2901178544,161670262,808977041,4279658594,585389998,2634145481,2052216380,3309026633,4933141332,2863428892,482288184,31067801065,5845657649,54320300787,35048073025,18385718949,57576151649,40445784081,59996776002,33249217146,8437800259,10508315946,38469115210,43322661192,3345753925,11642178498,15791722292,5.79,7.86,13.88,28084,44060,79377,24419,13963,76491,26234,76327,73193
db-03,0,100,96,19,98,92,15,66,23,61,39,54,14,80,90,55,38,1,29,60,85,79,77,14,10,4,29,58,40,48,65,2,11,3093875164,38404167984,29759809221,10712149241,12609480593,90483142,27574628867,16233924742,42610803596,4677760770,17093957534,6118481098,2688966412,163789025,162595277,3773229605,2927189792,1258939875,2316892953,3375074076,4352790236,272630036,4110160797,1940499924,650085564,3516426124,4435047046,3692746973,528539374,1010731336,2115962765,1388508707,4853655042,1771393689,151863384,1924307906,3561695377,3027664598,1612909693,4582113462,4575597891,898155157,1730697606,3139448642,4710015706,4574390097,4934288758,1349865216,2388691912,1388979623,976556214,324655895,238962646,3391927047,73361411,4053681286,3931492027,1452169682,1408515095,2215167252,62004056678,27897079050,19264503028,35912939772,4943471249,3700851156,21735330879,47711415260,54277901984,38269019309,20526842029,14491291593,7492912466,38821178846,18059343942,17662708002,14.38,4.95,2.67,5199,88281,13091,64460,52005,49302,63776,43078,18652
db-03,1,16,46,82,66,83,98,38,80,78,58,83,5,54,48,11,32,83,72,57,63,70,62,86,82,27,18,84,4,1,65,38,38,32864318905,4821036601,41037396543,46490953375,22241747481,4622895783,23575343809,58189765037,28754820754,39107161013,55815689655,2630700137,3154578690,415667714,4608190764,3439611588,3493663028,1875149899,2922173162,2915349102,3994126029,2132753103,3271220949,4464522911,3201864728,2935852013,3908070864,3571920041,314905013,4398836788,2480338909,4966754627,2362672659,3371739032,420883515,3552914256,3068263151,914527710,1293281803,259864014,1086652102,4837065775,4474554475,2894534834,3680428299,253080800,1697111547,1544120821,35605046,101858993,519127008,4444961414,486135608,1444579958,540506950,4123845639,483108689,1615923164,2463632471,1759948497,38051927144,34113615778,49996666409,21720836708,28164620997,58823871436,1482896270,33740738978,61991436825,1656167743,62216208559,38647537826,3487570781,4853283578,16335614190,35549217247,13.61,2.93,12.45,71663,9087,9175,22859,44011,86928,91092,51094,92805
db-03,2,8,95,0,71,47,77,11,96,82,70,26,49,16,25,58,4,78,45,35,43,87,33,10,28,11,96,1,73,38,7,27,32,14486393070,40852450299,62478332235,8276658221,1068932179,43077381452,52827111982,34796270274,47763067042,53972916129,33698353231,58896705020,1218032100,12101201,4863591370,4836383459,2094363853,747576087,3924485473,574212840,4522508766,3579023428,3810097677,2394125066,1145512074,4480212381,2848560183,1868237161,1072895465,1527783290,4932942548,4593893075,3596183121,2079753397,1452647764,953012020,1146871827,1726920624,829086191,1197600861,4846782622,2833909640,753777699,620750098,968691547,3648169246,333173996,1317743423,1237493079,2887263764,3013095946,4240456423,4360904296,2991477066,4722465066,1034145964,3323504366,4251447443,2820979673,3322020250,19579784436,16425419242,59229197733,42232914799,38544390449,22620300472,4619642987,43355410027,52579958180,7414454615,19371421008,43260305078,10801689488,43505802238,729174831,63353028167,3.48,10.2,4.84,83526,29315,89135,499,72482,96696,77016,44898,56201
db-03,3,57,78,12,29,70,63,37,72,84,69,98,24,11,32,96,67,86,30,91,65,3,67,64,36,57,76,52,16,10,82,71,56,40797408244,33480371288,46610748629,63900074240,61074538356,38671122739,34283328688,40611343985,52668692145,55071432138,21381933916,37011467631,889111327,2976120238,1792141912,4777270817,1931413366,4434885416,4889904690,2794055950,1008071199,3604030634,3892161175,856498211,1736839951,4677170184,916482970,3360458448,1815475411,3219403285,4841111643,2595570064,409308628,4165412245,1034110436,4806039488,2891277805,4945866560,2951603542,2130618863,1842742679,2381329108,1519854553,2795455583,1211161343,4652440969,4524149491,3261933028,1029868911,335650940,3195072311,3694939882,3254644851,4324928712,3874964684,4797347651,1321102829,4644217269,524836197,3343469154,54298049422,43871411578,13684421278,51841940394,12542511655,49028102270,37555742371,37105225336,40916106373,13057324674,17459703676,11570818969,33020452488,41689690467,51464409373,63355764313,7.64,14.87,13.14,65186,83046,88303,8607,51934,70327,77323,60637,16406
db-03,4,37,15,86,40,18,64,81,94,61,26,50,43,31,54,17,15,5,13,16,4,65,36,24,89,59,14,55,27,24,17,94,85,1956819014,24658408650,50393514930,35077526512,37886522631,4095612681,1503799554,33038627252,9547667965,62591488575,37746686377,50490060574,3683860222,1804247058,4809675550,1317546811,1270893546,1789070103,4427848662,333947400,4705714985,4437018166,3275906892,4003683674,2126386727,1173738443,2929573414,3665179572,3815298720,4790150585,4352654692,3335650569,3023249875,816514254,1130928644,1911533400,3673579478,3750438771,479280352,4582509407,2295691430,4836006274,2048323787,2055912414,4930701582,3252596498,1212175226,78611193,3775618005,548348728,1770725608,3950867267,1432926968,2616358818,4115812909,3811957317,402850834,3332103321,21207534,3474995082,19858433964,58237221415,55280449656,53597144020,29404929299,36843232048,44306990258,60750782457,57171754057,10455734024,5538281797,640375529,36857955934,36559332006,5779150278,63464020106,4.97,3.97,1.55,56231,26897,10854,3747,86436,56584,61647,24214,29556
db-03,5,51,36,28,65,7,17,75,38,64,78,100,79,33,25,42,73,44,94,81,29,65,67,21,39,54,61,52,79,33,59,23,7,62399198407,61227941981,6858913395,9143152854,1563454049,12875277895,1009770010,51951771412,38213242474,54113426984,62514141863,775065499,4378232563,722143695,4453922487,4293570846,4407957072,4535262904,3432799407,3907310126,785055067,4858489367,1796442159,2708451999,3801498379,1442365190,1033240884,4241496623,4690545697,4374925884,990688851,3511347661,3454824784,262288268,4033208752,2481017229,2048474223,2667133456,3139891360,639204382,1974580834,1794112569,951300961,4477808388,596490649,1197557306,4240344946,3700602238,1631096772,4605472660,207132720,4191153486,2634580800,2292133269,1493304297,4174395966,3639365777,1885877129,2550064931,1623147615,3379492934,29616869844,53375670501,49039396286,15176057764,8037121659,46929563758,1676124962,62350160027,17563839799,36872412019,55547153523,24587764830,14230017075,15063548066,49570899707,13.52,11.96,2.92,16136,6638,7173,22378,18564,70720,32800,20937,21636
db-03,6,67,8,31,56,14,97,27,30,7,39,21,2,60,59,54,100,45,38,68,33,86,57,41,34,87,54,61,59,100,9,83,76,28051401704,35885582458,47097742068,14557857840,13914223533,18294745014,39886329694,12803026461,32863097419,37659460411,37297848351,14253750806,3733400991,4995423240,2600832926,3727807433,1086333340,1532779986,2304451027,4753696297,1895540907,374600321,1242676441,312847333,2580478834,1052517576,1104272148,1817912891,4305285728,4704633568,2774314816,2073244777,4443120204,153249034,3966765800,965273654,866447069,3579597385,4543187685,4728280060,499991847,1634270074,4996303503,1737929295,704167054,816413066,4890488588,361975686,4800470246,1566433970,2039089001,1749475049,3275525994,3004124867,2312871245,3505760172,2151257868,1341048018,3968038613,4958070181,4318483202,48763352868,12218495898,5393212080,14250814406,48534174855,60366005631,45286344259,22825459747,16532045462,5783062063,6300121616,57419416909,52471634150,30663768713,21798506432,9.35,8.37,0.37,96384,6477,80724,72877,57775,64055,50086,70668,45678
db-03,7,66,61,52,14,0,81,22,78,37,91,44,100,13,35,78,84,94,56,34,88,81,88,40,62,42,60,51,100,72,47,94,87,47918411306,6223515084,54635010731,10202743986,5360196088,18510665045,18447513204,49968821559,18704193020,14118963380,29854929747,24677006474,2344239534,3866374440,4104425119,3294073706,496735448,2643301093,854178644,4700724089,1543742810,654227005,3804798266,4791770346,2635290569,1674700820,1647066472,2707092435,4320231518,361631826,4130057038,4541181838,659825813,2349052857,4414471514,883439993,1311321429,4852808403,1763915633,2854508849,360041738,2748503326,124565949,2253865185,3044698618,1975823773,4811006156,1916302750,1978799028,2343690151,4739970284,771475562,467908438,683477869,153550216,3596651429,3756873183,1709824394,3676887818,3917414227,32471362709,55137439118,13255929555,62364686854,13956142890,26043780986,56832054100,43546036251,27719354099,24762512675,18066516269,45840784230,26967724112,21869734321,6747203609,19782274547,6.46,8.45,4.19,73443,39438,39854,5711,9428,35786,45441,91504,95773
db-03,8,77,64,75,76,94,50,22,52,64,82,90,20,98,55,50,38,71,48,85,83,38,33,54,11,26,9,35,46,92,96,77,7,36851235205,1725512199,6837160073,25786979776,28026961414,49016035666,42573900118,40699940537,39426624685,11414705607,61915584567,47969875150,1539783817,1297612264,4235052478,3202362804,2714999871,4686770453,729122898,1408332682,920800289,2448925603,2138989244,4556689079,2539909464,4372984226,594798234,119663924,1033912489,4499081644,2312772460,1052445340,122399415,531658636,2384447719,3621746284,2629924271,3375857096,251678831,3307984903,117787414,3471992954,676700662,2156727578,2229064622,3253410541,1696641730,749091741,3892496827,1664293186,38721211,3739455693,4833240183,4396937210,924672668,376700454,1873757502,3340577436,457813980,3213453638,23087175825,27650175472,51672877119,62900533030,53210749376,4506615103,11244142478,33810802043,35629653114,56892988515,26777795474,42287224811,31733638405,53755166853,24727514842,32861783811,6.49,8.08,3.08,15180,81697,62389,75446,30261,78801,43050,52766,336
db-03,9,89,14,9,96,58,82,46,17,46,100,27,6,66,58,91,45,61,42,10,5,21,61,49,32,52,100,71,19,63,75,85,12,56425501921,26690589616,22629501483,56484620867,51968638942,36138089869,45022638148,732389041,8351562560,30421757929,9116829927,49542416059,2636009198,1370483649,4568986454,169350736,1357893637,1644476929,3072493262,1813018960,3668400434,439748476,437249396,974667274,41252205,91233759,4917199580,4351186065,4890674019,2563246535,1475508397,3037696161,2788319149,3890275091,4961517349,762295175,4279110070,3343337956,1989647841,3213245098,507173966,921715434,3507652065,3254847785,4492221685,325197030,3181512812,674028354,3511240673,1888401064,4586455237,2918858147,1598331206,4461673841,2053237155,3544699738,2924327561,4939191291,4196400800,1731451150,12248958264,22240448759,32661990128,16594236431,26254717007,42390324816,36479505913,18696563280,2741416291,50230528728,39170239964,22475378316,43626630051,11144267727,24052581702,12337055189,14.85,9.77,8.39,25363,97623,37826,55968,26365,23471,58639,23258,90052
db-03,10,7,36,15,62,31,17,67,85,69,24,99,97,90,14,36,27,58,60,71,99,77,57,1,11,7,54,3,28,49,94,25,11,17223347157,40279781335,15747215591,31619427101,39882021068,50563647430,42884809362,24359212647,46169978101,37105285669,14377122917,12244463096,90999482,4832369454,757335979,1011585125,2801237739,3216782626,4900033156,3318718283,1878916594,1389986559,1209628673,2265980068,2349401689,3946780971,837867381,910668817,2663909917,1402344375,4134778897,1102529022,809311652,2293289385,1187924763,1928999708,4941079342,1895673902,3624390753,1876792065,4265741281,2381521346,3294799166,3888531821,3081316195,3781166032,3957182954,3115496489,2737389154,4273835964,2836912134,751802432,3929423799,1507830506,410516015,4572451198,1594726678,2780724370,4161273903,1513707342,32225040156,36334314811,30595959869,36469685088,43013366774,45046657916,18623517825,55628474364,26465050720,40686902375,57831828835,9078089723,42142654803,3715878856,39896552053,53149227583,3.87,9.6,12.45,93574,39289,79902,45050,64152,82021,83342,95059,98819
db-03,11,55,26,89,16,42,16,7,87,60,92,37,90,57,39,32,71,87,85,64,90,61,11,21,75,64,82,77,60,23,66,19,46,52134181147,45765214734,15094791171,2407909447,21467451822,47272972554,30031210037,12836380914,16507764199,28215075768,13690017763,23463707965,732090495,1952184682,3505438133,3406702373,4300054198,3466965077,4242191540,2376151838,1752334511,1579272573,4649761414,2662567987,309849440,1960217734,1365826714,371959171,3712190376,3807974758,3527924394,133225123,4976026016,2466443473,2881971433,4729560022,3031825422,183140572,1104891741,177384131,3655939745,3366227177,2089953714,3231811195,1404103134,453470746,15912612,781126390,2092914604,820023472,112206406,4419826647,4484918123,654917842,4842282411,4953901215,1805526446,1312313439,4788972606,3916429166,30398031846,32983704086,26758505316,5107256165,52668475077,24108904042,33997030112,41661273701,21922674526,27179508915,52168046168,4634040725,47049378028,19871455364,60786797399,59104104876,9.25,0.8,2.57,36815,5924,3574,12311,71454,63514,32782,92080,40422
db-04,0,46,66,56,45,53,96,63,62,61,17,44,82,37,83,57,39,38,65,74,39,79,8,96,11,24,79,59,4,92,32,21,10,7930357476,22820235060,21205914599,5519120872,6835547192,36796982482,51271790888,60949753215,21935655154,24263363639,8911910284,260714088,3099329712,454662749,1052448243,708268537,3202287411,466337438,3917898637,3917173172,110847431,2449671439,513738009,1966829930,1505677453,2605770007,228894209,4853434783,4213302296,2120031648,3095809472,4892788418,4823311933,348892122,2134115251,911802875,3253464772,1256945920,2545448359,2375716622,111310119,2229705378,4747303554,175451750,839555175,3682479702,4451195335,2119192029,151324809,336786642,3995100238,3305639961,3029833932,1036685122,4631777679,4347255168,4542167294,4997783895,3290395285,2110456331,11475927387,3918489680,5628297251,48870829752,14336211187,58665515826,14271601645,44624972953,15907357924,15404027278,54614091044,23487895388,52719002538,113265509,9380401490,16053485612,13.4,2.83,14.03,91957,70536,73880,71570,7729,7550,36324,82347,26748
db-04,1,84,77,56,99,67,23,45,71,4,39,43,6,4,86,18,2,95,13,26,2,34,59,40,7,99,25,20,9,88,71,52,31,56735503367,26471020074,52492014070,6140891828,58490383813,52520952512,20230671262,13635340466,30879874186,33804377151,58778258753,56347100177,3387233641,4374328030,4592885081,1399142699,1528479779,1488857674,1761468914,4229831647,2262845472,1595814,4967955223,1986673257,735229322,968545090,550325062,1187284167,814551560,2528677437,1545833595,4408244779,1746202389,4266214753,3012859697,3972128524,152490566,3815270606,166050029,2685859046,1038071434,2265670969,4663590798,1461716239,4976354731,3821690540,2786785117,3779348252,178026045,4921930721,2843034481,3636427488,763828411,1774636266,1165238085,251365019,4529938207,65691344,2107647998,223099910,13952063622,41137327436,18523314372,55546402454,18651187361,58228447427,60030884224,6154947697,16774977207,20299617779,58588151096,42016687576,35117589542,58627911987,59460207097,47285376904,4.24,3.86,0.71,27377,47749,39764,44694,53374,15267,4205,64551,2130
db-04,2,52,41,92,64,67,98,26,91,50,51,28,27,68,55,73,91,60,16,30,60,42,17,76,86,69,73,29,43,62,27,30,56,21340714727,23141789864,49422930046,55108619287,33348787538,12269756661,29959593875,26373507092,22084315197,47480396236,1006126231,16778910526,1569828386,836380260,4914884447,2282209986,1464998362,1913181875,1979067601,1520149777,2228880884,4109114527,587207839,4541407840,1662075077,1448847955,2571513279,1297059473,2265869897,81103201,2064386400,2172862590,1339125825,931822282,309017243,1906030266,1611448699,2415787765,879876430,3808332816,2188390654,1568479418,211470303,2406465120,61146422,2323942852,3274046140,2567486500,1225714667,4259107146,4425102532,3288099847,1905306364,1633209715,1229062251,141863176,2963775399,1057633524,3943989140,2078264150,23170788578,41900902604,9840456898,56254204872,36937645196,29454188604,56223168323,16124941740,4507764088,9275435224,33857424994,11007817169,51724391111,15432437655,11694819353,42107501322,1.03,12.04,6.27,62930,80952,8848,36821,43636,36626,34831,72699,76766
db-04,3,28,75,44,91,21,41,0,24,65,24,20,74,56,13,87,11,70,89,6,77,35,64,19,20,9,73,75,89,0,8,90,57,6244355106,4288602208,23835489396,14563210515,53013294523,41234145029,18030395180,25738142349,3012197760,55930453932,58169892490,29379776215,4787808508,1290963783,200531606,4975733303,2806388701,4339252019,3894039138,2074890561,254643729,3326231983,1962846990,2581664502,299267616,203716886,4534382991,1009424029,2187675876,209026317,3131956392,4371310957,4244030580,1927740142,1906070472,3574026951,4997361440,917808343,4702054886,4921472685,2109733287,1071037454,853119516,1248753562,2710970481,2410661711,3904280425,1458665277,970313342,1173461726,2694817089,1364624782,1406516105,1175378015,95324934,2236888741,1145856862,2474857900,4389289019,2543792445,6020435102,36317102675,27927578049,45353801384,51256688184,61613912490,38305171618,30121210007,50000517863,8441658914,58564672691,38786160936,7412943083,16097776673,26749741422,24776371034,2.27,14.46,5.35,97645,20540,18842,40603,33742,91756,83132,87945,69782
db-04,4,40,82,8,80,7,88,5,74,58,55,58,74,25,62,47,83,97,33,56,93,99,60,72,21,57,14,60,76,46,31,95,46,48870347102,56985285529,45580312535,21761447654,25254116395,38949856914,27355924373,33876139683,49552523749,31392569242,8748543842,11285895885,1446471561,1246263344,2536166086,3643135660,3980555179,4607090182,234181677,2074215779,4805327910,972750529,225222640,1043015902,896085768,2348742985,4545158107,2016724881,3826094861,4989581683,2230517638,338466891,2406864096,4942046724,456535145,160570610,3783941641,2417462594,3540124411,4052096607,3981237641,2079970321,3440577970,4808112496,192857510,1725450414,2676220616,1381514081,1190654192,1778313071,4495501341,1187651028,947299527,576247326,4171217405,1236628626,1511105510,822717678,854542455,919500592,63737587686,38202917881,9056265392,41024125015,27277376292,56124634435,52297793447,11910941378,33920813654,15092924581,7875609757,40670102679,60342931558,11902845473,3914491974,53129236619,7.26,0.19,12.29,95544,98116,93387,14870,77490,74048,38899,36935,34142
db-04,5,76,59,47,99,53,40,85,94,43,49,37,86,45,3,72,3,97,94,96,84,58,95,11,40,73,24,27,44,79,26,58,31,32845944478,56675628896,50336568718,30648340094,29533868402,28390346376,6873018749,43434910914,63217056905,60739779570,13540100388,30853123138,215868684,3881974193,4592129090,1609633559,2845266419,2051901655,1008723107,1427018381,2224785550,4533563860,4439079360,2578684112,630894691,3253722804,4073291469,4950730405,1560648989,3706781650,3089711424,3854586014,2307748446,1150641078,2540407531,4459384612,3864383916,1074386122,144641496,2971911181,1810985588,865957926,4499948096,3031452137,2788964539,3105388083,2077172027,981028824,3635224364,25179039,1215363590,2536150273,1462334050,256471198,931118494,4440303463,4645304950,4054668875,3739976729,4702299496,34851427936,7395889473,61249733670,29873034025,4292088720,49001005180,50948516316,59911585597,61309818606,24608822965,34926378243,62204960306,10188298297,59555268741,11536871077,29565822423,1.06,13.11,15.89,9347,43788,11316,83706,1704,76197,47430,74137,46311
db-04,6,64,61,19,28,97,16,98,90,99,53,10,50,23,98,74,25,71,26,45,23,49,52,15,42,50,84,90,61,80,95,19,9,17258042455,45369866972,61842071316,62949869075,58982683349,19896160499,18035176521,1958429760,21154306592,4520439549,24752832668,13958481047,2279326892,3185846206,1974425163,4462757695,2546046659,2014233241,829841567,1758936152,1105842171,3553688671,1687536125,727268005,4882609990,3363848790,2333818242,3970508738,3950600812,1382989236,132288026,2973203722,2195045514,1163948216,4666958901,2381770235,916757087,3087543203,2658653158,1286318454,2627124832,605362521,4713454853,3443753445,533876101,1048215494,20808303,2775019753,2315427614,3723115848,2405018034,3774412438,2528602271,1002541897,1023877974,3229449015,1238976599,1950824657,1691672157,2195498801,6036524728,40217478332,5709856853,8245686772,960491010,61236536080,11027181365,60962638819,61555314369,41273971056,26693775488,39970653935,7988523677,54072835278,28559956178,46695669092,3.62,14.55,8.82,42698,4585,71363,66307,53219,86725,3462,56391,22721
db-04,7,58,64,31,26,21,56,13,24,4,4,29,44,63,82,5,19,11,68,26,38,73,17,52,32,16,11,61,43,59,7,62,12,44497242022,16807772361,30843736240,62397723662,45450280155,27393729657,2825071993,24410339773,30337731326,49229281659,30427047395,154919813,4581335571,152046615,253216401,480525511,1750628997,3042724953,4020346198,3907276153,2258369001,3362724295,2093924940,2068846043,1676485964,682640802,704346781,1750215841,3870477242,2941090894,3174314834,4185331991,3285624876,2998359604,1631342295,4186591649,894879889,1955503123,4276599059,3656203051,1470516496,137533045,3153531250,3365470135,2518628284,4623104573,1889495175,3579592975,2323532092,3793629472,1129050335,2204764360,2479374140,375740224,1566291827,121105101,678929353,4767711985,3181531807,326427991,19400167519,48812918626,7609884276,57131718769,58594987348,428969984,34493088756,56042877604,8888348636,56968712142,52734863559,35196111455,34204560044,25228425872,30981367201,16635481040,13.51,0.23,5.38,78480,12173,92955,47679,21307,67776,87418,85731,9224
db-04,8,65,56,33,16,71,82,91,9,99,59,67,26,41,46,45,93,4,15,56,65,4,94,18,18,51,81,10,67,20,10,80,32,46394501329,4569656243,11428522046,15047317107,42115958221,38437705600,11776499414,36890527756,36165919975,23653821431,53184257784,32951153951,482436419,1585961708,2859499994,4526457071,405598424,4889806250,231564483,99399831,3303532342,2906317928,2820847320,4030653542,709008053,313873772,1088518717,910007236,4771113256,3986627627,4370859705,2754349215,71650664,1404022082,1779113534,2289745969,1943045058,232301269,1695469861,2963264648,1859973675,3440264392,2378893576,357001737,1737755073,2252496354,4646515881,264406167,2525782224,4513971946,2333827725,2687872267,4762917678,3530858765,2749717512,4443467220,3397537434,2057224966,3883146422,3638621053,42999619087,10315951547,14581022738,7014894376,261380271,1328910857,3669904498,44322165501,57887189035,55704317611,17031516506,49332030139,11277750338,9151690621,27844634056,38575798202,10.59,4.45,4.34,58822,12461,2672,84802,41571,64458,88248,83939,51711
db-04,9,96,38,13,47,88,90,44,40,94,60,35,59,17,59,66,71,7,13,18,37,86,38,33,51,99,45,32,97,6,57,36,29,30403032671,56457542338,3604953983,38875218119,4278067710,27502068455,46413382339,33993361980,52980933375,36641814507,37373804106,31756553482,3566153910,3611198000,824725519,2119234980,68816511,1574215393,3610180493,4790852406,635875812,87195737,1876840401,275158737,1950180050,4122991220,735402318,806752102,4016727023,1154320224,626166197,514207100,491997690,3647762890,1001914144,4553683461,124154193,589777126,1344018725,814394536,610741230,2902281150,4385706356,3694494229,4325010455,1230721344,4264064599,2361856738,3955684100,483667974,4779607739,4212693664,4646945368,3825673125,2074885524,1624929932,872781433,188188026,4800011396,1935965237,46510500005,10263955924,28694146859,15810463215,37980314653,16267151433,61431811797,8427246255,54537064794,20289658313,60467895527,36387793875,17063118901,12512521687,19061276562,21280383671,5.88,14.71,6.36,53765,49898,62198,73024,32178,25102,78663,10478,3075
db-04,10,18,50,6,8,35,52,52,40,55,9,9,100,96,69,78,70,100,92,49,34,29,51,51,29,18,56,59,10,68,91,76,28,53171148635,50385059284,18143451747,36261807772,57596136662,39517737085,3650311575,58654503485,10956802628,50525933696,53269464098,58552389666,1414704830,3146552289,4554133415,3312338025,4316390225,3573492721,490337684,3200991197,3981118447,4368448620,2909156575,4518607106,1939207687,2132182917,2058791755,4613749329,3801826952,4130219747,4898712832,2958441045,4283182386,1734431667,3484655679,1734634612,669550449,3199696282,2405714649,4939698653,3140107696,4187476285,803203654,789496414,2287355828,4180624737,4190105549,2741846711,2031178774,1602362709,268673040,4353964421,1513970730,4962366867,2473232738,654097868,4641914640,1395096857,4417365925,3686926956,45590533617,10015660197,5220521505,53298257522,51784476970,42492491207,44710903256,50150492522,28929741073,42392845279,8053211338,58874268191,1732972588,31645417661,36885494376,31615291558,0.79,13.64,14.94,60812,34861,33624,45034,57990,80599,73468,91470,45902
db-04,11,83,92,17,21,86,20,89,18,19,83,73,84,54,64,57,44,40,15,99,85,36,96,76,4,1,29,90,89,32,32,85,14,58060081625,39116155995,9384549996,57585981846,10731045332,38689797380,60554730475,27043232485,42766011046,49620728988,10183556238,43118362670,1750606334,2488367718,2811764948,3505171823,4672684583,3383577383,2635594447,3518478842,3405140058,3803026860,3252463571,1002523540,3827095773,102409789,3599977284,4331491731,4711221492,1631865628,3214805879,2193914299,2033056800,2954938378,601188827,2653502541,2639425277,1047538582,4910530928,329907264,4053745937,898946102,621964651,3071323227,3250088523,3620823825,63744213,2164951722,3132572455,625815645,748115718,2592829078,236045812,3544800704,1661240043,3674194849,815390543,1382103618,2226617767,3522500344,52457746896,7541557584,32231180477,7237792136,18684814916,54827865134,38362458150,26232094546,41623078021,36817745305,42959877041,52154342232,22171343926,31558494394,28134811443,42916495592,7.67,8.63,3.14,33191,66175,53871,38247,50655,91782,24122,63451,91420
db-05,0,67,89,62,63,94,12,34,7,60,54,14,85,14,57,73,18,64,23,6,29,73,53,93,66,42,95,63,59,58,20,91,59,40598025016,6186849287,60515579459,44418705864,32695026350,50712284171,59610910301,3091464666,57837262712,56428703383,51537968719,13755901391,2367727827,2031660270,12483819,2766588094,181945453,293976206,1577533401,4225207752,4864645117,3688768120,1678962411,622734456,4538584439,1706465692,799096917,2001769350,76656565,3597414555,2605376473,4859277280,1920343062,226606189,4170266174,3555830107,4668037419,3094521824,3870622913,4705226220,1834111549,2971302179,2661279822,2773284205,4834339629,991490451,904052373,2869956369,1739744133,4662787655,3148209353,425371952,1955269132,653310339,2748519136,3161215258,2820007316,996385181,1183577632,3801514716,25923045466,26439851335,16801294072,9881460864,43396492800,1144375988,15747605648,62439700774,48181534430,37386386007,32041185428,19740290691,67743292,52849664918,59995386411,34856744430,2.48,13.78,12.88,10562,11821,16871,64308,16159,21665,85941,20187,60970
db-05,1,77,65,19,41,2,46,38,51,16,40,40,10,73,98,98,66,28,26,66,83,46,22,5,81,40,100,51,82,5,19,76,6,59990822652,17361940141,49032416377,13274483535,54795514111,4298332193,50538206439,25464923525,10289923483,18091585081,37786503063,32105707381,4237279559,4101193252,4761249156,1174852409,4218882080,2776212773,3500364852,2446713545,1993794062,4055101524,4218972640,705121680,3840203056,4185946844,3618558137,2879937360,1026915523,1390684184,3458597761,14793353,771522803,2335220343,4569853679,1704541257,87630002,2342546922,4878753548,4532261882,4407168273,345417680,2598766167,1213059175,3146945958,4311260686,2739474841,4398915552,3999878995,3381118000,2992123967,3443506462,4804571918,2233958675,492740360,3859608007,1359135065,779118288,1822993064,2615840641,61519126037,11086944060,35146059409,29916594367,45225912687,37255985009,48711746879,32243792386,18877508509,61273066011,42322541496,40118974663,4013735861,54078907608,26967630162,61361773919,1.41,3.23,1.74,23421,18460,1917,14586,45781,77865,40475,61394,46385
db-05,2,59,50,34,68,12,1,71,13,84,99,58,70,37,44,21,58,75,52,33,13,68,75,29,6,3,28,49,92,98,41,61,93,36834319163,52190487078,52046432274,13844304591,14472197492,56057026617,19456192298,3036538998,61422826100,30607293443,37994899819,57841188801,2325471083,4130846324,3314487172,1620767800,2518407984,3000934439,4472980662,1578037743,2146917014,1893593963,1919733484,476304177,1461711974,4490571670,3518810338,3872259630,2315644687,443224381,2758252,1516373276,4324047284,3407301707,1918879801,1999092923,1101835114,2739248249,1819369195,467719125,685308186,3308157454,4863336381,202304012,268210416,943627377,4003189640,620790802,3581885884,3096838132,2554993405,1848871996,2467982067,1809969201,2623855164,3476046776,4879427988,713594415,2202327722,1392863127,28346984943,14368735542,46977965137,48788366394,54209014780,8523491314,37279348630,14553407770,50638372967,26446192131,9873046527,42364220168,56898236784,6802208568,18107209473,41835043693,13.36,13.62,15.84,53563,99380,5574,54642,71181,11186,74897,8024,25337
db-05,3,57,73,77,100,27,89,79,33,43,88,92,9,46,70,62,8,95,20,47,47,15,87,16,39,6,50,59,98,56,77,15,33,29052898540,14173588535,61526670330,55680771932,25248765563,21983728602,28504521074,22794331349,43254818066,43326504921,39618521174,16807878001,3558922349,3363263821,4870156502,2284121812,177572313,4784426982,4931018436,2998242629,4936728459,3549783064,1702073963,580766586,2713755517,784656891,3840819195,4580337508,2113340677,3848798354,2363951944,603229819,1965562691,783225073,1636127141,4513808548,4291563439,2882863229,3562685980,4824344046,4540121559,3980851315,915440552,1994175535,3742418237,930541173,2178888025,3700274846,3956925897,755499087,2875781219,1193126522,96361554,4275476934,1406687849,2168333076,4117014379,77640047,2254394202,2824726403,15351238433,63410202215,25262809892,5850192807,3969580053,10875148376,1950137381,52305631180,52334706794,14193936804,27799174422,42631316688,21664750030,39807653801,54462633538,33010429606,9.26,2.75,13.91,45113,24381,99683,21484,23917,4855,71626,17944,30045
db-05,4,17,70,48,55,57,38,94,28,41,11,45,1,7,54,39,7,24,61,64,86,66,97,58,53,69,25,80,95,14,77,11,69,58805571884,30473991477,38430969189,57768867783,30552571834,38344281327,51615378739,62368213758,51168204394,25148963364,24649133150,32717440579,1758588497,4380957223,2890547641,4021256964,4735671924,4532988627,1133431583,2309316920,4185567051,2751245162,2665229366,3261446082,3588259995,1533182864,3010940219,839703199,1726673622,963112232,3291557043,357436949,4742547224,70103521,2733512777,3090078609,380097563,2851746485,2407721852,4219521601,3380888533,2049561238,4536304306,4545856066,382313216,629473102,3223640996,2497809947,4828407452,359472608,4427073636,2205486905,351913963,903274946,2154096724,2513995982,1660898748,2386200652,1392757705,531227211,17807318135,52745542380,21635916086,40094240958,31913365457,56098518327,32450251502,24282003171,3194663138,32146218736,1269464712,19554087967,29442901699,35683418062,61524577550,47698384450,14.56,4.55,14.53,95620,20090,52099,14304,59959,40912,37198,32641,99258
db-05,5,82,89,24,7,21,49,84,89,0,80,92,39,1,56,45,66,63,28,81,100,63,56,51,81,56,16,94,80,61,47,55,45,7769545153,50056418406,53208687398,5675167425,35359627479,24545750567,31408899034,12390302139,24774275757,63560155796,6610949249,38439665719,4133178387,4183052933,4154762617,3108652044,384230550,4915666998,4204350424,4655465039,3240927380,4524895676,1767079381,2756541460,4101714269,962065113,417182422,4447910517,2087821682,2470407166,2312697607,2006140095,3548353741,3240090301,3365994756,4267709291,1847099322,4182972556,4534683017,3784144522,4723914433,2841236530,4848275569,81205208,1379930995,4416480275,4051539663,867780957,1795697594,2259573933,3785990123,4552696356,1068686839,257892810,766967187,161088659,1377636161,254906213,1033498900,2375402250,21573122272,5716244961,9427421451,9688094886,48546669630,14255122115,8300211796,30961837707,39413555978,56300510216,17097713972,63546166999,29845891376,57350384723,35186518567,62315096721,6.99,2.99,8.6,24110,8316,90112,18420,44996,7238,80529,96553,31885
db-05,6,9,64,89,31,30,21,9,34,70,78,75,5,73,52,26,46,11,28,23,53,25,1,90,19,51,84,97,19,1,56,37,83,28715788630,18305810877,3663224583,55276541076,45483282333,46379026170,27139981,12486872646,1670758681,40287071333,53861863510,45056984862,1942807404,4987160610,4412760246,2345554087,1933749138,1984962961,1147967035,792720705,4958701780,1897379359,4892512060,4759807901,299317288,2221109214,2344988835,2687756838,3376084569,4360433362,4273390080,2944846089,2906676733,3970266970,3357310055,3839456122,3023792129,1131056442,3439029363,4685714543,1712589,3242455242,2214327368,1280037316,2153559388,3446773269,3270785225,1058501328,1096853500,1829989984,530912843,2613573760,880697028,3871071756,1033219675,827984862,1534104367,3445701817,312704631,1923021755,49059642373,12398230811,3280788911,54905445991,12117820583,7931454670,3510327933,47080574626,43811510495,11267047922,7916815810,24042540382,24257855825,60179524759,48215027846,23167612835,2.08,9.2,1.33,81421,50681,20953,66988,7920,20245,95146,31255,77276
db-05,7,92,0,68,80,92,48,43,76,25,8,45,40,84,79,6,45,54,73,20,53,1,49,26,53,35,0,28,85,93,19,48,57,55875852199,38208705403,48920696799,17796577380,57947290996,4874934599,20837186419,38532191204,12543970239,667351228,47188521068,48270708450,2316829716,4955855896,258288301,1275159463,2823491420,1110149337,694477363,2821729226,3432747576,2416234820,3320640217,4986104510,1114429229,4604424708,4010408391,634808007,1835649216,2392808945,1070039024,1795752892,876658166,3671967237,4468717597,2432252403,1336615960,1373301977,63139807,3923707192,3335699304,4829483910,4036614295,4596680108,3656598107,4945553503,727758346,1308469872,383746785,449724250,3344518299,1652058357,2588268299,561352581,119270107,4480979601,4051870122,494773875,4113850681,3836440454,19039824422,13555266814,45676368860,42874774866,54387405643,28335987830,50111453891,28240401723,32969856048,38783384661,28300042780,12825240024,13066393015,35468002350,7451994116,429995496,15.85,8.64,14.24,81287,14069,52418,56795,96083,62588,20793,96282,88469
db-05,8,26,2,24,100,86,36,51,97,29,23,98,60,52,44,34,59,11,85,40,79,9,83,6,66,35,3,66,85,43,37,16,22,147218475,60242348713,28527537190,56975712836,41271449206,44810293878,12664283565,36143324553,20458316996,14423073730,37955632377,48090666808,4712653622,2319233441,488479067,430340034,1136482561,1174109616,2088298268,2024947999,4000506644,3282907525,1111174543,375604915,3729753147,376955079,4007845913,421887272,4218613482,4686992890,1570385611,3614678218,1952298132,4034047388,3236720333,2217227894,2333740987,1278510325,598460742,1055058844,4781954397,4334032772,299566543,4803896515,1877209349,2260622561,1550934198,45224704,374215777,2961433358,4434593628,885108502,1991836112,65880395,944995076,1370753381,1880953300,3978483733,734384079,2518913944,23105950525,41133199231,21112098482,49473564464,57757528751,52117695813,40387435316,5157493519,57025827366,6374696396,57400947929,10314096976,63093567810,36157307732,42449620352,5995160091,11.55,15.68,6.77,24591,58490,586,28504,40862,72299,16253,76543,76487
db-05,9,94,83,45,44,89,38,45,59,93,49,0,30,25,1,60,67,10,44,68,73,11,6,54,38,29,92,46,32,26,20,41,48,46517306286,11636279603,38248971478,54136666301,60183517375,63364051854,19045696359,62014351632,27632795996,60011205719,55806554926,57904528929,636478618,2048671815,1461814006,1986721021,1202822364,3809323766,4310666628,1232305265,2766185044,227116902,582912746,3451877482,2454820996,707473016,295605380,3588801085,724481571,649693181,3232494088,4015455483,4700025106,4094686442,1939103515,378487834,1345905342,4567442645,3499214229,3758014071,214578081,2464667328,916429304,3046626066,1928126705,1401992058,2361229788,100121271,2966040345,4920185607,755321741,3453632851,376244508,2501672610,4745215589,2319956269,1449871076,893464298,1067573178,978934791,50892693138,13470821241,11262051230,48972892064,61610940744,63398928779,27384867635,1677858804,26593659304,42455721433,53467145768,30665863595,53093569600,31881996638,50618165099,5320079122,13.93,7.11,9.57,73715,28968,53488,61370,73659,92570,89940,20042,50970
db-05,10,1,87,100,98,73,75,98,49,10,48,27,55,63,84,30,40,19,96,46,25,60,39,89,36,10,18,3,86,57,37,31,72,10418487547,25752209842,24199279299,11091554102,63978384004,59631723334,55803491311,18372147397,28643788431,18586510621,30626409099,6375343130,3752554347,1231261091,2501479435,4675911424,3282185869,4734491202,1089187690,1521804505,2749343175,1056981672,4491417408,46530342,2137092371,1879133204,4196878,1301697954,2581348000,2263312630,752286507,168012048,3393965959,4237603709,1697400561,4314303820,1800142166,1961349847,692183770,4203190507,2350322267,2250669459,3926458647,4366582314,1815124815,4083848070,3379574116,3057839047,1184078586,2563589450,4502869106,2770132927,350991513,45721072,1059055821,2657383479,385561408,3247319543,990753414,3910043797,22566048820,19187874210,37890017141,23453594054,55140619131,45631619891,7688615408,26831409030,54090911324,688885001,21619246940,18735847498,14797067817,23469377168,21483165312,24963196767,7.77,5.21,4.56,27121,23251,86819,62300,70094,17397,91617,5596,92877
db-05,11,40,70,55,71,63,77,54,32,42,23,88,69,10,11,73,12,31,10,78,8,22,13,48,10,56,44,54,30,18,35,59,83,58972956632,22705174383,34938447881,21964008355,36128283000,56770814764,44123637762,27814630085,41760528854,61788203904,5257671645,43070574200,729484933,2810329122,3513410689,2178368433,2929644372,4491114486,3767148306,1923999581,1772011076,4485049312,1814422115,3413833728,2081081014,3164561504,198341666,1070139485,983610066,514028556,1102749276,922419498,779269369,2067909371,2522419431,655956022,906989120,2556404001,984991802,4928813285,2422649316,285022689,4484521080,3027736627,2238548112,4789367469,3217941588,1561571702,3396541421,2519338981,429020266,3182889064,1934162587,3679842483,1009941205,1049410345,43778004,3565887066,1799161407,2668212695,26931696156,17084397122,17269038242,12558133386,53001375454,18026593293,13229432230,1068966206,24395957118,50076077024,54802879402,12691187098,60491974700,44409686241,55129779428,18236303998,7.79,15.19,7.02,77849,74040,9847,80582,66904,8673,40376,4016,7870
