query_id,day,team,warehouse,cost_usd,scanned_gb,seconds,run_by
q-00001,2026-08-03,growth,xsmall,0.0275,25.119,110.14,growth_svc
q-00002,2026-08-03,platform,small,0.1948,51.316,292.24,analyst_9
q-00003,2026-08-03,support,xsmall,0.0134,22.104,53.42,analyst_9
q-00004,2026-08-03,ml,xsmall,0.0041,6.655,16.47,analyst_3
q-00005,2026-08-03,platform,small,0.0685,33.477,102.73,platform_svc
q-00006,2026-08-03,platform,xsmall,0.0002,0.129,0.81,platform_svc
q-00007,2026-08-03,support,small,0.0757,19.013,113.49,analyst_4
q-00008,2026-08-03,support,small,0.0204,6.482,30.56,analyst_6
q-00009,2026-08-03,support,xsmall,0.0284,50.741,113.48,support_svc
q-00010,2026-08-03,finance,xsmall,0.0077,5.11,30.67,analyst_2
q-00011,2026-08-03,ml,small,0.0048,2.103,7.18,analyst_2
q-00012,2026-08-03,support,xsmall,0.037,29.941,148.01,support_svc
q-00013,2026-08-03,finance,small,0.0483,12.247,72.39,finance_svc
q-00014,2026-08-03,support,xsmall,0.0416,33.405,166.28,analyst_3
q-00015,2026-08-03,support,small,0.0422,30.109,63.33,analyst_6
q-00016,2026-08-03,platform,xsmall,0.0133,12.82,53.33,platform_svc
q-00017,2026-08-03,platform,xsmall,0.004,3.764,16.16,platform_svc
q-00018,2026-08-03,support,small,0.0224,6.223,33.61,analyst_1
q-00019,2026-08-03,finance,xsmall,0.0101,9.435,40.53,analyst_7
q-00020,2026-08-03,ml,small,0.0864,66.838,129.62,ml_svc
q-00021,2026-08-03,support,small,0.0125,5.762,18.78,support_svc
q-00022,2026-08-03,finance,small,0.002,1.154,3.01,analyst_6
q-00023,2026-08-03,platform,xsmall,0.0018,4.225,7.05,platform_svc
q-00024,2026-08-03,ml,small,0.0143,3.541,21.43,ml_svc
q-00025,2026-08-03,finance,small,0.069,28.825,103.53,analyst_8
q-00026,2026-08-03,support,small,0.0071,4.771,10.71,analyst_7
q-00027,2026-08-03,growth,xsmall,0.0082,19.489,32.88,analyst_6
q-00028,2026-08-03,finance,xsmall,0.0207,16.943,82.88,analyst_2
q-00029,2026-08-03,growth,xsmall,0.0091,6.881,36.35,analyst_1
q-00030,2026-08-03,finance,xsmall,0.0172,11.889,68.76,analyst_8
q-00031,2026-08-03,platform,xsmall,0.0428,34.275,171.16,platform_svc
q-00032,2026-08-03,support,small,0.0493,17.851,73.89,analyst_9
q-00033,2026-08-03,ml,xsmall,0.017,33.588,67.86,ml_svc
q-00034,2026-08-03,ml,xsmall,0.0152,10.339,60.66,analyst_9
q-00035,2026-08-03,support,xsmall,0.0166,11.144,66.46,support_svc
q-00036,2026-08-03,platform,xsmall,0.0073,8.467,29.11,analyst_2
q-00037,2026-08-03,platform,small,0.0336,14.108,50.39,platform_svc
q-00038,2026-08-03,ml,large,0.0418,4.251,16.53,ml_svc
q-00039,2026-08-03,platform,xsmall,0.0317,24.514,126.64,analyst_7
q-00040,2026-08-03,ml,xsmall,0.0006,0.451,2.45,ml_svc
q-00041,2026-08-03,finance,xsmall,0.0126,10.033,50.32,analyst_4
q-00042,2026-08-03,platform,large,0.0916,11.993,36.22,analyst_8
q-00043,2026-08-03,finance,xsmall,0.053,36.436,211.92,analyst_9
q-00044,2026-08-03,finance,xsmall,0.0685,60.948,274.12,analyst_1
q-00045,2026-08-03,platform,small,0.0631,18.524,94.65,analyst_8
q-00046,2026-08-03,finance,xsmall,0.0088,24.17,35.25,analyst_2
q-00047,2026-08-03,ml,xsmall,0.0199,13.696,79.43,analyst_2
q-00048,2026-08-03,platform,xsmall,0.0012,2.751,4.9,platform_svc
q-00049,2026-08-03,platform,large,0.0164,2.087,6.49,analyst_5
q-00050,2026-08-03,ml,xsmall,0.0566,67.933,226.42,analyst_5
q-00051,2026-08-03,growth,xsmall,0.0414,37.246,165.47,growth_svc
q-00052,2026-08-03,platform,xsmall,0.0126,28.806,50.48,analyst_6
q-00053,2026-08-03,finance,xsmall,0.0282,28.097,112.84,finance_svc
q-00054,2026-08-03,platform,xsmall,0.0154,14.88,61.61,analyst_1
q-00055,2026-08-03,finance,small,0.0793,24.079,118.98,analyst_3
q-00056,2026-08-03,finance,small,0.0024,1.993,3.54,finance_svc
q-00057,2026-08-03,support,xsmall,0.0136,14.134,54.47,analyst_1
q-00058,2026-08-03,growth,xsmall,0.0367,31.267,146.68,growth_svc
q-00059,2026-08-03,platform,small,0.0134,4.935,20.17,analyst_8
q-00060,2026-08-03,growth,small,0.0121,4.489,18.08,growth_svc
q-00061,2026-08-03,platform,large,0.0022,0.182,0.86,platform_svc
q-00062,2026-08-03,growth,xsmall,0.0713,48.707,285.15,analyst_6
q-00063,2026-08-03,growth,small,0.0151,12.409,22.61,growth_svc
q-00064,2026-08-03,support,small,0.0074,2.653,11.08,support_svc
q-00065,2026-08-03,ml,small,0.0156,5.923,23.41,analyst_6
q-00066,2026-08-03,growth,xsmall,0.0066,6.424,26.33,analyst_9
q-00067,2026-08-03,support,xsmall,0.0003,0.126,1.05,analyst_8
q-00068,2026-08-03,platform,xsmall,0.0307,33.436,122.89,analyst_5
q-00069,2026-08-03,finance,xsmall,0.021,27.677,83.91,analyst_8
q-00070,2026-08-03,finance,xsmall,0.0045,10.546,18.19,finance_svc
q-00071,2026-08-03,platform,xsmall,0.0088,9.666,35.27,platform_svc
q-00072,2026-08-03,ml,xsmall,0.0546,52.694,218.28,analyst_3
q-00073,2026-08-03,platform,xsmall,0.0248,26.757,99.13,platform_svc
q-00074,2026-08-03,ml,xsmall,0.0015,2.744,6.04,analyst_4
q-00075,2026-08-03,support,small,0.0415,33.082,62.19,support_svc
q-00076,2026-08-03,finance,small,0.1171,62.354,175.6,finance_svc
q-00077,2026-08-03,support,large,0.0173,2.299,6.84,analyst_2
q-00078,2026-08-03,ml,xsmall,0.003,3.804,12.0,analyst_6
q-00079,2026-08-03,platform,xsmall,0.002,1.83,7.92,platform_svc
q-00080,2026-08-03,ml,xsmall,0.0166,19.653,66.38,ml_svc
q-00081,2026-08-03,platform,xsmall,0.0293,21.765,117.11,analyst_6
q-00082,2026-08-03,support,large,0.1038,13.121,41.06,analyst_8
q-00083,2026-08-03,finance,xsmall,0.0399,26.542,159.71,finance_svc
q-00084,2026-08-03,growth,xsmall,0.0083,11.127,33.21,growth_svc
q-00085,2026-08-03,finance,xsmall,0.0006,0.502,2.49,analyst_3
q-00086,2026-08-03,platform,small,0.0499,18.795,74.82,analyst_5
q-00087,2026-08-03,ml,small,0.0307,18.403,46.01,analyst_6
q-00088,2026-08-03,platform,small,0.0588,17.677,88.19,analyst_8
q-00089,2026-08-03,ml,small,0.0121,3.375,18.17,analyst_1
q-00090,2026-08-03,ml,large,0.5478,38.517,216.72,analyst_7
q-00091,2026-08-03,support,small,0.0209,6.948,31.37,analyst_8
q-00092,2026-08-03,growth,small,0.049,46.159,73.49,analyst_2
q-00093,2026-08-03,growth,xsmall,0.0007,0.997,2.78,analyst_6
q-00094,2026-08-03,finance,large,1.0976,75.471,434.2,analyst_8
q-00095,2026-08-03,growth,xsmall,0.0062,5.23,24.61,growth_svc
q-00096,2026-08-03,ml,xsmall,0.0118,15.212,47.3,ml_svc
q-00097,2026-08-03,growth,xsmall,0.0068,6.03,27.34,analyst_2
q-00098,2026-08-03,support,large,0.338,33.31,133.73,analyst_3
q-00099,2026-08-03,growth,small,0.0473,14.584,70.92,analyst_8
q-00100,2026-08-03,platform,xsmall,0.0345,47.056,137.89,analyst_7
q-00101,2026-08-03,finance,large,0.307,21.091,121.44,analyst_1
q-00102,2026-08-03,platform,small,0.0136,3.998,20.37,platform_svc
q-00103,2026-08-03,finance,xsmall,0.0318,27.16,127.12,finance_svc
q-00104,2026-08-03,support,small,0.1526,43.971,228.83,analyst_5
q-00105,2026-08-03,support,xsmall,0.0218,35.295,87.1,analyst_9
q-00106,2026-08-03,finance,xsmall,0.0014,1.463,5.67,analyst_4
q-00107,2026-08-03,support,small,0.0356,22.882,53.45,support_svc
q-00108,2026-08-03,platform,small,0.0397,16.003,59.52,platform_svc
q-00109,2026-08-03,growth,small,0.02,9.879,29.97,analyst_3
q-00110,2026-08-03,finance,xsmall,0.0178,16.817,71.18,analyst_1
q-00111,2026-08-03,platform,large,0.008,1.215,3.17,platform_svc
q-00112,2026-08-03,support,small,0.0094,4.318,14.11,analyst_4
q-00113,2026-08-03,finance,xsmall,0.0212,51.317,84.76,analyst_4
q-00114,2026-08-03,platform,xsmall,0.0156,15.97,62.22,platform_svc
q-00115,2026-08-03,ml,xsmall,0.0083,7.85,33.22,analyst_3
q-00116,2026-08-03,finance,xsmall,0.0091,11.421,36.48,analyst_1
q-00117,2026-08-03,growth,xsmall,0.0255,20.245,101.9,analyst_5
q-00118,2026-08-03,support,xsmall,0.0136,13.111,54.3,analyst_1
q-00119,2026-08-03,ml,small,0.0118,3.431,17.69,analyst_8
q-00120,2026-08-03,finance,large,0.0432,3.057,17.1,finance_svc
q-00121,2026-08-03,finance,xsmall,0.021,13.939,84.03,finance_svc
q-00122,2026-08-03,growth,small,0.0541,17.742,81.21,analyst_6
q-00123,2026-08-03,platform,xsmall,0.0439,30.705,175.54,analyst_4
q-00124,2026-08-03,platform,small,0.0313,16.677,46.97,analyst_7
q-00125,2026-08-03,ml,small,0.0274,12.243,41.1,ml_svc
q-00126,2026-08-03,growth,xsmall,0.0358,47.495,143.38,growth_svc
q-00127,2026-08-03,growth,large,0.1075,16.079,42.51,growth_svc
q-00128,2026-08-03,platform,small,0.0557,24.41,83.52,platform_svc
q-00129,2026-08-03,support,large,0.1239,17.375,49.01,analyst_3
q-00130,2026-08-03,growth,xsmall,0.0203,19.281,81.32,analyst_5
q-00131,2026-08-03,support,xsmall,0.0098,10.149,39.12,analyst_6
q-00132,2026-08-03,support,xsmall,0.0068,4.435,27.04,support_svc
q-00133,2026-08-03,growth,xsmall,0.0439,29.745,175.73,analyst_1
q-00134,2026-08-03,finance,xsmall,0.0021,2.736,8.57,analyst_2
q-00135,2026-08-03,growth,large,0.0656,12.283,25.97,growth_svc
q-00136,2026-08-03,finance,small,0.0591,40.103,88.64,analyst_5
q-00137,2026-08-03,finance,large,0.5144,34.408,203.48,analyst_9
q-00138,2026-08-03,platform,xsmall,0.0021,2.015,8.29,analyst_4
q-00139,2026-08-03,ml,xsmall,0.0296,22.112,118.26,ml_svc
q-00140,2026-08-03,ml,xsmall,0.002,1.332,7.92,analyst_7
q-00141,2026-08-04,growth,small,0.0682,18.358,102.23,growth_svc
q-00142,2026-08-04,growth,small,0.0599,21.977,89.86,analyst_7
q-00143,2026-08-04,platform,large,0.0864,8.714,34.18,analyst_9
q-00144,2026-08-04,platform,xsmall,0.0013,1.137,5.01,analyst_4
q-00145,2026-08-04,support,xsmall,0.0104,8.419,41.52,support_svc
q-00146,2026-08-04,growth,xsmall,0.0077,5.127,30.61,analyst_4
q-00147,2026-08-04,platform,xsmall,0.0195,14.851,78.02,platform_svc
q-00148,2026-08-04,finance,small,0.0054,2.558,8.09,analyst_6
q-00149,2026-08-04,finance,xsmall,0.007,4.891,27.85,analyst_6
q-00150,2026-08-04,platform,xsmall,0.0073,15.527,29.01,analyst_9
q-00151,2026-08-04,growth,large,0.077,5.677,30.46,analyst_7
q-00152,2026-08-04,finance,small,0.0946,23.801,141.97,finance_svc
q-00153,2026-08-04,ml,small,0.0248,14.616,37.26,ml_svc
q-00154,2026-08-04,platform,small,0.0095,3.489,14.22,analyst_2
q-00155,2026-08-04,support,xsmall,0.0074,7.324,29.53,analyst_4
q-00156,2026-08-04,platform,xsmall,0.0276,21.902,110.44,analyst_6
q-00157,2026-08-04,growth,xsmall,0.0271,25.926,108.48,analyst_2
q-00158,2026-08-04,platform,xsmall,0.0372,36.1,148.87,analyst_6
q-00159,2026-08-04,growth,small,0.1649,45.854,247.28,growth_svc
q-00160,2026-08-04,support,xsmall,0.0088,8.068,35.33,support_svc
q-00161,2026-08-04,support,xsmall,0.0098,20.84,39.2,support_svc
q-00162,2026-08-04,platform,xsmall,0.0093,7.829,37.19,analyst_6
q-00163,2026-08-04,finance,xsmall,0.0213,20.92,85.24,analyst_4
q-00164,2026-08-04,growth,small,0.0056,4.223,8.4,analyst_6
q-00165,2026-08-04,finance,xsmall,0.036,24.336,143.84,analyst_7
q-00166,2026-08-04,ml,xsmall,0.0332,24.369,132.77,analyst_5
q-00167,2026-08-04,platform,small,0.0088,4.407,13.25,analyst_8
q-00168,2026-08-04,support,small,0.0074,2.297,11.17,analyst_4
q-00169,2026-08-04,ml,small,0.0258,8.92,38.75,ml_svc
q-00170,2026-08-04,finance,xsmall,0.0036,6.164,14.35,finance_svc
q-00171,2026-08-04,growth,small,0.0194,16.71,29.11,growth_svc
q-00172,2026-08-04,growth,xsmall,0.0262,19.53,104.91,analyst_1
q-00173,2026-08-04,platform,xsmall,0.0367,24.419,146.99,analyst_1
q-00174,2026-08-04,finance,xsmall,0.001,2.311,4.08,analyst_9
q-00175,2026-08-04,support,xsmall,0.0064,7.51,25.67,support_svc
q-00176,2026-08-04,ml,large,0.0469,12.404,18.55,analyst_9
q-00177,2026-08-04,support,xsmall,0.0009,0.491,3.43,analyst_9
q-00178,2026-08-04,platform,xsmall,0.0031,2.409,12.41,platform_svc
q-00179,2026-08-04,growth,xsmall,0.0559,63.037,223.79,analyst_9
q-00180,2026-08-04,finance,xsmall,0.0002,0.109,0.9,analyst_4
q-00181,2026-08-04,platform,xsmall,0.0115,12.78,46.01,analyst_8
q-00182,2026-08-04,support,xsmall,0.0078,6.967,31.2,analyst_9
q-00183,2026-08-04,platform,small,0.1814,53.15,272.12,analyst_4
q-00184,2026-08-04,support,small,0.0076,2.768,11.37,support_svc
q-00185,2026-08-04,ml,small,0.121,31.982,181.56,ml_svc
q-00186,2026-08-04,growth,xsmall,0.0014,1.914,5.46,analyst_6
q-00187,2026-08-04,support,small,0.1217,43.987,182.57,analyst_3
q-00188,2026-08-04,support,xsmall,0.0165,20.91,65.83,support_svc
q-00189,2026-08-04,support,xsmall,0.0137,32.592,54.93,support_svc
q-00190,2026-08-04,platform,small,0.0282,11.596,42.25,analyst_8
q-00191,2026-08-04,growth,large,0.0259,2.208,10.23,analyst_7
q-00192,2026-08-04,growth,large,0.6401,54.407,253.24,growth_svc
q-00193,2026-08-04,ml,xsmall,0.0233,46.362,93.13,analyst_5
q-00194,2026-08-04,finance,xsmall,0.0238,17.842,95.21,finance_svc
q-00195,2026-08-04,platform,xsmall,0.0147,16.03,58.88,analyst_7
q-00196,2026-08-04,finance,small,0.0751,22.627,112.71,finance_svc
q-00197,2026-08-04,finance,xsmall,0.0042,4.218,16.67,finance_svc
q-00198,2026-08-04,growth,xsmall,0.044,62.736,176.04,growth_svc
q-00199,2026-08-04,support,small,0.0137,7.476,20.49,support_svc
q-00200,2026-08-04,finance,small,0.1294,36.317,194.07,finance_svc
q-00201,2026-08-04,growth,small,0.0015,0.676,2.31,analyst_3
q-00202,2026-08-04,growth,small,0.1138,43.445,170.69,growth_svc
q-00203,2026-08-04,platform,small,0.0794,25.71,119.11,platform_svc
q-00204,2026-08-04,support,small,0.0105,7.641,15.79,analyst_3
q-00205,2026-08-04,support,xsmall,0.0179,22.422,71.7,analyst_7
q-00206,2026-08-04,support,xsmall,0.0161,24.469,64.43,support_svc
q-00207,2026-08-04,finance,xsmall,0.0255,20.6,101.81,finance_svc
q-00208,2026-08-04,support,small,0.0083,3.272,12.43,support_svc
q-00209,2026-08-04,growth,xsmall,0.0067,15.616,26.67,analyst_8
q-00210,2026-08-04,support,xsmall,0.0009,1.16,3.78,analyst_5
q-00211,2026-08-04,finance,xsmall,0.0192,39.4,76.98,finance_svc
q-00212,2026-08-04,growth,small,0.0746,24.44,111.88,growth_svc
q-00213,2026-08-04,finance,xsmall,0.0209,22.402,83.54,analyst_7
q-00214,2026-08-04,growth,small,0.0292,11.0,43.79,growth_svc
q-00215,2026-08-04,ml,xsmall,0.0045,11.8,17.93,analyst_9
q-00216,2026-08-04,growth,small,0.0518,14.415,77.73,analyst_7
q-00217,2026-08-04,growth,xsmall,0.0228,22.66,91.31,growth_svc
q-00218,2026-08-04,growth,xsmall,0.0023,1.575,9.16,growth_svc
q-00219,2026-08-04,platform,xsmall,0.0085,8.913,34.19,analyst_2
q-00220,2026-08-04,finance,small,0.133,36.115,199.53,analyst_2
q-00221,2026-08-04,growth,xsmall,0.0377,27.549,150.61,analyst_3
q-00222,2026-08-04,platform,small,0.023,10.659,34.51,analyst_6
q-00223,2026-08-04,ml,large,0.1983,13.503,78.44,ml_svc
q-00224,2026-08-04,support,xsmall,0.0306,25.579,122.33,analyst_8
q-00225,2026-08-04,ml,xsmall,0.0003,0.2,1.32,analyst_9
q-00226,2026-08-04,growth,small,0.0818,42.502,122.76,growth_svc
q-00227,2026-08-04,platform,xsmall,0.0065,14.733,26.1,analyst_3
q-00228,2026-08-04,platform,small,0.0581,17.863,87.2,analyst_4
q-00229,2026-08-04,growth,small,0.0008,0.109,1.13,analyst_2
q-00230,2026-08-04,support,xsmall,0.0487,53.44,194.89,analyst_3
q-00231,2026-08-04,platform,xsmall,0.0013,0.787,5.28,platform_svc
q-00232,2026-08-04,growth,xsmall,0.0012,0.901,4.94,analyst_5
q-00233,2026-08-04,growth,xsmall,0.0073,15.791,29.29,analyst_8
q-00234,2026-08-04,growth,small,0.0207,13.168,31.03,analyst_4
q-00235,2026-08-04,finance,xsmall,0.0211,54.226,84.46,finance_svc
q-00236,2026-08-04,ml,xsmall,0.039,39.291,155.88,ml_svc
q-00237,2026-08-04,support,small,0.0611,18.007,91.63,analyst_3
q-00238,2026-08-04,ml,xsmall,0.0114,12.187,45.73,ml_svc
q-00239,2026-08-04,support,xsmall,0.0236,22.353,94.27,analyst_7
q-00240,2026-08-04,finance,large,0.1247,10.488,49.33,finance_svc
q-00241,2026-08-04,growth,xsmall,0.0344,27.834,137.75,growth_svc
q-00242,2026-08-04,ml,small,0.0152,13.211,22.84,analyst_8
q-00243,2026-08-04,ml,small,0.0375,15.016,56.21,analyst_1
q-00244,2026-08-04,platform,xsmall,0.0131,10.433,52.34,analyst_4
q-00245,2026-08-04,ml,xsmall,0.0113,17.861,45.23,ml_svc
q-00246,2026-08-04,finance,xsmall,0.0525,51.788,210.11,finance_svc
q-00247,2026-08-04,ml,large,0.0667,11.781,26.37,analyst_2
q-00248,2026-08-04,platform,xsmall,0.0216,17.684,86.49,analyst_2
q-00249,2026-08-04,platform,xsmall,0.004,6.677,15.93,analyst_2
q-00250,2026-08-04,support,small,0.1467,38.619,220.12,analyst_4
q-00251,2026-08-04,finance,xsmall,0.0089,5.876,35.69,analyst_8
q-00252,2026-08-04,ml,xsmall,0.0326,32.854,130.33,analyst_2
q-00253,2026-08-04,ml,xsmall,0.0033,3.524,13.01,ml_svc
q-00254,2026-08-04,support,xsmall,0.0025,2.906,10.04,analyst_8
q-00255,2026-08-04,finance,xsmall,0.0009,0.81,3.61,finance_svc
q-00256,2026-08-04,ml,xsmall,0.0369,32.701,147.53,analyst_1
q-00257,2026-08-04,growth,xsmall,0.0049,8.528,19.41,analyst_4
q-00258,2026-08-04,ml,xsmall,0.0022,1.816,8.72,analyst_8
q-00259,2026-08-04,platform,xsmall,0.0069,13.786,27.6,platform_svc
q-00260,2026-08-04,ml,xsmall,0.0085,9.508,34.18,analyst_4
q-00261,2026-08-04,support,small,0.0147,13.25,22.07,support_svc
q-00262,2026-08-04,platform,xsmall,0.0017,3.173,6.83,platform_svc
q-00263,2026-08-04,support,xsmall,0.0147,10.662,58.91,analyst_4
q-00264,2026-08-04,support,xsmall,0.0648,50.126,259.25,analyst_3
q-00265,2026-08-04,platform,xsmall,0.0029,3.382,11.6,analyst_1
q-00266,2026-08-04,platform,xsmall,0.0544,48.79,217.55,analyst_8
q-00267,2026-08-04,finance,small,0.0257,26.542,38.49,finance_svc
q-00268,2026-08-04,finance,small,0.023,11.982,34.51,analyst_8
q-00269,2026-08-04,ml,xsmall,0.0016,2.531,6.21,analyst_6
q-00270,2026-08-04,ml,small,0.033,13.243,49.43,analyst_9
q-00271,2026-08-04,finance,small,0.0506,14.948,75.9,finance_svc
q-00272,2026-08-04,ml,xsmall,0.0016,2.621,6.46,analyst_1
q-00273,2026-08-04,finance,small,0.0204,12.981,30.6,analyst_5
q-00274,2026-08-04,ml,xsmall,0.0225,19.576,90.19,analyst_6
q-00275,2026-08-04,platform,small,0.1672,42.849,250.77,platform_svc
q-00276,2026-08-04,finance,small,0.0232,9.563,34.74,finance_svc
q-00277,2026-08-04,support,large,0.1155,21.903,45.71,support_svc
q-00278,2026-08-04,support,large,0.0489,13.292,19.36,analyst_3
q-00279,2026-08-04,ml,xsmall,0.0045,10.046,17.84,ml_svc
q-00280,2026-08-04,growth,small,0.0514,13.43,77.03,analyst_3
q-00281,2026-08-05,platform,xsmall,0.0791,54.516,316.33,platform_svc
q-00282,2026-08-05,finance,large,0.13,11.929,51.44,analyst_2
q-00283,2026-08-05,platform,small,0.0167,4.838,25.0,analyst_6
q-00284,2026-08-05,platform,xsmall,0.001,1.895,4.13,analyst_1
q-00285,2026-08-05,support,xsmall,0.0049,3.447,19.78,support_svc
q-00286,2026-08-05,finance,small,0.2188,74.347,328.24,finance_svc
q-00287,2026-08-05,finance,large,0.2385,36.653,94.34,analyst_3
q-00288,2026-08-05,support,xsmall,0.0111,9.118,44.21,analyst_9
q-00289,2026-08-05,growth,large,0.0422,5.567,16.7,analyst_1
q-00290,2026-08-05,growth,xsmall,0.0005,0.557,2.02,analyst_6
q-00291,2026-08-05,support,xsmall,0.0168,14.446,67.35,support_svc
q-00292,2026-08-05,support,xsmall,0.0024,4.018,9.46,analyst_1
q-00293,2026-08-05,support,small,0.0555,16.152,83.27,support_svc
q-00294,2026-08-05,platform,xsmall,0.007,7.754,28.05,analyst_1
q-00295,2026-08-05,platform,small,0.0011,0.745,1.67,analyst_9
q-00296,2026-08-05,platform,small,0.0253,21.071,37.89,platform_svc
q-00297,2026-08-05,ml,xsmall,0.005,8.621,20.13,ml_svc
q-00298,2026-08-05,growth,small,0.0103,4.845,15.42,analyst_9
q-00299,2026-08-05,growth,small,0.0036,1.098,5.33,analyst_9
q-00300,2026-08-05,growth,xsmall,0.0262,21.308,104.83,growth_svc
q-00301,2026-08-05,ml,small,0.0288,16.472,43.27,ml_svc
q-00302,2026-08-05,growth,large,0.5083,48.936,201.1,analyst_9
q-00303,2026-08-05,support,xsmall,0.0024,3.073,9.49,analyst_8
q-00304,2026-08-05,growth,small,0.0972,41.619,145.76,analyst_2
q-00305,2026-08-05,platform,small,0.0104,10.586,15.53,platform_svc
q-00306,2026-08-05,growth,xsmall,0.0084,8.807,33.54,growth_svc
q-00307,2026-08-05,growth,small,0.0608,26.662,91.13,analyst_6
q-00308,2026-08-05,ml,small,0.0157,13.859,23.52,analyst_1
q-00309,2026-08-05,finance,large,0.1386,14.379,54.83,finance_svc
q-00310,2026-08-05,support,small,0.0651,17.484,97.72,analyst_4
q-00311,2026-08-05,ml,xsmall,0.004,3.638,16.0,ml_svc
q-00312,2026-08-05,platform,xsmall,0.0106,27.797,42.26,platform_svc
q-00313,2026-08-05,finance,xsmall,0.0143,10.031,57.32,finance_svc
q-00314,2026-08-05,ml,small,0.0126,9.107,18.93,analyst_5
q-00315,2026-08-05,support,small,0.2096,55.394,314.38,support_svc
q-00316,2026-08-05,support,large,0.5331,35.487,210.9,support_svc
q-00317,2026-08-05,platform,small,0.123,56.016,184.44,analyst_7
q-00318,2026-08-05,platform,small,0.0035,0.951,5.3,analyst_6
q-00319,2026-08-05,growth,xsmall,0.0064,4.576,25.6,analyst_7
q-00320,2026-08-05,support,xsmall,0.0085,6.638,34.17,support_svc
q-00321,2026-08-05,growth,small,0.0063,2.955,9.38,analyst_1
q-00322,2026-08-05,ml,small,0.0637,16.51,95.54,ml_svc
q-00323,2026-08-05,ml,xsmall,0.0094,18.166,37.5,ml_svc
q-00324,2026-08-05,finance,small,0.1247,31.38,187.06,analyst_6
q-00325,2026-08-05,growth,small,0.0408,11.128,61.14,growth_svc
q-00326,2026-08-05,platform,small,0.0055,2.749,8.22,analyst_9
q-00327,2026-08-05,platform,xsmall,0.0003,0.307,1.03,analyst_6
q-00328,2026-08-05,support,small,0.1582,40.117,237.28,analyst_2
q-00329,2026-08-05,ml,xsmall,0.0163,39.252,65.39,ml_svc
q-00330,2026-08-05,finance,xsmall,0.0059,6.158,23.46,finance_svc
q-00331,2026-08-05,growth,small,0.0065,2.475,9.81,analyst_3
q-00332,2026-08-05,finance,xsmall,0.0157,22.201,62.82,analyst_8
q-00333,2026-08-05,platform,xsmall,0.0044,3.167,17.78,platform_svc
q-00334,2026-08-05,growth,xsmall,0.0056,6.305,22.47,analyst_5
q-00335,2026-08-05,finance,xsmall,0.0052,7.825,20.67,finance_svc
q-00336,2026-08-05,platform,xsmall,0.0077,6.808,30.88,analyst_1
q-00337,2026-08-05,platform,small,0.0075,6.991,11.18,platform_svc
q-00338,2026-08-05,platform,xsmall,0.0205,31.244,81.96,platform_svc
q-00339,2026-08-05,platform,small,0.1656,41.555,248.46,analyst_8
q-00340,2026-08-05,support,small,0.0252,13.561,37.84,analyst_4
q-00341,2026-08-05,support,xsmall,0.042,45.586,167.88,analyst_3
q-00342,2026-08-05,growth,large,0.0888,10.42,35.14,analyst_9
q-00343,2026-08-05,platform,small,0.0235,5.924,35.29,analyst_9
q-00344,2026-08-05,platform,xsmall,0.0204,32.88,81.78,analyst_1
q-00345,2026-08-05,ml,large,0.032,6.337,12.67,analyst_6
q-00346,2026-08-05,growth,small,0.042,26.231,62.94,analyst_5
q-00347,2026-08-05,support,small,0.0015,0.798,2.29,analyst_2
q-00348,2026-08-05,platform,small,0.0676,23.586,101.4,analyst_8
q-00349,2026-08-05,growth,xsmall,0.0027,3.142,10.91,growth_svc
q-00350,2026-08-05,platform,xsmall,0.0162,11.286,64.7,analyst_8
q-00351,2026-08-05,growth,small,0.0352,18.679,52.79,analyst_8
q-00352,2026-08-05,finance,xsmall,0.0017,2.044,6.72,analyst_7
q-00353,2026-08-05,growth,xsmall,0.0047,12.599,18.69,analyst_1
q-00354,2026-08-05,growth,xsmall,0.0454,55.896,181.53,growth_svc
q-00355,2026-08-05,finance,small,0.0509,17.258,76.37,analyst_1
q-00356,2026-08-05,growth,small,0.0177,5.673,26.61,analyst_2
q-00357,2026-08-05,finance,large,0.0806,12.043,31.9,analyst_7
q-00358,2026-08-05,growth,small,0.0337,13.147,50.53,analyst_5
q-00359,2026-08-05,ml,small,0.0043,2.559,6.44,analyst_8
q-00360,2026-08-05,support,xsmall,0.0321,28.108,128.24,analyst_4
q-00361,2026-08-05,platform,xsmall,0.0132,11.562,52.62,platform_svc
q-00362,2026-08-05,ml,xsmall,0.0037,4.525,14.64,ml_svc
q-00363,2026-08-05,platform,xsmall,0.0035,2.496,14.16,platform_svc
q-00364,2026-08-05,finance,large,0.0348,4.971,13.75,finance_svc
q-00365,2026-08-05,finance,xsmall,0.0124,30.166,49.68,analyst_1
q-00366,2026-08-05,ml,xsmall,0.0016,2.287,6.34,ml_svc
q-00367,2026-08-05,finance,xsmall,0.0386,42.328,154.25,analyst_8
q-00368,2026-08-05,support,small,0.1228,31.107,184.17,support_svc
q-00369,2026-08-05,ml,xsmall,0.0309,23.993,123.43,analyst_9
q-00370,2026-08-05,growth,xsmall,0.0047,4.722,18.98,growth_svc
q-00371,2026-08-05,growth,xsmall,0.0381,31.287,152.38,analyst_8
q-00372,2026-08-05,support,small,0.025,9.675,37.57,analyst_9
q-00373,2026-08-05,finance,small,0.0256,11.059,38.41,finance_svc
q-00374,2026-08-05,support,large,0.0413,3.087,16.35,support_svc
q-00375,2026-08-05,growth,large,0.1436,13.075,56.82,growth_svc
q-00376,2026-08-05,finance,large,0.0393,2.707,15.55,analyst_5
q-00377,2026-08-05,ml,large,0.0114,2.016,4.5,analyst_5
q-00378,2026-08-05,support,small,0.1037,61.026,155.57,analyst_2
q-00379,2026-08-05,growth,xsmall,0.0274,20.145,109.46,analyst_7
q-00380,2026-08-05,growth,xsmall,0.0407,46.991,162.95,analyst_5
q-00381,2026-08-05,finance,xsmall,0.0116,19.917,46.45,analyst_7
q-00382,2026-08-05,support,xsmall,0.0024,1.856,9.44,analyst_8
q-00383,2026-08-05,ml,xsmall,0.0024,2.007,9.52,analyst_4
q-00384,2026-08-05,finance,xsmall,0.0295,48.214,117.85,finance_svc
q-00385,2026-08-05,growth,small,0.0046,4.394,6.84,growth_svc
q-00386,2026-08-05,support,small,0.0446,14.739,66.86,support_svc
q-00387,2026-08-05,platform,xsmall,0.003,1.914,11.92,platform_svc
q-00388,2026-08-05,platform,large,0.0952,8.421,37.65,platform_svc
q-00389,2026-08-05,support,xsmall,0.0112,28.141,44.87,analyst_2
q-00390,2026-08-05,finance,xsmall,0.0358,25.555,143.06,finance_svc
q-00391,2026-08-05,growth,large,0.3745,50.228,148.15,analyst_8
q-00392,2026-08-05,support,xsmall,0.0148,10.8,59.14,analyst_9
q-00393,2026-08-05,platform,small,0.0231,11.229,34.68,platform_svc
q-00394,2026-08-05,support,xsmall,0.004,5.138,15.93,analyst_7
q-00395,2026-08-05,platform,xsmall,0.0137,13.981,54.81,analyst_2
q-00396,2026-08-05,finance,xsmall,0.0389,30.522,155.77,analyst_5
q-00397,2026-08-05,finance,xsmall,0.0095,7.147,38.02,analyst_8
q-00398,2026-08-05,platform,xsmall,0.0191,32.23,76.25,analyst_4
q-00399,2026-08-05,finance,xsmall,0.0271,62.503,108.37,analyst_4
q-00400,2026-08-05,growth,xsmall,0.0086,7.516,34.24,growth_svc
q-00401,2026-08-05,ml,xsmall,0.0144,12.006,57.64,analyst_4
q-00402,2026-08-05,ml,xsmall,0.0071,8.406,28.46,ml_svc
q-00403,2026-08-05,platform,large,0.0041,0.217,1.61,analyst_8
q-00404,2026-08-05,finance,xsmall,0.0082,10.833,32.85,analyst_5
q-00405,2026-08-05,support,xsmall,0.002,1.636,7.83,analyst_1
q-00406,2026-08-05,platform,large,0.0619,4.838,24.5,analyst_9
q-00407,2026-08-05,support,xsmall,0.0038,6.394,15.08,analyst_4
q-00408,2026-08-05,platform,xsmall,0.0014,1.323,5.4,analyst_5
q-00409,2026-08-05,support,large,0.0809,7.162,32.02,analyst_8
q-00410,2026-08-05,ml,xsmall,0.0331,58.024,132.58,analyst_7
q-00411,2026-08-05,ml,xsmall,0.0041,9.684,16.26,analyst_7
q-00412,2026-08-05,platform,small,0.1787,48.229,268.01,analyst_1
q-00413,2026-08-05,ml,xsmall,0.0186,13.29,74.28,analyst_3
q-00414,2026-08-05,finance,xsmall,0.0474,38.348,189.69,analyst_1
q-00415,2026-08-05,finance,xsmall,0.0052,8.988,20.64,analyst_1
q-00416,2026-08-05,ml,small,0.0717,27.941,107.54,ml_svc
q-00417,2026-08-05,ml,xsmall,0.0356,59.914,142.27,analyst_6
q-00418,2026-08-05,support,small,0.0061,4.566,9.19,support_svc
q-00419,2026-08-05,finance,xsmall,0.0553,37.925,221.29,analyst_4
q-00420,2026-08-05,growth,xsmall,0.0045,8.837,18.11,analyst_5
q-00421,2026-08-06,ml,xsmall,0.0082,8.643,32.92,ml_svc
q-00422,2026-08-06,platform,xsmall,0.007,11.268,27.91,analyst_4
q-00423,2026-08-06,growth,large,0.3102,22.602,122.7,growth_svc
q-00424,2026-08-06,support,large,0.0234,6.113,9.27,analyst_1
q-00425,2026-08-06,platform,xsmall,0.0043,6.51,17.31,platform_svc
q-00426,2026-08-06,platform,xsmall,0.0022,1.64,8.81,platform_svc
q-00427,2026-08-06,ml,xsmall,0.037,34.504,147.96,ml_svc
q-00428,2026-08-06,finance,large,0.041,2.682,16.23,analyst_2
q-00429,2026-08-06,growth,xsmall,0.0322,28.046,128.76,growth_svc
q-00430,2026-08-06,finance,xsmall,0.0028,1.901,11.27,analyst_3
q-00431,2026-08-06,finance,xsmall,0.0065,12.439,25.95,finance_svc
q-00432,2026-08-06,ml,small,0.0298,11.067,44.77,ml_svc
q-00433,2026-08-06,ml,xsmall,0.0074,10.701,29.66,ml_svc
q-00434,2026-08-06,growth,xsmall,0.0083,6.865,33.26,growth_svc
q-00435,2026-08-06,finance,small,0.0789,20.822,118.34,analyst_5
q-00436,2026-08-06,growth,xsmall,0.0053,3.675,21.25,growth_svc
q-00437,2026-08-06,ml,xsmall,0.0019,3.358,7.56,analyst_9
q-00438,2026-08-06,finance,xsmall,0.004,6.371,16.05,finance_svc
q-00439,2026-08-06,ml,xsmall,0.0092,15.766,36.6,ml_svc
q-00440,2026-08-06,ml,large,0.4439,33.906,175.61,analyst_8
q-00441,2026-08-06,finance,xsmall,0.0136,35.341,54.22,analyst_5
q-00442,2026-08-06,finance,small,0.1489,44.302,223.35,finance_svc
q-00443,2026-08-06,support,xsmall,0.0049,4.496,19.54,support_svc
q-00444,2026-08-06,finance,small,0.0233,8.38,34.9,analyst_1
q-00445,2026-08-06,support,xsmall,0.0082,17.173,32.98,analyst_5
q-00446,2026-08-06,ml,xsmall,0.0044,6.15,17.43,analyst_9
q-00447,2026-08-06,platform,small,0.0035,1.672,5.27,analyst_1
q-00448,2026-08-06,platform,xsmall,0.0393,28.64,157.13,analyst_8
q-00449,2026-08-06,platform,small,0.0247,21.94,37.01,analyst_2
q-00450,2026-08-06,support,xsmall,0.0188,44.129,75.11,support_svc
q-00451,2026-08-06,support,small,0.0265,17.753,39.75,analyst_2
q-00452,2026-08-06,growth,xsmall,0.0058,10.706,23.07,analyst_7
q-00453,2026-08-06,support,xsmall,0.022,21.225,87.99,analyst_4
q-00454,2026-08-06,growth,xsmall,0.0031,6.448,12.22,growth_svc
q-00455,2026-08-06,finance,small,0.0796,36.229,119.46,finance_svc
q-00456,2026-08-06,support,xsmall,0.0417,39.507,166.79,analyst_7
q-00457,2026-08-06,growth,xsmall,0.0021,2.261,8.46,growth_svc
q-00458,2026-08-06,support,xsmall,0.0449,37.063,179.47,analyst_5
q-00459,2026-08-06,finance,small,0.0089,5.664,13.32,analyst_8
q-00460,2026-08-06,support,small,0.0128,11.059,19.21,analyst_2
q-00461,2026-08-06,support,small,0.0239,8.184,35.88,support_svc
q-00462,2026-08-06,growth,xsmall,0.0045,4.72,17.91,growth_svc
q-00463,2026-08-06,platform,large,0.1201,11.655,47.51,analyst_7
q-00464,2026-08-06,ml,xsmall,0.0481,48.22,192.52,ml_svc
q-00465,2026-08-06,platform,xsmall,0.023,16.0,92.1,analyst_7
q-00466,2026-08-06,finance,small,0.0245,7.622,36.71,analyst_2
q-00467,2026-08-06,ml,xsmall,0.0047,8.89,18.75,ml_svc
q-00468,2026-08-06,ml,xsmall,0.012,9.379,48.12,analyst_3
q-00469,2026-08-06,finance,large,0.2582,27.538,102.13,analyst_7
q-00470,2026-08-06,growth,xsmall,0.0175,24.087,69.89,growth_svc
q-00471,2026-08-06,support,xsmall,0.015,13.27,59.86,support_svc
q-00472,2026-08-06,ml,xsmall,0.0074,5.716,29.41,ml_svc
q-00473,2026-08-06,ml,xsmall,0.0186,17.327,74.59,ml_svc
q-00474,2026-08-06,finance,small,0.0136,11.391,20.37,analyst_3
q-00475,2026-08-06,finance,large,0.0845,13.864,33.42,analyst_3
q-00476,2026-08-06,platform,xsmall,0.0029,3.627,11.73,analyst_4
q-00477,2026-08-06,platform,xsmall,0.0022,1.794,8.89,platform_svc
q-00478,2026-08-06,finance,xsmall,0.0081,10.951,32.38,analyst_5
q-00479,2026-08-06,growth,xsmall,0.0012,1.489,4.78,analyst_9
q-00480,2026-08-06,finance,xsmall,0.0187,16.979,74.67,finance_svc
q-00481,2026-08-06,growth,small,0.123,54.893,184.52,growth_svc
q-00482,2026-08-06,support,xsmall,0.0108,9.777,43.2,analyst_7
q-00483,2026-08-06,finance,small,0.0106,7.401,15.83,finance_svc
q-00484,2026-08-06,support,xsmall,0.0073,5.433,29.37,support_svc
q-00485,2026-08-06,growth,small,0.0073,5.039,10.95,analyst_8
q-00486,2026-08-06,finance,xsmall,0.0445,39.158,177.81,analyst_5
q-00487,2026-08-06,support,xsmall,0.0023,4.738,9.31,support_svc
q-00488,2026-08-06,growth,xsmall,0.0112,21.316,44.8,analyst_2
q-00489,2026-08-06,platform,small,0.0146,11.742,21.93,platform_svc
q-00490,2026-08-06,support,xsmall,0.0135,22.951,53.85,analyst_1
q-00491,2026-08-06,ml,xsmall,0.019,13.318,76.02,ml_svc
q-00492,2026-08-06,support,small,0.1024,27.259,153.65,support_svc
q-00493,2026-08-06,finance,xsmall,0.007,12.56,27.87,finance_svc
q-00494,2026-08-06,finance,small,0.0147,4.595,22.0,analyst_6
q-00495,2026-08-06,growth,xsmall,0.0072,14.963,28.91,analyst_4
q-00496,2026-08-06,finance,xsmall,0.0019,1.735,7.62,analyst_5
q-00497,2026-08-06,ml,xsmall,0.0208,18.437,83.21,analyst_7
q-00498,2026-08-06,platform,xsmall,0.0085,12.17,34.19,platform_svc
q-00499,2026-08-06,finance,xsmall,0.0227,18.559,90.74,finance_svc
q-00500,2026-08-06,support,xsmall,0.0086,13.749,34.57,analyst_5
q-00501,2026-08-06,support,xsmall,0.0066,6.596,26.41,support_svc
q-00502,2026-08-06,platform,small,0.0199,6.369,29.92,platform_svc
q-00503,2026-08-06,finance,xsmall,0.0424,63.655,169.71,finance_svc
q-00504,2026-08-06,finance,small,0.1152,41.242,172.82,finance_svc
q-00505,2026-08-06,platform,xsmall,0.0069,5.968,27.64,platform_svc
q-00506,2026-08-06,platform,small,0.054,22.042,80.98,platform_svc
q-00507,2026-08-06,support,small,0.0647,19.043,97.08,analyst_5
q-00508,2026-08-06,support,small,0.0237,8.741,35.62,analyst_1
q-00509,2026-08-06,growth,xsmall,0.0281,19.028,112.35,analyst_6
q-00510,2026-08-06,ml,large,0.0538,7.131,21.27,analyst_8
q-00511,2026-08-06,growth,xsmall,0.0051,10.567,20.3,growth_svc
q-00512,2026-08-06,support,xsmall,0.0025,3.383,10.04,analyst_3
q-00513,2026-08-06,finance,xsmall,0.0115,25.122,45.9,finance_svc
q-00514,2026-08-06,support,xsmall,0.0072,8.144,28.93,analyst_1
q-00515,2026-08-06,ml,small,0.0267,7.456,40.09,analyst_8
q-00516,2026-08-06,platform,xsmall,0.0101,9.571,40.4,platform_svc
q-00517,2026-08-06,growth,xsmall,0.0004,0.255,1.74,analyst_9
q-00518,2026-08-06,support,xsmall,0.0031,6.545,12.48,support_svc
q-00519,2026-08-06,ml,xsmall,0.0658,49.973,263.18,analyst_7
q-00520,2026-08-06,ml,xsmall,0.0047,6.602,18.96,analyst_8
q-00521,2026-08-06,growth,xsmall,0.0381,27.291,152.57,analyst_1
q-00522,2026-08-06,platform,xsmall,0.0043,3.903,17.32,platform_svc
q-00523,2026-08-06,finance,small,0.0273,8.022,40.96,analyst_9
q-00524,2026-08-06,platform,large,0.0916,12.416,36.22,analyst_9
q-00525,2026-08-06,growth,xsmall,0.0307,37.407,122.73,growth_svc
q-00526,2026-08-06,support,xsmall,0.0504,37.066,201.52,analyst_1
q-00527,2026-08-06,platform,large,0.2056,20.483,81.35,analyst_8
q-00528,2026-08-06,support,small,0.0908,26.964,136.21,analyst_1
q-00529,2026-08-06,ml,small,0.0007,0.143,1.03,ml_svc
q-00530,2026-08-06,ml,small,0.0208,5.614,31.21,analyst_6
q-00531,2026-08-06,ml,small,0.0886,23.188,132.95,ml_svc
q-00532,2026-08-06,support,large,0.0665,6.494,26.32,support_svc
q-00533,2026-08-06,ml,small,0.0063,1.929,9.43,ml_svc
q-00534,2026-08-06,growth,small,0.0143,5.786,21.39,growth_svc
q-00535,2026-08-06,support,xsmall,0.0095,8.587,37.8,analyst_1
q-00536,2026-08-06,platform,xsmall,0.0392,36.551,156.89,platform_svc
q-00537,2026-08-06,support,xsmall,0.0007,0.848,2.85,analyst_6
q-00538,2026-08-06,platform,xsmall,0.0081,6.647,32.52,analyst_3
q-00539,2026-08-06,ml,xsmall,0.0112,11.548,44.64,ml_svc
q-00540,2026-08-06,growth,small,0.0342,21.405,51.29,analyst_9
q-00541,2026-08-06,finance,large,0.0204,1.633,8.08,finance_svc
q-00542,2026-08-06,finance,small,0.0978,48.718,146.72,analyst_6
q-00543,2026-08-06,ml,large,0.3745,28.011,148.15,ml_svc
q-00544,2026-08-06,finance,xsmall,0.0019,4.68,7.45,analyst_1
q-00545,2026-08-06,platform,xsmall,0.0134,9.332,53.73,platform_svc
q-00546,2026-08-06,support,xsmall,0.0512,45.004,204.65,analyst_7
q-00547,2026-08-06,growth,small,0.1529,43.46,229.38,analyst_1
q-00548,2026-08-06,finance,xsmall,0.0081,17.009,32.21,finance_svc
q-00549,2026-08-06,finance,small,0.0568,54.981,85.2,analyst_9
q-00550,2026-08-06,growth,xsmall,0.0665,64.508,265.97,analyst_6
q-00551,2026-08-06,finance,xsmall,0.0243,18.751,97.14,analyst_9
q-00552,2026-08-06,platform,small,0.0139,8.261,20.9,analyst_6
q-00553,2026-08-06,growth,xsmall,0.0124,26.506,49.57,growth_svc
q-00554,2026-08-06,support,small,0.0311,16.877,46.62,analyst_4
q-00555,2026-08-06,ml,xsmall,0.0157,13.088,62.85,ml_svc
q-00556,2026-08-06,ml,xsmall,0.0202,53.929,80.83,ml_svc
q-00557,2026-08-06,finance,small,0.0092,2.947,13.78,finance_svc
q-00558,2026-08-06,platform,xsmall,0.0116,14.091,46.43,analyst_8
q-00559,2026-08-06,platform,xsmall,0.0007,0.988,2.82,analyst_2
q-00560,2026-08-06,ml,xsmall,0.0022,2.417,8.9,analyst_7
q-00561,2026-08-07,support,xsmall,0.0493,35.048,197.05,analyst_2
q-00562,2026-08-07,support,xsmall,0.0046,2.977,18.45,analyst_9
q-00563,2026-08-07,ml,xsmall,0.0018,1.565,7.06,analyst_9
q-00564,2026-08-07,ml,small,0.2912,84.301,436.84,analyst_9
q-00565,2026-08-07,growth,xsmall,0.0234,34.3,93.66,analyst_5
q-00566,2026-08-07,platform,xsmall,0.006,7.76,24.16,platform_svc
q-00567,2026-08-07,ml,xsmall,0.0799,61.013,319.42,analyst_7
q-00568,2026-08-07,growth,small,0.0443,17.903,66.45,growth_svc
q-00569,2026-08-07,finance,xsmall,0.0339,33.465,135.6,finance_svc
q-00570,2026-08-07,growth,xsmall,0.0357,32.873,142.94,analyst_1
q-00571,2026-08-07,ml,small,0.0372,35.979,55.82,ml_svc
q-00572,2026-08-07,support,small,0.0054,3.897,8.05,analyst_5
q-00573,2026-08-07,finance,small,0.0656,38.583,98.34,finance_svc
q-00574,2026-08-07,finance,xsmall,0.0152,21.452,60.79,finance_svc
q-00575,2026-08-07,ml,small,0.0486,26.064,72.93,ml_svc
q-00576,2026-08-07,ml,xsmall,0.0463,39.666,185.11,analyst_2
q-00577,2026-08-07,ml,xsmall,0.0077,6.774,30.62,ml_svc
q-00578,2026-08-07,platform,xsmall,0.0013,1.706,5.0,analyst_3
q-00579,2026-08-07,growth,xsmall,0.0063,5.715,25.18,growth_svc
q-00580,2026-08-07,platform,small,0.0041,0.999,6.1,analyst_5
q-00581,2026-08-07,support,small,0.0327,13.484,49.1,analyst_7
q-00582,2026-08-07,support,small,0.0546,15.248,81.85,support_svc
q-00583,2026-08-07,platform,xsmall,0.0042,4.417,16.92,analyst_1
q-00584,2026-08-07,finance,xsmall,0.0412,52.635,164.61,finance_svc
q-00585,2026-08-07,support,small,0.0068,1.686,10.25,analyst_8
q-00586,2026-08-07,support,large,0.1248,21.442,49.36,analyst_4
q-00587,2026-08-07,ml,xsmall,0.0024,2.602,9.54,analyst_4
q-00588,2026-08-07,support,xsmall,0.0018,2.286,7.29,analyst_2
q-00589,2026-08-07,support,small,0.0068,2.63,10.19,support_svc
q-00590,2026-08-07,growth,xsmall,0.0489,72.452,195.72,analyst_9
q-00591,2026-08-07,finance,small,0.0301,9.124,45.2,analyst_1
q-00592,2026-08-07,ml,xsmall,0.0149,20.05,59.57,ml_svc
q-00593,2026-08-07,growth,xsmall,0.0077,6.58,30.92,growth_svc
q-00594,2026-08-07,growth,xsmall,0.0041,3.593,16.44,analyst_5
q-00595,2026-08-07,growth,large,0.2051,20.981,81.14,growth_svc
q-00596,2026-08-07,finance,small,0.0792,33.487,118.79,analyst_1
q-00597,2026-08-07,finance,xsmall,0.0304,24.964,121.44,finance_svc
q-00598,2026-08-07,platform,small,0.2466,102.583,369.93,analyst_2
q-00599,2026-08-07,growth,small,0.0072,5.426,10.85,growth_svc
q-00600,2026-08-07,growth,small,0.0519,28.146,77.9,analyst_4
q-00601,2026-08-07,platform,small,0.0883,31.79,132.48,platform_svc
q-00602,2026-08-07,platform,small,0.0612,20.314,91.87,analyst_4
q-00603,2026-08-07,platform,large,0.1923,18.073,76.08,platform_svc
q-00604,2026-08-07,growth,xsmall,0.007,6.591,27.85,analyst_5
q-00605,2026-08-07,support,small,0.0078,2.305,11.63,analyst_9
q-00606,2026-08-07,growth,small,0.0043,2.448,6.42,analyst_6
q-00607,2026-08-07,platform,xsmall,0.0082,6.417,32.82,analyst_2
q-00608,2026-08-07,platform,xsmall,0.0206,14.727,82.25,platform_svc
q-00609,2026-08-07,growth,xsmall,0.0088,9.548,35.12,analyst_6
q-00610,2026-08-07,growth,xsmall,0.0278,24.189,111.0,analyst_9
q-00611,2026-08-07,finance,xsmall,0.0235,22.524,93.98,analyst_3
q-00612,2026-08-07,platform,small,0.0113,5.286,16.97,analyst_2
q-00613,2026-08-07,support,small,0.0044,1.04,6.53,analyst_9
q-00614,2026-08-07,ml,xsmall,0.0086,16.479,34.5,analyst_3
q-00615,2026-08-07,growth,small,0.0165,13.313,24.77,analyst_7
q-00616,2026-08-07,support,small,0.0856,43.22,128.43,analyst_6
q-00617,2026-08-07,platform,xsmall,0.0127,12.355,50.66,analyst_3
q-00618,2026-08-07,growth,xsmall,0.0016,2.8,6.52,growth_svc
q-00619,2026-08-07,ml,small,0.0682,17.312,102.3,analyst_6
q-00620,2026-08-07,support,small,0.0507,27.606,76.07,analyst_2
q-00621,2026-08-07,ml,xsmall,0.0011,0.67,4.2,ml_svc
q-00622,2026-08-07,platform,xsmall,0.0361,24.875,144.26,analyst_5
q-00623,2026-08-07,ml,small,0.0394,19.714,59.04,analyst_4
q-00624,2026-08-07,ml,xsmall,0.006,4.963,23.98,ml_svc
q-00625,2026-08-07,growth,xsmall,0.0002,0.162,0.86,analyst_2
q-00626,2026-08-07,finance,small,0.3184,87.141,477.57,finance_svc
q-00627,2026-08-07,finance,xsmall,0.0384,37.086,153.65,finance_svc
q-00628,2026-08-07,growth,xsmall,0.0124,10.046,49.44,growth_svc
q-00629,2026-08-07,platform,xsmall,0.0013,2.119,5.16,platform_svc
q-00630,2026-08-07,growth,small,0.0332,9.435,49.87,growth_svc
q-00631,2026-08-07,finance,xsmall,0.0107,24.53,42.91,finance_svc
q-00632,2026-08-07,finance,xsmall,0.0029,3.565,11.48,analyst_7
q-00633,2026-08-07,ml,xsmall,0.0007,0.41,2.76,analyst_6
q-00634,2026-08-07,support,xsmall,0.0065,4.655,25.96,analyst_8
q-00635,2026-08-07,growth,xsmall,0.0157,13.401,62.71,analyst_8
q-00636,2026-08-07,ml,xsmall,0.0023,1.985,9.0,analyst_4
q-00637,2026-08-07,finance,xsmall,0.0056,11.863,22.28,finance_svc
q-00638,2026-08-07,finance,xsmall,0.0252,19.428,100.61,analyst_4
q-00639,2026-08-07,support,xsmall,0.0419,34.694,167.67,support_svc
q-00640,2026-08-07,support,xsmall,0.0578,48.829,231.33,support_svc
q-00641,2026-08-07,finance,xsmall,0.0074,15.702,29.46,finance_svc
q-00642,2026-08-07,finance,xsmall,0.0011,2.419,4.5,finance_svc
q-00643,2026-08-07,platform,small,0.1814,50.061,272.06,analyst_7
q-00644,2026-08-07,support,xsmall,0.0049,4.952,19.61,analyst_1
q-00645,2026-08-07,growth,xsmall,0.006,5.651,23.82,growth_svc
q-00646,2026-08-07,ml,xsmall,0.0251,20.287,100.36,ml_svc
q-00647,2026-08-07,growth,small,0.0969,28.618,145.3,analyst_8
q-00648,2026-08-07,platform,xsmall,0.0309,21.955,123.5,analyst_6
q-00649,2026-08-07,finance,xsmall,0.0032,2.48,12.82,analyst_7
q-00650,2026-08-07,support,xsmall,0.0178,16.298,71.11,analyst_2
q-00651,2026-08-07,ml,xsmall,0.0053,4.967,21.17,analyst_5
q-00652,2026-08-07,growth,xsmall,0.0075,7.409,30.18,growth_svc
q-00653,2026-08-07,finance,xsmall,0.0016,1.423,6.34,analyst_9
q-00654,2026-08-07,finance,xsmall,0.0162,26.932,64.6,analyst_1
q-00655,2026-08-07,support,xsmall,0.0005,0.276,2.03,support_svc
q-00656,2026-08-07,growth,xsmall,0.0075,7.721,29.99,analyst_5
q-00657,2026-08-07,finance,xsmall,0.0029,4.91,11.57,analyst_4
q-00658,2026-08-07,finance,small,0.0536,14.931,80.4,finance_svc
q-00659,2026-08-07,ml,xsmall,0.0285,23.61,113.92,ml_svc
q-00660,2026-08-07,finance,xsmall,0.0004,0.199,1.71,finance_svc
q-00661,2026-08-07,growth,small,0.0183,11.403,27.41,analyst_8
q-00662,2026-08-07,finance,xsmall,0.0041,2.943,16.55,finance_svc
q-00663,2026-08-07,ml,xsmall,0.0047,8.906,18.65,analyst_1
q-00664,2026-08-07,finance,xsmall,0.0079,14.457,31.79,analyst_9
q-00665,2026-08-07,platform,large,0.0083,0.518,3.3,platform_svc
q-00666,2026-08-07,finance,large,0.4101,34.285,162.25,finance_svc
q-00667,2026-08-07,support,xsmall,0.0114,9.801,45.71,support_svc
q-00668,2026-08-07,platform,small,0.0491,16.953,73.58,analyst_4
q-00669,2026-08-07,ml,xsmall,0.0119,10.074,47.77,analyst_1
q-00670,2026-08-07,finance,xsmall,0.007,15.259,28.07,analyst_7
q-00671,2026-08-07,platform,xsmall,0.0198,18.264,79.18,analyst_6
q-00672,2026-08-07,finance,xsmall,0.0124,15.461,49.58,analyst_5
q-00673,2026-08-07,growth,large,0.0257,6.688,10.18,growth_svc
q-00674,2026-08-07,ml,xsmall,0.0119,21.766,47.58,analyst_2
q-00675,2026-08-07,growth,xsmall,0.02,24.545,80.15,growth_svc
q-00676,2026-08-07,ml,small,0.0698,38.261,104.73,ml_svc
q-00677,2026-08-07,ml,small,0.0715,22.731,107.28,ml_svc
q-00678,2026-08-07,finance,small,0.0121,10.855,18.21,analyst_8
q-00679,2026-08-07,ml,xsmall,0.0092,12.404,36.8,analyst_8
q-00680,2026-08-07,growth,xsmall,0.029,19.28,115.87,growth_svc
q-00681,2026-08-07,support,small,0.0294,28.724,44.16,analyst_8
q-00682,2026-08-07,growth,small,0.0522,25.208,78.28,growth_svc
q-00683,2026-08-07,support,large,0.0841,8.452,33.28,analyst_7
q-00684,2026-08-07,platform,xsmall,0.0208,15.387,83.27,analyst_9
q-00685,2026-08-07,ml,xsmall,0.0025,2.618,10.14,analyst_4
q-00686,2026-08-07,platform,small,0.0341,9.745,51.21,platform_svc
q-00687,2026-08-07,platform,xsmall,0.0195,14.132,78.05,analyst_8
q-00688,2026-08-07,ml,small,0.0486,12.78,72.97,analyst_7
q-00689,2026-08-07,ml,large,0.2842,40.044,112.45,analyst_3
q-00690,2026-08-07,finance,xsmall,0.0088,10.48,35.28,analyst_8
q-00691,2026-08-07,ml,xsmall,0.0243,17.983,97.33,ml_svc
q-00692,2026-08-07,ml,large,0.2845,34.904,112.56,ml_svc
q-00693,2026-08-07,platform,xsmall,0.0197,42.062,78.74,analyst_5
q-00694,2026-08-07,ml,small,0.0221,6.383,33.14,analyst_7
q-00695,2026-08-07,support,xsmall,0.0151,28.702,60.57,analyst_5
q-00696,2026-08-07,ml,xsmall,0.0396,30.311,158.21,ml_svc
q-00697,2026-08-07,finance,large,0.0971,8.925,38.4,analyst_9
q-00698,2026-08-07,finance,small,0.0795,30.056,119.31,finance_svc
q-00699,2026-08-07,platform,xsmall,0.0181,11.965,72.39,platform_svc
q-00700,2026-08-07,ml,xsmall,0.008,8.355,31.83,ml_svc
q-00701,2026-08-08,ml,xsmall,0.0497,45.422,198.78,ml_svc
q-00702,2026-08-08,ml,xsmall,0.0015,3.543,5.94,ml_svc
q-00703,2026-08-08,ml,small,0.0871,25.217,130.71,analyst_4
q-00704,2026-08-08,platform,large,0.264,27.269,104.43,analyst_8
q-00705,2026-08-08,support,small,0.0548,45.233,82.15,support_svc
q-00706,2026-08-08,finance,xsmall,0.0263,55.14,105.15,finance_svc
q-00707,2026-08-08,finance,xsmall,0.0268,27.352,107.08,analyst_4
q-00708,2026-08-08,support,small,0.1501,51.457,225.13,analyst_9
q-00709,2026-08-08,growth,xsmall,0.0049,7.379,19.41,analyst_9
q-00710,2026-08-08,finance,xsmall,0.0245,31.622,98.14,analyst_3
q-00711,2026-08-08,platform,xsmall,0.0063,4.283,25.08,platform_svc
q-00712,2026-08-08,ml,small,0.039,10.428,58.52,analyst_6
q-00713,2026-08-08,growth,xsmall,0.0376,37.435,150.31,analyst_5
q-00714,2026-08-08,support,xsmall,0.021,20.748,84.15,analyst_7
q-00715,2026-08-08,finance,xsmall,0.0069,4.728,27.46,analyst_8
q-00716,2026-08-08,finance,small,0.0912,33.101,136.79,finance_svc
q-00717,2026-08-08,growth,small,0.1947,59.807,292.07,growth_svc
q-00718,2026-08-08,finance,xsmall,0.0094,10.92,37.41,analyst_6
q-00719,2026-08-08,growth,small,0.006,3.401,8.96,analyst_9
q-00720,2026-08-08,finance,xsmall,0.0255,23.615,102.01,analyst_9
q-00721,2026-08-08,growth,small,0.0458,16.148,68.68,analyst_9
q-00722,2026-08-08,platform,xsmall,0.009,19.453,36.12,platform_svc
q-00723,2026-08-08,support,xsmall,0.0104,13.132,41.57,support_svc
q-00724,2026-08-08,support,xsmall,0.0085,10.165,33.81,analyst_1
q-00725,2026-08-08,ml,xsmall,0.0296,28.5,118.6,ml_svc
q-00726,2026-08-08,support,xsmall,0.0061,6.337,24.24,support_svc
q-00727,2026-08-08,platform,xsmall,0.0148,11.344,59.09,analyst_7
q-00728,2026-08-08,platform,small,0.0925,50.433,138.82,analyst_6
q-00729,2026-08-08,growth,xsmall,0.0167,17.035,66.65,analyst_2
q-00730,2026-08-08,platform,xsmall,0.0003,0.129,1.2,analyst_7
q-00731,2026-08-08,finance,small,0.0212,5.35,31.82,analyst_4
q-00732,2026-08-08,finance,xsmall,0.0548,49.527,219.29,analyst_5
q-00733,2026-08-08,support,large,0.0191,1.263,7.56,analyst_6
q-00734,2026-08-08,platform,xsmall,0.0734,70.459,293.55,platform_svc
q-00735,2026-08-08,finance,small,0.0029,1.938,4.32,analyst_4
q-00736,2026-08-08,platform,small,0.0583,26.463,87.38,platform_svc
q-00737,2026-08-08,platform,xsmall,0.001,1.579,4.18,analyst_8
q-00738,2026-08-08,platform,xsmall,0.0312,24.68,124.75,analyst_6
q-00739,2026-08-08,finance,small,0.0383,15.684,57.42,analyst_9
q-00740,2026-08-08,platform,xsmall,0.034,26.878,136.19,analyst_8
q-00741,2026-08-08,growth,small,0.0181,6.76,27.19,analyst_4
q-00742,2026-08-08,finance,large,0.0309,3.568,12.23,finance_svc
q-00743,2026-08-08,finance,small,0.0532,27.791,79.83,finance_svc
q-00744,2026-08-08,platform,xsmall,0.0281,21.569,112.22,analyst_4
q-00745,2026-08-08,growth,small,0.0306,10.928,45.85,growth_svc
q-00746,2026-08-08,support,xsmall,0.0095,6.851,37.97,analyst_2
q-00747,2026-08-08,support,xsmall,0.0073,9.465,29.39,analyst_4
q-00748,2026-08-08,platform,xsmall,0.0083,9.502,33.08,platform_svc
q-00749,2026-08-08,ml,xsmall,0.018,25.6,71.98,analyst_6
q-00750,2026-08-08,finance,xsmall,0.0034,5.247,13.75,analyst_4
q-00751,2026-08-08,ml,small,0.0344,8.556,51.54,ml_svc
q-00752,2026-08-08,support,large,0.1108,8.685,43.82,support_svc
q-00753,2026-08-08,ml,xsmall,0.0196,16.149,78.39,ml_svc
q-00754,2026-08-08,ml,large,0.1444,22.053,57.12,analyst_3
q-00755,2026-08-08,finance,large,0.0049,0.666,1.93,finance_svc
q-00756,2026-08-08,ml,small,0.0971,25.213,145.69,analyst_1
q-00757,2026-08-08,growth,small,0.0046,2.158,6.88,analyst_4
q-00758,2026-08-08,ml,large,0.066,13.593,26.12,analyst_5
q-00759,2026-08-08,platform,small,0.0465,29.188,69.78,analyst_2
q-00760,2026-08-08,ml,xsmall,0.0012,0.846,4.74,analyst_3
q-00761,2026-08-08,finance,small,0.001,0.189,1.43,analyst_4
q-00762,2026-08-08,platform,xsmall,0.0234,19.234,93.57,analyst_6
q-00763,2026-08-08,growth,small,0.0212,16.662,31.74,growth_svc
q-00764,2026-08-08,platform,xsmall,0.026,34.197,103.92,platform_svc
q-00765,2026-08-08,growth,xsmall,0.0011,1.389,4.42,analyst_3
q-00766,2026-08-08,finance,xsmall,0.0397,34.491,158.61,analyst_9
q-00767,2026-08-08,platform,large,0.0205,4.578,8.11,analyst_9
q-00768,2026-08-08,finance,small,0.0029,1.403,4.34,analyst_5
q-00769,2026-08-08,platform,small,0.0186,14.131,27.89,analyst_7
q-00770,2026-08-08,platform,xsmall,0.003,2.595,11.8,platform_svc
q-00771,2026-08-08,finance,small,0.0379,15.427,56.91,analyst_3
q-00772,2026-08-08,platform,small,0.0633,33.328,95.01,platform_svc
q-00773,2026-08-08,ml,xsmall,0.0294,33.417,117.43,ml_svc
q-00774,2026-08-08,platform,xsmall,0.0018,2.152,7.34,analyst_4
q-00775,2026-08-08,finance,small,0.0178,6.847,26.69,analyst_2
q-00776,2026-08-08,growth,xsmall,0.051,71.346,203.86,growth_svc
q-00777,2026-08-08,finance,xsmall,0.061,51.286,244.15,finance_svc
q-00778,2026-08-08,ml,small,0.0084,5.546,12.66,analyst_6
q-00779,2026-08-08,finance,xsmall,0.0385,31.376,154.15,analyst_5
q-00780,2026-08-08,ml,xsmall,0.0164,16.2,65.57,ml_svc
q-00781,2026-08-08,platform,xsmall,0.0073,5.709,29.25,platform_svc
q-00782,2026-08-08,support,xsmall,0.0222,16.802,88.72,analyst_8
q-00783,2026-08-08,support,small,0.0036,0.945,5.44,analyst_9
q-00784,2026-08-08,support,xsmall,0.0362,28.847,144.84,support_svc
q-00785,2026-08-08,platform,xsmall,0.0116,13.588,46.2,analyst_2
q-00786,2026-08-08,ml,small,0.2861,84.431,429.16,analyst_7
q-00787,2026-08-08,platform,xsmall,0.0008,1.164,3.07,analyst_7
q-00788,2026-08-08,ml,xsmall,0.0047,12.157,18.62,analyst_4
q-00789,2026-08-08,growth,xsmall,0.0044,4.477,17.69,analyst_7
q-00790,2026-08-08,platform,small,0.0743,28.682,111.44,platform_svc
q-00791,2026-08-08,growth,xsmall,0.0301,68.965,120.29,analyst_8
q-00792,2026-08-08,platform,small,0.0024,0.514,3.67,analyst_1
q-00793,2026-08-08,platform,xsmall,0.0004,0.68,1.58,analyst_1
q-00794,2026-08-08,finance,small,0.0261,12.147,39.17,finance_svc
q-00795,2026-08-08,platform,xsmall,0.0072,6.253,28.86,platform_svc
q-00796,2026-08-08,finance,xsmall,0.0135,21.457,53.96,finance_svc
q-00797,2026-08-08,finance,xsmall,0.0039,4.371,15.59,analyst_4
q-00798,2026-08-08,ml,xsmall,0.0077,13.237,30.73,analyst_8
q-00799,2026-08-08,growth,xsmall,0.007,8.834,27.98,analyst_1
q-00800,2026-08-08,support,small,0.0125,3.919,18.75,support_svc
q-00801,2026-08-08,ml,xsmall,0.0366,30.542,146.38,analyst_8
q-00802,2026-08-08,growth,xsmall,0.0034,2.754,13.5,analyst_5
q-00803,2026-08-08,platform,xsmall,0.001,0.829,4.08,platform_svc
q-00804,2026-08-08,ml,xsmall,0.0102,7.902,40.62,analyst_4
q-00805,2026-08-08,finance,xsmall,0.0299,26.641,119.51,analyst_5
q-00806,2026-08-08,finance,xsmall,0.0176,21.97,70.59,finance_svc
q-00807,2026-08-08,support,large,0.1567,10.811,62.01,analyst_1
q-00808,2026-08-08,ml,small,0.0471,15.767,70.66,analyst_2
q-00809,2026-08-08,finance,xsmall,0.014,13.149,56.12,analyst_3
q-00810,2026-08-08,ml,xsmall,0.0005,0.268,1.86,analyst_4
q-00811,2026-08-08,finance,small,0.0105,4.142,15.7,analyst_9
q-00812,2026-08-08,growth,small,0.0105,10.598,15.81,analyst_8
q-00813,2026-08-08,ml,large,0.4634,32.285,183.31,analyst_2
q-00814,2026-08-08,finance,xsmall,0.0015,3.059,5.89,analyst_2
q-00815,2026-08-08,ml,xsmall,0.008,10.233,31.98,ml_svc
q-00816,2026-08-08,growth,small,0.0137,5.916,20.54,analyst_7
q-00817,2026-08-08,growth,small,0.008,4.268,11.95,analyst_8
q-00818,2026-08-08,support,xsmall,0.0695,89.888,277.88,analyst_5
q-00819,2026-08-08,growth,xsmall,0.0016,1.286,6.23,analyst_1
q-00820,2026-08-08,growth,xsmall,0.0228,15.674,91.29,analyst_8
q-00821,2026-08-08,growth,xsmall,0.0217,21.192,86.82,analyst_8
q-00822,2026-08-08,ml,xsmall,0.0214,19.022,85.77,ml_svc
q-00823,2026-08-08,platform,xsmall,0.0128,10.522,51.36,analyst_9
q-00824,2026-08-08,ml,small,0.0298,16.149,44.76,analyst_9
q-00825,2026-08-08,ml,small,0.0006,0.071,0.92,ml_svc
q-00826,2026-08-08,ml,xsmall,0.0182,15.311,72.62,analyst_8
q-00827,2026-08-08,ml,xsmall,0.0098,6.499,39.07,analyst_8
q-00828,2026-08-08,platform,xsmall,0.0179,47.98,71.63,analyst_4
q-00829,2026-08-08,finance,xsmall,0.0078,6.913,31.03,analyst_2
q-00830,2026-08-08,ml,xsmall,0.0641,51.855,256.32,ml_svc
q-00831,2026-08-08,finance,small,0.0247,19.606,37.1,analyst_8
q-00832,2026-08-08,growth,xsmall,0.0172,14.318,68.97,analyst_1
q-00833,2026-08-08,finance,xsmall,0.0084,7.88,33.71,analyst_6
q-00834,2026-08-08,finance,xsmall,0.0019,1.431,7.46,analyst_9
q-00835,2026-08-08,growth,xsmall,0.0154,30.453,61.6,analyst_5
q-00836,2026-08-08,platform,small,0.0999,27.187,149.81,platform_svc
q-00837,2026-08-08,support,small,0.0112,4.144,16.87,support_svc
q-00838,2026-08-08,support,xsmall,0.029,42.542,115.85,support_svc
q-00839,2026-08-08,platform,xsmall,0.0159,14.614,63.5,analyst_8
q-00840,2026-08-08,support,xsmall,0.0104,7.802,41.75,analyst_9
q-00841,2026-08-09,growth,small,0.034,10.686,51.03,analyst_5
q-00842,2026-08-09,ml,xsmall,0.0098,7.732,39.21,analyst_1
q-00843,2026-08-09,platform,xsmall,0.0031,4.818,12.43,analyst_5
q-00844,2026-08-09,ml,xsmall,0.008,9.259,32.11,analyst_3
q-00845,2026-08-09,ml,xsmall,0.0309,26.0,123.48,analyst_3
q-00846,2026-08-09,ml,small,0.0747,42.292,112.08,ml_svc
q-00847,2026-08-09,finance,xsmall,0.0127,21.182,50.95,analyst_7
q-00848,2026-08-09,support,small,0.0187,5.295,28.1,analyst_9
q-00849,2026-08-09,support,small,0.0118,7.574,17.68,analyst_1
q-00850,2026-08-09,support,small,0.0332,27.167,49.83,analyst_7
q-00851,2026-08-09,growth,xsmall,0.0233,19.34,93.27,growth_svc
q-00852,2026-08-09,platform,xsmall,0.0102,13.733,40.75,platform_svc
q-00853,2026-08-09,finance,xsmall,0.001,0.913,4.16,finance_svc
q-00854,2026-08-09,support,xsmall,0.0204,43.595,81.56,analyst_6
q-00855,2026-08-09,support,large,0.3323,22.863,131.47,support_svc
q-00856,2026-08-09,ml,small,0.3574,93.677,536.03,analyst_8
q-00857,2026-08-09,growth,xsmall,0.0042,11.394,16.88,analyst_2
q-00858,2026-08-09,ml,small,0.0069,6.463,10.37,ml_svc
q-00859,2026-08-09,support,xsmall,0.05,35.308,200.07,support_svc
q-00860,2026-08-09,support,xsmall,0.0107,9.354,42.86,support_svc
q-00861,2026-08-09,ml,xsmall,0.0082,14.673,32.65,analyst_8
q-00862,2026-08-09,growth,xsmall,0.0097,8.52,38.89,growth_svc
q-00863,2026-08-09,growth,small,0.0281,14.154,42.22,analyst_5
q-00864,2026-08-09,ml,xsmall,0.0375,30.825,150.18,ml_svc
q-00865,2026-08-09,ml,small,0.0101,7.384,15.19,analyst_8
q-00866,2026-08-09,ml,small,0.0063,2.847,9.43,ml_svc
q-00867,2026-08-09,ml,small,0.0433,40.04,65.01,ml_svc
q-00868,2026-08-09,growth,large,0.1956,23.553,77.38,analyst_2
q-00869,2026-08-09,support,small,0.0053,2.218,7.91,support_svc
q-00870,2026-08-09,support,xsmall,0.0217,23.377,86.92,support_svc
q-00871,2026-08-09,support,small,0.0331,25.031,49.72,support_svc
q-00872,2026-08-09,finance,small,0.0209,5.935,31.39,analyst_2
q-00873,2026-08-09,ml,xsmall,0.0092,6.874,36.69,ml_svc
q-00874,2026-08-09,platform,xsmall,0.0289,20.595,115.46,analyst_6
q-00875,2026-08-09,support,small,0.0772,24.891,115.85,analyst_9
q-00876,2026-08-09,finance,small,0.0992,26.329,148.85,analyst_5
q-00877,2026-08-09,platform,xsmall,0.0308,33.577,123.2,analyst_5
q-00878,2026-08-09,ml,xsmall,0.0095,13.621,38.05,analyst_3
q-00879,2026-08-09,growth,xsmall,0.022,19.972,88.01,growth_svc
q-00880,2026-08-09,ml,small,0.0107,2.889,16.02,analyst_1
q-00881,2026-08-09,ml,xsmall,0.0113,16.554,45.03,analyst_4
q-00882,2026-08-09,finance,xsmall,0.0066,15.439,26.38,analyst_6
q-00883,2026-08-09,ml,large,0.0305,6.306,12.07,ml_svc
q-00884,2026-08-09,platform,small,0.0018,1.288,2.63,platform_svc
q-00885,2026-08-09,platform,large,0.0911,9.305,36.04,analyst_3
q-00886,2026-08-09,support,xsmall,0.0011,0.671,4.53,support_svc
q-00887,2026-08-09,support,small,0.0474,17.246,71.12,analyst_2
q-00888,2026-08-09,finance,xsmall,0.004,2.931,15.92,analyst_1
q-00889,2026-08-09,finance,xsmall,0.0018,4.253,7.26,finance_svc
q-00890,2026-08-09,finance,xsmall,0.0077,6.063,30.79,finance_svc
q-00891,2026-08-09,support,xsmall,0.0147,10.53,58.71,support_svc
q-00892,2026-08-09,finance,large,0.1068,13.063,42.26,finance_svc
q-00893,2026-08-09,support,xsmall,0.0348,50.615,139.09,support_svc
q-00894,2026-08-09,ml,small,0.009,2.22,13.54,analyst_7
q-00895,2026-08-09,ml,xsmall,0.0333,22.166,133.02,ml_svc
q-00896,2026-08-09,finance,xsmall,0.0133,13.37,53.26,finance_svc
q-00897,2026-08-09,growth,xsmall,0.0055,4.681,21.84,analyst_2
q-00898,2026-08-09,platform,xsmall,0.0049,10.315,19.48,analyst_9
q-00899,2026-08-09,finance,large,0.0379,2.667,15.01,analyst_3
q-00900,2026-08-09,support,xsmall,0.0234,17.462,93.52,analyst_6
q-00901,2026-08-09,support,xsmall,0.0042,8.271,16.99,analyst_4
q-00902,2026-08-09,support,xsmall,0.0161,14.366,64.52,support_svc
q-00903,2026-08-09,ml,small,0.1353,51.35,202.99,analyst_3
q-00904,2026-08-09,finance,xsmall,0.0739,55.912,295.62,analyst_1
q-00905,2026-08-09,growth,large,0.0204,1.621,8.09,growth_svc
q-00906,2026-08-09,platform,large,0.0174,2.098,6.88,platform_svc
q-00907,2026-08-09,finance,xsmall,0.0035,3.445,14.16,analyst_5
q-00908,2026-08-09,growth,xsmall,0.0046,5.753,18.4,analyst_2
q-00909,2026-08-09,growth,large,0.1186,16.544,46.92,analyst_5
q-00910,2026-08-09,platform,xsmall,0.0269,33.855,107.79,analyst_3
q-00911,2026-08-09,growth,small,0.0196,9.329,29.34,analyst_2
q-00912,2026-08-09,finance,xsmall,0.0417,28.969,166.86,finance_svc
q-00913,2026-08-09,finance,xsmall,0.0358,58.027,143.38,analyst_6
q-00914,2026-08-09,ml,xsmall,0.0076,9.817,30.42,analyst_7
q-00915,2026-08-09,growth,xsmall,0.0193,24.462,77.28,analyst_7
q-00916,2026-08-09,ml,small,0.0132,5.613,19.82,ml_svc
q-00917,2026-08-09,growth,xsmall,0.0003,0.086,1.02,analyst_6
q-00918,2026-08-09,finance,xsmall,0.0018,1.842,7.26,analyst_2
q-00919,2026-08-09,growth,xsmall,0.0469,56.14,187.58,analyst_9
q-00920,2026-08-09,ml,xsmall,0.0158,30.689,63.22,ml_svc
q-00921,2026-08-09,support,xsmall,0.0135,9.349,54.09,support_svc
q-00922,2026-08-09,growth,small,0.0486,22.568,72.84,analyst_8
q-00923,2026-08-09,support,xsmall,0.0036,3.524,14.46,analyst_7
q-00924,2026-08-09,platform,xsmall,0.0278,62.82,111.3,analyst_8
q-00925,2026-08-09,finance,xsmall,0.013,16.258,52.18,finance_svc
q-00926,2026-08-09,finance,xsmall,0.0058,9.355,23.15,finance_svc
q-00927,2026-08-09,finance,xsmall,0.0023,1.408,9.0,finance_svc
q-00928,2026-08-09,ml,xsmall,0.0152,15.121,60.87,analyst_6
q-00929,2026-08-09,support,xsmall,0.0052,10.531,20.84,analyst_5
q-00930,2026-08-09,ml,xsmall,0.0127,14.386,50.91,analyst_4
q-00931,2026-08-09,support,xsmall,0.0148,30.368,59.11,analyst_8
q-00932,2026-08-09,finance,small,0.0883,39.609,132.45,finance_svc
q-00933,2026-08-09,growth,xsmall,0.0129,32.942,51.58,analyst_3
q-00934,2026-08-09,ml,xsmall,0.0044,2.859,17.68,analyst_6
q-00935,2026-08-09,growth,large,0.2063,30.716,81.61,analyst_3
q-00936,2026-08-09,ml,xsmall,0.0056,4.756,22.55,analyst_1
q-00937,2026-08-09,support,xsmall,0.0106,12.768,42.44,analyst_1
q-00938,2026-08-09,growth,xsmall,0.0524,35.183,209.43,growth_svc
q-00939,2026-08-09,finance,xsmall,0.0154,19.579,61.49,analyst_4
q-00940,2026-08-09,ml,xsmall,0.0038,4.69,15.23,analyst_9
q-00941,2026-08-09,support,small,0.1734,45.771,260.05,analyst_8
q-00942,2026-08-09,finance,xsmall,0.0103,14.682,41.04,analyst_9
q-00943,2026-08-09,growth,small,0.0388,11.338,58.22,analyst_4
q-00944,2026-08-09,platform,xsmall,0.0179,39.493,71.61,analyst_6
q-00945,2026-08-09,platform,xsmall,0.0437,65.043,174.64,analyst_6
q-00946,2026-08-09,finance,xsmall,0.0102,10.989,40.75,analyst_6
q-00947,2026-08-09,finance,xsmall,0.0039,9.289,15.42,analyst_1
q-00948,2026-08-09,ml,xsmall,0.0004,0.355,1.69,analyst_7
q-00949,2026-08-09,growth,small,0.0724,20.923,108.55,analyst_1
q-00950,2026-08-09,growth,small,0.063,25.099,94.51,analyst_2
q-00951,2026-08-09,ml,small,0.1178,47.324,176.75,analyst_8
q-00952,2026-08-09,support,small,0.123,36.067,184.47,analyst_2
q-00953,2026-08-09,support,xsmall,0.01,8.273,39.87,support_svc
q-00954,2026-08-09,ml,xsmall,0.0296,42.127,118.3,analyst_4
q-00955,2026-08-09,ml,small,0.001,0.194,1.53,ml_svc
q-00956,2026-08-09,finance,xsmall,0.0052,4.455,20.82,analyst_3
q-00957,2026-08-09,finance,small,0.0081,4.122,12.1,analyst_8
q-00958,2026-08-09,growth,large,0.0418,3.493,16.53,growth_svc
q-00959,2026-08-09,finance,xsmall,0.0124,24.056,49.48,finance_svc
q-00960,2026-08-09,ml,large,0.0412,2.824,16.31,analyst_5
q-00961,2026-08-09,growth,small,0.0054,3.004,8.13,growth_svc
q-00962,2026-08-09,ml,xsmall,0.0143,11.188,57.06,ml_svc
q-00963,2026-08-09,finance,small,0.0842,24.449,126.31,finance_svc
q-00964,2026-08-09,ml,small,0.0242,7.177,36.27,ml_svc
q-00965,2026-08-09,ml,small,0.0015,0.556,2.24,ml_svc
q-00966,2026-08-09,support,large,0.1394,10.661,55.13,support_svc
q-00967,2026-08-09,support,small,0.1962,56.953,294.26,analyst_6
q-00968,2026-08-09,finance,xsmall,0.0258,18.595,103.23,analyst_5
q-00969,2026-08-09,finance,xsmall,0.0157,15.473,62.94,analyst_9
q-00970,2026-08-09,finance,xsmall,0.0145,9.613,57.83,finance_svc
q-00971,2026-08-09,finance,large,0.0207,2.224,8.18,analyst_2
q-00972,2026-08-09,platform,small,0.0256,20.557,38.44,platform_svc
q-00973,2026-08-09,support,xsmall,0.0016,1.307,6.31,support_svc
q-00974,2026-08-09,support,xsmall,0.0012,0.689,4.7,analyst_6
q-00975,2026-08-09,platform,xsmall,0.0141,17.771,56.58,analyst_5
q-00976,2026-08-09,growth,small,0.0387,9.952,58.07,analyst_6
q-00977,2026-08-09,finance,xsmall,0.002,2.312,8.09,analyst_3
q-00978,2026-08-09,platform,xsmall,0.0783,60.449,313.38,analyst_9
q-00979,2026-08-09,platform,xsmall,0.0039,3.603,15.41,platform_svc
q-00980,2026-08-09,support,xsmall,0.0122,11.095,48.64,analyst_2
q-00981,2026-08-10,finance,xsmall,0.0087,10.062,34.64,analyst_6
q-00982,2026-08-10,ml,xsmall,0.0064,14.248,25.52,analyst_7
q-00983,2026-08-10,support,xsmall,0.0714,63.153,285.74,support_svc
q-00984,2026-08-10,ml,small,0.0315,25.008,47.21,ml_svc
q-00985,2026-08-10,support,small,0.0222,14.969,33.36,support_svc
q-00986,2026-08-10,ml,xsmall,0.0005,0.259,1.81,analyst_5
q-00987,2026-08-10,ml,small,0.1255,33.002,188.2,analyst_4
q-00988,2026-08-10,finance,small,0.0114,2.907,17.04,analyst_1
q-00989,2026-08-10,growth,xsmall,0.0024,4.693,9.74,growth_svc
q-00990,2026-08-10,finance,xsmall,0.0229,17.514,91.44,analyst_3
q-00991,2026-08-10,finance,xsmall,0.0058,7.057,23.08,analyst_5
q-00992,2026-08-10,finance,xsmall,0.0514,70.184,205.52,finance_svc
q-00993,2026-08-10,finance,xsmall,0.0004,0.283,1.65,finance_svc
q-00994,2026-08-10,support,xsmall,0.0414,28.273,165.69,analyst_9
q-00995,2026-08-10,finance,small,0.0494,12.361,74.14,finance_svc
q-00996,2026-08-10,growth,large,0.3532,23.367,139.72,analyst_8
q-00997,2026-08-10,ml,xsmall,0.0045,4.382,17.89,ml_svc
q-00998,2026-08-10,ml,small,0.0007,0.318,1.12,ml_svc
q-00999,2026-08-10,growth,small,0.0773,38.51,115.9,analyst_2
q-01000,2026-08-10,support,xsmall,0.0189,14.976,75.6,analyst_4
q-01001,2026-08-10,platform,small,0.025,6.712,37.55,analyst_4
q-01002,2026-08-10,growth,xsmall,0.0024,2.788,9.68,growth_svc
q-01003,2026-08-10,finance,xsmall,0.0433,35.773,173.08,analyst_4
q-01004,2026-08-10,growth,xsmall,0.0014,2.948,5.45,growth_svc
q-01005,2026-08-10,ml,small,0.0068,3.969,10.2,ml_svc
q-01006,2026-08-10,support,xsmall,0.0288,28.277,115.09,support_svc
q-01007,2026-08-10,support,xsmall,0.004,6.288,15.94,analyst_7
q-01008,2026-08-10,ml,small,0.0264,14.941,39.54,ml_svc
q-01009,2026-08-10,support,small,0.0266,8.473,39.86,analyst_7
q-01010,2026-08-10,ml,xsmall,0.0015,1.978,6.14,analyst_8
q-01011,2026-08-10,finance,xsmall,0.0023,1.857,9.02,analyst_9
q-01012,2026-08-10,platform,xsmall,0.0927,76.657,370.67,analyst_1
q-01013,2026-08-10,platform,xsmall,0.0049,10.448,19.53,platform_svc
q-01014,2026-08-10,support,small,0.004,1.898,5.98,support_svc
q-01015,2026-08-10,finance,small,0.049,20.963,73.53,finance_svc
q-01016,2026-08-10,growth,small,0.0977,28.104,146.59,analyst_2
q-01017,2026-08-10,growth,large,0.4528,76.813,179.13,analyst_2
q-01018,2026-08-10,platform,xsmall,0.0054,5.384,21.52,analyst_8
q-01019,2026-08-10,growth,large,0.0784,18.081,31.02,growth_svc
q-01020,2026-08-10,platform,xsmall,0.0193,24.869,77.35,analyst_8
q-01021,2026-08-10,finance,xsmall,0.0045,3.874,18.18,finance_svc
q-01022,2026-08-10,growth,xsmall,0.0009,0.534,3.73,analyst_5
q-01023,2026-08-10,ml,xsmall,0.0453,36.448,181.15,analyst_9
q-01024,2026-08-10,platform,large,0.495,39.045,195.84,platform_svc
q-01025,2026-08-10,support,xsmall,0.018,21.483,71.96,analyst_8
q-01026,2026-08-10,growth,xsmall,0.0012,1.141,4.69,analyst_1
q-01027,2026-08-10,platform,small,0.0381,12.877,57.18,analyst_6
q-01028,2026-08-10,finance,xsmall,0.0098,26.472,39.06,finance_svc
q-01029,2026-08-10,finance,xsmall,0.0873,61.413,349.36,analyst_7
q-01030,2026-08-10,finance,xsmall,0.0036,3.383,14.59,finance_svc
q-01031,2026-08-10,support,large,0.1938,27.674,76.67,analyst_8
q-01032,2026-08-10,finance,small,0.0341,9.473,51.21,finance_svc
q-01033,2026-08-10,finance,xsmall,0.0004,0.466,1.49,finance_svc
q-01034,2026-08-10,growth,xsmall,0.0084,8.112,33.71,analyst_6
q-01035,2026-08-10,ml,xsmall,0.0069,9.333,27.72,ml_svc
q-01036,2026-08-10,support,xsmall,0.0013,1.193,5.29,support_svc
q-01037,2026-08-10,support,xsmall,0.0087,5.777,34.77,support_svc
q-01038,2026-08-10,finance,xsmall,0.002,1.751,8.14,finance_svc
q-01039,2026-08-10,ml,small,0.145,61.574,217.47,analyst_4
q-01040,2026-08-10,finance,xsmall,0.0014,3.174,5.74,finance_svc
q-01041,2026-08-10,growth,xsmall,0.0034,4.998,13.69,analyst_3
q-01042,2026-08-10,ml,xsmall,0.0035,5.092,14.02,analyst_5
q-01043,2026-08-10,ml,xsmall,0.0077,6.077,30.97,analyst_8
q-01044,2026-08-10,ml,small,0.015,9.412,22.51,ml_svc
q-01045,2026-08-10,ml,large,0.0154,3.012,6.09,ml_svc
q-01046,2026-08-10,support,small,0.0226,17.241,33.92,analyst_2
q-01047,2026-08-10,platform,xsmall,0.0034,3.117,13.46,platform_svc
q-01048,2026-08-10,platform,xsmall,0.0027,4.99,10.95,platform_svc
q-01049,2026-08-10,finance,small,0.0135,7.223,20.26,finance_svc
q-01050,2026-08-10,platform,xsmall,0.0198,32.026,79.27,analyst_5
q-01051,2026-08-10,ml,large,0.1103,8.864,43.65,analyst_2
q-01052,2026-08-10,growth,xsmall,0.0157,20.782,62.84,analyst_4
q-01053,2026-08-10,platform,small,0.0696,36.212,104.4,analyst_4
q-01054,2026-08-10,finance,large,0.1566,24.509,61.97,finance_svc
q-01055,2026-08-10,support,xsmall,0.0825,77.028,329.96,support_svc
q-01056,2026-08-10,platform,xsmall,0.0036,2.492,14.54,analyst_6
q-01057,2026-08-10,growth,small,0.0316,8.065,47.46,analyst_9
q-01058,2026-08-10,finance,xsmall,0.0064,12.306,25.79,finance_svc
q-01059,2026-08-10,finance,xsmall,0.0103,17.249,41.21,analyst_5
q-01060,2026-08-10,support,xsmall,0.0064,6.572,25.51,analyst_5
q-01061,2026-08-10,ml,xsmall,0.0164,23.937,65.61,analyst_1
q-01062,2026-08-10,platform,xsmall,0.0144,31.821,57.53,platform_svc
q-01063,2026-08-10,ml,xsmall,0.0598,46.555,239.35,analyst_5
q-01064,2026-08-10,support,small,0.0039,1.835,5.86,analyst_7
q-01065,2026-08-10,platform,small,0.0434,16.509,65.05,analyst_6
q-01066,2026-08-10,finance,xsmall,0.0488,44.556,195.2,analyst_6
q-01067,2026-08-10,growth,xsmall,0.0601,46.451,240.59,growth_svc
q-01068,2026-08-10,support,small,0.0087,3.512,12.99,analyst_6
q-01069,2026-08-10,growth,xsmall,0.0662,50.503,264.94,growth_svc
q-01070,2026-08-10,platform,small,0.0148,5.419,22.19,analyst_9
q-01071,2026-08-10,support,xsmall,0.0282,30.243,112.7,support_svc
q-01072,2026-08-10,growth,large,0.0912,12.408,36.06,growth_svc
q-01073,2026-08-10,support,xsmall,0.0036,2.947,14.32,analyst_3
q-01074,2026-08-10,growth,small,0.0195,7.979,29.31,growth_svc
q-01075,2026-08-10,growth,xsmall,0.0055,11.235,21.86,analyst_7
q-01076,2026-08-10,ml,xsmall,0.0076,6.425,30.56,analyst_9
q-01077,2026-08-10,growth,small,0.0271,23.626,40.58,analyst_5
q-01078,2026-08-10,finance,small,0.0103,4.575,15.4,analyst_1
q-01079,2026-08-10,support,xsmall,0.0005,0.489,2.14,support_svc
q-01080,2026-08-10,growth,xsmall,0.0104,11.76,41.71,analyst_5
q-01081,2026-08-10,platform,xsmall,0.0269,25.138,107.68,analyst_2
q-01082,2026-08-10,growth,small,0.0332,15.476,49.74,analyst_6
q-01083,2026-08-10,support,xsmall,0.0168,12.271,67.06,support_svc
q-01084,2026-08-10,finance,small,0.0219,21.966,32.86,analyst_4
q-01085,2026-08-10,platform,xsmall,0.0018,1.112,7.15,analyst_1
q-01086,2026-08-10,growth,xsmall,0.0062,4.644,24.79,analyst_7
q-01087,2026-08-10,ml,xsmall,0.0425,40.914,169.86,analyst_7
q-01088,2026-08-10,support,xsmall,0.0103,13.147,41.38,support_svc
q-01089,2026-08-10,growth,large,0.0103,0.795,4.07,growth_svc
q-01090,2026-08-10,platform,xsmall,0.017,13.064,67.89,platform_svc
q-01091,2026-08-10,finance,xsmall,0.1184,87.702,473.56,analyst_2
q-01092,2026-08-10,support,xsmall,0.0015,1.702,5.87,analyst_1
q-01093,2026-08-10,platform,xsmall,0.0031,4.176,12.29,analyst_7
q-01094,2026-08-10,platform,xsmall,0.035,38.956,140.1,analyst_4
q-01095,2026-08-10,growth,xsmall,0.021,16.178,84.1,growth_svc
q-01096,2026-08-10,platform,small,0.0225,8.794,33.74,platform_svc
q-01097,2026-08-10,growth,large,0.1623,16.162,64.2,analyst_9
q-01098,2026-08-10,finance,xsmall,0.0183,16.155,73.19,analyst_4
q-01099,2026-08-10,platform,large,0.0891,7.881,35.23,platform_svc
q-01100,2026-08-10,ml,xsmall,0.0192,16.813,76.75,analyst_7
q-01101,2026-08-10,platform,xsmall,0.015,10.931,60.2,analyst_9
q-01102,2026-08-10,ml,large,0.1812,17.638,71.68,analyst_9
q-01103,2026-08-10,support,small,0.0592,15.433,88.87,analyst_8
q-01104,2026-08-10,support,xsmall,0.0324,31.824,129.42,analyst_3
q-01105,2026-08-10,ml,xsmall,0.0093,16.35,37.04,ml_svc
q-01106,2026-08-10,support,xsmall,0.0361,27.641,144.32,analyst_3
q-01107,2026-08-10,ml,xsmall,0.0441,32.598,176.57,analyst_9
q-01108,2026-08-10,support,xsmall,0.0074,8.368,29.46,support_svc
q-01109,2026-08-10,support,xsmall,0.0255,23.621,101.94,support_svc
q-01110,2026-08-10,support,xsmall,0.012,22.026,47.98,analyst_5
q-01111,2026-08-10,growth,xsmall,0.0055,14.853,22.15,growth_svc
q-01112,2026-08-10,support,xsmall,0.001,1.559,4.01,analyst_1
q-01113,2026-08-10,growth,xsmall,0.0077,6.091,30.91,analyst_7
q-01114,2026-08-10,finance,small,0.0281,8.34,42.19,analyst_1
q-01115,2026-08-10,ml,xsmall,0.01,8.868,40.04,analyst_5
q-01116,2026-08-10,growth,xsmall,0.0164,18.841,65.79,growth_svc
q-01117,2026-08-10,growth,xsmall,0.0079,10.021,31.69,analyst_5
q-01118,2026-08-10,support,large,0.8585,61.287,339.64,support_svc
q-01119,2026-08-10,finance,small,0.0184,7.745,27.59,finance_svc
q-01120,2026-08-10,platform,small,0.0092,5.806,13.79,analyst_3
q-01121,2026-08-11,ml,xsmall,0.0545,62.843,218.0,analyst_4
q-01122,2026-08-11,growth,xsmall,0.0073,6.946,29.13,growth_svc
q-01123,2026-08-11,platform,xsmall,0.0102,14.194,40.78,analyst_8
q-01124,2026-08-11,growth,xsmall,0.0308,56.748,123.22,analyst_4
q-01125,2026-08-11,growth,xsmall,0.0321,27.05,128.39,analyst_7
q-01126,2026-08-11,ml,xsmall,0.0019,1.755,7.72,analyst_9
q-01127,2026-08-11,ml,small,0.0151,8.306,22.63,analyst_5
q-01128,2026-08-11,finance,xsmall,0.0114,11.328,45.52,finance_svc
q-01129,2026-08-11,support,small,0.0795,25.509,119.24,analyst_6
q-01130,2026-08-11,platform,small,0.0497,18.123,74.57,analyst_3
q-01131,2026-08-11,growth,xsmall,0.0311,27.356,124.47,growth_svc
q-01132,2026-08-11,growth,xsmall,0.0098,8.531,39.21,growth_svc
q-01133,2026-08-11,platform,xsmall,0.0005,0.31,2.15,platform_svc
q-01134,2026-08-11,ml,xsmall,0.0079,6.169,31.63,analyst_7
q-01135,2026-08-11,support,xsmall,0.0125,16.165,50.15,support_svc
q-01136,2026-08-11,finance,xsmall,0.021,23.475,84.12,finance_svc
q-01137,2026-08-11,finance,xsmall,0.0045,3.149,17.98,analyst_2
q-01138,2026-08-11,ml,large,0.4754,51.255,188.08,analyst_4
q-01139,2026-08-11,growth,small,0.1631,78.066,244.58,analyst_9
q-01140,2026-08-11,finance,xsmall,0.0085,5.978,34.01,analyst_9
q-01141,2026-08-11,ml,xsmall,0.0038,6.917,15.06,ml_svc
q-01142,2026-08-11,finance,small,0.1039,42.314,155.9,analyst_2
q-01143,2026-08-11,ml,xsmall,0.0168,11.432,67.11,analyst_3
q-01144,2026-08-11,ml,small,0.022,7.719,32.94,ml_svc
q-01145,2026-08-11,growth,xsmall,0.0031,7.118,12.38,analyst_6
q-01146,2026-08-11,growth,large,0.0573,10.209,22.65,growth_svc
q-01147,2026-08-11,growth,xsmall,0.0053,6.142,21.18,analyst_5
q-01148,2026-08-11,support,small,0.0009,0.206,1.28,support_svc
q-01149,2026-08-11,support,xsmall,0.0189,31.649,75.48,support_svc
q-01150,2026-08-11,growth,xsmall,0.0064,4.882,25.69,analyst_9
q-01151,2026-08-11,finance,xsmall,0.009,10.837,35.82,finance_svc
q-01152,2026-08-11,growth,small,0.0333,12.475,50.02,analyst_9
q-01153,2026-08-11,finance,small,0.0072,3.274,10.83,analyst_6
q-01154,2026-08-11,finance,small,0.1706,54.792,255.95,analyst_4
q-01155,2026-08-11,platform,xsmall,0.0041,4.199,16.28,analyst_6
q-01156,2026-08-11,ml,small,0.0129,7.257,19.3,analyst_1
q-01157,2026-08-11,finance,small,0.0075,5.31,11.28,analyst_5
q-01158,2026-08-11,support,xsmall,0.0176,23.896,70.25,analyst_7
q-01159,2026-08-11,finance,xsmall,0.0241,16.435,96.38,analyst_2
q-01160,2026-08-11,platform,large,0.0239,1.832,9.46,platform_svc
q-01161,2026-08-11,growth,xsmall,0.0115,20.775,45.92,analyst_9
q-01162,2026-08-11,platform,large,0.0433,4.321,17.11,analyst_1
q-01163,2026-08-11,growth,xsmall,0.0207,16.163,82.77,analyst_9
q-01164,2026-08-11,support,xsmall,0.0148,16.358,59.21,analyst_9
q-01165,2026-08-11,platform,xsmall,0.001,0.664,4.07,platform_svc
q-01166,2026-08-11,finance,xsmall,0.0316,26.026,126.51,finance_svc
q-01167,2026-08-11,platform,xsmall,0.0414,34.888,165.49,analyst_9
q-01168,2026-08-11,ml,small,0.0562,24.468,84.31,analyst_2
q-01169,2026-08-11,platform,xsmall,0.0058,12.411,23.0,platform_svc
q-01170,2026-08-11,support,xsmall,0.0122,16.887,48.98,analyst_1
q-01171,2026-08-11,support,xsmall,0.0023,5.718,9.27,analyst_7
q-01172,2026-08-11,growth,small,0.0482,23.146,72.3,analyst_4
q-01173,2026-08-11,support,xsmall,0.018,34.378,72.18,analyst_1
q-01174,2026-08-11,ml,large,0.1139,18.003,45.04,ml_svc
q-01175,2026-08-11,ml,xsmall,0.0039,4.992,15.71,analyst_9
q-01176,2026-08-11,support,small,0.0059,2.17,8.86,support_svc
q-01177,2026-08-11,support,xsmall,0.0298,50.236,119.35,support_svc
q-01178,2026-08-11,platform,xsmall,0.0101,13.072,40.53,analyst_3
q-01179,2026-08-11,finance,small,0.0815,21.703,122.23,finance_svc
q-01180,2026-08-11,growth,small,0.0185,5.01,27.69,analyst_7
q-01181,2026-08-11,growth,small,0.0218,7.767,32.76,growth_svc
q-01182,2026-08-11,platform,small,0.0027,2.309,4.12,platform_svc
q-01183,2026-08-11,platform,small,0.0477,12.283,71.58,platform_svc
q-01184,2026-08-11,finance,small,0.0232,11.554,34.81,analyst_4
q-01185,2026-08-11,ml,xsmall,0.0085,13.164,34.01,ml_svc
q-01186,2026-08-11,support,small,0.0403,13.904,60.41,support_svc
q-01187,2026-08-11,ml,small,0.0331,21.546,49.72,analyst_5
q-01188,2026-08-11,finance,small,0.0709,23.3,106.29,analyst_5
q-01189,2026-08-11,growth,xsmall,0.0078,5.603,31.4,analyst_4
q-01190,2026-08-11,platform,small,0.0533,17.241,80.0,analyst_8
q-01191,2026-08-11,ml,small,0.0123,5.736,18.39,analyst_2
q-01192,2026-08-11,support,xsmall,0.0005,0.848,1.96,analyst_5
q-01193,2026-08-11,platform,small,0.0206,20.503,30.97,analyst_8
q-01194,2026-08-11,ml,xsmall,0.0129,17.151,51.49,ml_svc
q-01195,2026-08-11,growth,large,0.1577,15.755,62.38,analyst_6
q-01196,2026-08-11,ml,xsmall,0.0074,10.28,29.68,ml_svc
q-01197,2026-08-11,support,large,0.0036,0.348,1.41,analyst_1
q-01198,2026-08-11,ml,xsmall,0.046,38.045,184.12,ml_svc
q-01199,2026-08-11,platform,xsmall,0.05,58.398,200.05,platform_svc
q-01200,2026-08-11,support,small,0.112,32.214,167.98,analyst_7
q-01201,2026-08-11,support,small,0.0565,18.414,84.75,support_svc
q-01202,2026-08-11,support,xsmall,0.0017,1.903,6.78,support_svc
q-01203,2026-08-11,finance,xsmall,0.0014,2.649,5.53,analyst_3
q-01204,2026-08-11,growth,xsmall,0.0015,2.138,6.05,analyst_5
q-01205,2026-08-11,growth,large,0.506,35.538,200.16,analyst_2
q-01206,2026-08-11,ml,xsmall,0.0257,39.412,102.94,analyst_7
q-01207,2026-08-11,finance,large,0.0356,3.572,14.07,finance_svc
q-01208,2026-08-11,finance,xsmall,0.0149,9.924,59.63,analyst_4
q-01209,2026-08-11,finance,small,0.001,0.411,1.51,finance_svc
q-01210,2026-08-11,finance,xsmall,0.0142,27.558,56.81,analyst_5
q-01211,2026-08-11,finance,xsmall,0.2044,152.294,817.75,finance_svc
q-01212,2026-08-11,finance,small,0.0707,18.796,105.98,analyst_4
q-01213,2026-08-11,ml,xsmall,0.0152,33.682,60.67,analyst_8
q-01214,2026-08-11,ml,small,0.0301,7.89,45.15,ml_svc
q-01215,2026-08-11,support,xsmall,0.0171,11.766,68.5,analyst_9
q-01216,2026-08-11,growth,small,0.0288,10.036,43.14,analyst_6
q-01217,2026-08-11,finance,xsmall,0.0034,8.441,13.62,analyst_9
q-01218,2026-08-11,platform,small,0.0079,5.343,11.81,analyst_7
q-01219,2026-08-11,platform,xsmall,0.0096,6.794,38.41,analyst_3
q-01220,2026-08-11,ml,xsmall,0.0002,0.272,0.99,analyst_5
q-01221,2026-08-11,finance,xsmall,0.013,12.073,52.0,finance_svc
q-01222,2026-08-11,support,large,0.2493,29.513,98.62,support_svc
q-01223,2026-08-11,platform,xsmall,0.0003,0.397,1.28,platform_svc
q-01224,2026-08-11,platform,xsmall,0.0616,62.53,246.32,analyst_1
q-01225,2026-08-11,ml,xsmall,0.0745,70.853,298.11,ml_svc
q-01226,2026-08-11,platform,small,0.0011,0.554,1.6,analyst_4
q-01227,2026-08-11,platform,large,0.0505,4.031,19.98,analyst_5
q-01228,2026-08-11,ml,xsmall,0.016,11.734,64.11,analyst_2
q-01229,2026-08-11,support,xsmall,0.0153,24.464,61.2,support_svc
q-01230,2026-08-11,platform,xsmall,0.0118,8.907,47.24,platform_svc
q-01231,2026-08-11,finance,xsmall,0.0388,40.136,155.1,analyst_5
q-01232,2026-08-11,platform,small,0.0396,22.321,59.39,platform_svc
q-01233,2026-08-11,support,xsmall,0.0021,1.904,8.27,analyst_6
q-01234,2026-08-11,support,xsmall,0.0101,16.393,40.43,analyst_4
q-01235,2026-08-11,growth,xsmall,0.0079,10.897,31.52,growth_svc
q-01236,2026-08-11,platform,xsmall,0.0778,52.886,311.2,analyst_7
q-01237,2026-08-11,support,small,0.1137,37.967,170.58,support_svc
q-01238,2026-08-11,platform,xsmall,0.0023,2.954,9.29,analyst_5
q-01239,2026-08-11,finance,xsmall,0.0031,4.914,12.25,analyst_9
q-01240,2026-08-11,platform,xsmall,0.0033,7.381,13.33,platform_svc
q-01241,2026-08-11,platform,xsmall,0.0171,18.753,68.51,analyst_2
q-01242,2026-08-11,finance,small,0.0932,34.048,139.78,analyst_3
q-01243,2026-08-11,finance,xsmall,0.0007,0.558,2.63,finance_svc
q-01244,2026-08-11,ml,xsmall,0.0311,21.802,124.52,analyst_6
q-01245,2026-08-11,support,small,0.0187,7.307,28.1,analyst_1
q-01246,2026-08-11,finance,small,0.0309,7.704,46.33,analyst_3
q-01247,2026-08-11,finance,xsmall,0.0072,14.48,28.98,finance_svc
q-01248,2026-08-11,finance,xsmall,0.0166,17.07,66.5,finance_svc
q-01249,2026-08-11,growth,small,0.0406,25.158,60.86,growth_svc
q-01250,2026-08-11,growth,small,0.0102,2.919,15.37,analyst_9
q-01251,2026-08-11,finance,xsmall,0.003,3.055,11.99,analyst_4
q-01252,2026-08-11,support,xsmall,0.0285,45.32,114.18,analyst_5
q-01253,2026-08-11,ml,xsmall,0.0363,41.951,145.38,ml_svc
q-01254,2026-08-11,growth,xsmall,0.0099,6.496,39.52,growth_svc
q-01255,2026-08-11,finance,xsmall,0.0969,70.593,387.56,analyst_6
q-01256,2026-08-11,growth,xsmall,0.0853,66.523,341.06,growth_svc
q-01257,2026-08-11,finance,xsmall,0.014,10.519,55.84,analyst_9
q-01258,2026-08-11,ml,large,0.3831,27.043,151.55,analyst_2
q-01259,2026-08-11,support,xsmall,0.0124,19.519,49.77,analyst_6
q-01260,2026-08-11,finance,xsmall,0.0428,49.005,171.3,analyst_3
q-01261,2026-08-12,growth,large,0.2519,21.928,99.67,analyst_1
q-01262,2026-08-12,platform,small,0.0023,1.499,3.39,platform_svc
q-01263,2026-08-12,ml,xsmall,0.0061,10.361,24.42,analyst_1
q-01264,2026-08-12,ml,xsmall,0.0087,7.808,34.84,ml_svc
q-01265,2026-08-12,finance,xsmall,0.0617,110.03,246.97,analyst_8
q-01266,2026-08-12,support,xsmall,0.012,10.84,47.88,support_svc
q-01267,2026-08-12,support,xsmall,0.0163,39.808,65.25,support_svc
q-01268,2026-08-12,ml,large,0.0439,5.233,17.36,ml_svc
q-01269,2026-08-12,platform,xsmall,0.0077,6.445,30.82,platform_svc
q-01270,2026-08-12,support,xsmall,0.0104,9.173,41.57,analyst_3
q-01271,2026-08-12,ml,small,0.0472,11.988,70.87,analyst_9
q-01272,2026-08-12,growth,large,0.075,5.417,29.66,growth_svc
q-01273,2026-08-12,platform,small,0.082,31.541,122.98,analyst_9
q-01274,2026-08-12,support,small,0.1043,30.686,156.46,analyst_5
q-01275,2026-08-12,finance,small,0.1224,86.68,183.61,finance_svc
q-01276,2026-08-12,ml,xsmall,0.0022,2.577,8.79,analyst_1
q-01277,2026-08-12,ml,large,0.0505,10.898,19.96,analyst_2
q-01278,2026-08-12,platform,xsmall,0.0633,75.808,253.32,platform_svc
q-01279,2026-08-12,platform,large,0.0098,0.895,3.86,platform_svc
q-01280,2026-08-12,finance,xsmall,0.0397,35.515,158.85,analyst_6
q-01281,2026-08-12,platform,xsmall,0.0037,3.77,14.74,analyst_6
q-01282,2026-08-12,support,xsmall,0.0085,7.194,33.88,analyst_8
q-01283,2026-08-12,support,xsmall,0.0008,0.597,3.18,analyst_6
q-01284,2026-08-12,platform,xsmall,0.0007,1.526,2.83,platform_svc
q-01285,2026-08-12,ml,xsmall,0.0054,7.709,21.79,ml_svc
q-01286,2026-08-12,finance,small,0.0034,0.817,5.15,analyst_6
q-01287,2026-08-12,growth,xsmall,0.0244,32.193,97.73,analyst_5
q-01288,2026-08-12,platform,xsmall,0.0191,27.564,76.39,analyst_8
q-01289,2026-08-12,growth,large,0.1401,33.438,55.44,analyst_3
q-01290,2026-08-12,finance,small,0.0165,4.853,24.82,analyst_3
q-01291,2026-08-12,support,large,0.1069,21.513,42.28,analyst_5
q-01292,2026-08-12,platform,small,0.0036,0.867,5.46,analyst_2
q-01293,2026-08-12,platform,xsmall,0.0059,6.312,23.7,platform_svc
q-01294,2026-08-12,support,small,0.0093,6.141,13.96,support_svc
q-01295,2026-08-12,platform,xsmall,0.0034,6.713,13.7,analyst_6
q-01296,2026-08-12,finance,xsmall,0.0142,19.06,56.66,analyst_6
q-01297,2026-08-12,finance,small,0.0112,9.156,16.82,finance_svc
q-01298,2026-08-12,finance,small,0.0058,3.973,8.7,analyst_9
q-01299,2026-08-12,support,xsmall,0.005,6.525,20.04,analyst_1
q-01300,2026-08-12,finance,xsmall,0.0069,8.145,27.58,finance_svc
q-01301,2026-08-12,ml,large,0.2268,15.521,89.74,ml_svc
q-01302,2026-08-12,growth,xsmall,0.0198,35.336,79.32,growth_svc
q-01303,2026-08-12,ml,xsmall,0.0288,44.375,115.39,analyst_6
q-01304,2026-08-12,ml,xsmall,0.0414,30.0,165.61,analyst_6
q-01305,2026-08-12,growth,xsmall,0.0525,51.969,210.18,analyst_7
q-01306,2026-08-12,platform,xsmall,0.0424,29.382,169.48,analyst_5
q-01307,2026-08-12,support,small,0.065,16.933,97.43,support_svc
q-01308,2026-08-12,support,large,0.0084,0.476,3.33,analyst_2
q-01309,2026-08-12,ml,xsmall,0.0139,13.256,55.71,analyst_2
q-01310,2026-08-12,finance,xsmall,0.0017,2.88,6.77,analyst_7
q-01311,2026-08-12,growth,small,0.0498,14.335,74.64,analyst_4
q-01312,2026-08-12,growth,xsmall,0.0683,49.239,273.15,growth_svc
q-01313,2026-08-12,finance,small,0.0055,2.148,8.18,analyst_4
q-01314,2026-08-12,finance,xsmall,0.0016,1.155,6.38,analyst_7
q-01315,2026-08-12,platform,xsmall,0.0042,5.575,16.74,analyst_3
q-01316,2026-08-12,platform,xsmall,0.0176,27.111,70.47,platform_svc
q-01317,2026-08-12,growth,xsmall,0.0013,0.903,5.34,analyst_6
q-01318,2026-08-12,platform,xsmall,0.0104,9.461,41.62,analyst_8
q-01319,2026-08-12,finance,small,0.0088,2.519,13.24,analyst_8
q-01320,2026-08-12,growth,xsmall,0.0013,2.942,5.35,analyst_7
q-01321,2026-08-12,support,small,0.1615,57.905,242.32,support_svc
q-01322,2026-08-12,finance,large,0.8006,62.732,316.72,finance_svc
q-01323,2026-08-12,growth,small,0.0325,10.149,48.78,growth_svc
q-01324,2026-08-12,ml,xsmall,0.0051,4.757,20.36,ml_svc
q-01325,2026-08-12,finance,small,0.0413,16.359,61.93,finance_svc
q-01326,2026-08-12,growth,small,0.0618,23.64,92.68,analyst_1
q-01327,2026-08-12,support,small,0.0044,2.439,6.62,support_svc
q-01328,2026-08-12,ml,xsmall,0.0428,53.281,171.16,analyst_5
q-01329,2026-08-12,growth,small,0.0915,47.568,137.26,growth_svc
q-01330,2026-08-12,ml,xsmall,0.0044,5.579,17.78,analyst_8
q-01331,2026-08-12,platform,small,0.0282,7.325,42.34,analyst_4
q-01332,2026-08-12,finance,small,0.014,11.878,21.03,finance_svc
q-01333,2026-08-12,platform,xsmall,0.0027,5.919,10.78,analyst_1
q-01334,2026-08-12,finance,small,0.0235,9.713,35.21,analyst_7
q-01335,2026-08-12,growth,small,0.134,72.595,200.95,analyst_3
q-01336,2026-08-12,platform,xsmall,0.0088,5.76,35.15,analyst_1
q-01337,2026-08-12,growth,xsmall,0.0016,1.451,6.41,analyst_8
q-01338,2026-08-12,ml,large,0.2936,31.35,116.15,ml_svc
q-01339,2026-08-12,finance,small,0.0485,16.113,72.77,finance_svc
q-01340,2026-08-12,support,xsmall,0.0142,20.641,56.7,analyst_3
q-01341,2026-08-12,ml,xsmall,0.0109,10.718,43.4,ml_svc
q-01342,2026-08-12,growth,xsmall,0.0048,3.58,19.14,growth_svc
q-01343,2026-08-12,ml,small,0.1244,60.759,186.63,analyst_2
q-01344,2026-08-12,platform,large,0.1415,10.574,55.99,platform_svc
q-01345,2026-08-12,finance,xsmall,0.0861,118.166,344.58,analyst_5
q-01346,2026-08-12,ml,large,0.0714,12.198,28.24,analyst_2
q-01347,2026-08-12,support,large,0.0195,3.477,7.72,analyst_6
q-01348,2026-08-12,growth,small,0.0251,7.194,37.69,growth_svc
q-01349,2026-08-12,finance,xsmall,0.0124,8.715,49.42,analyst_9
q-01350,2026-08-12,finance,xsmall,0.0035,8.439,14.16,analyst_5
q-01351,2026-08-12,support,xsmall,0.0086,12.377,34.2,analyst_8
q-01352,2026-08-12,platform,small,0.1155,51.355,173.28,analyst_4
q-01353,2026-08-12,support,xsmall,0.0228,17.153,91.21,support_svc
q-01354,2026-08-12,platform,large,0.0249,2.695,9.85,analyst_3
q-01355,2026-08-12,growth,xsmall,0.0024,2.125,9.66,growth_svc
q-01356,2026-08-12,growth,small,0.0152,8.727,22.87,growth_svc
q-01357,2026-08-12,ml,xsmall,0.0258,27.092,103.17,ml_svc
q-01358,2026-08-12,platform,xsmall,0.0008,0.694,3.09,platform_svc
q-01359,2026-08-12,ml,large,0.1885,23.117,74.59,analyst_5
q-01360,2026-08-12,support,xsmall,0.0121,20.757,48.58,analyst_5
q-01361,2026-08-12,support,small,0.1262,34.054,189.27,support_svc
q-01362,2026-08-12,ml,xsmall,0.0121,23.68,48.38,analyst_9
q-01363,2026-08-12,finance,small,0.0044,1.627,6.63,analyst_4
q-01364,2026-08-12,platform,small,0.0837,30.246,125.59,analyst_8
q-01365,2026-08-12,finance,small,0.0066,2.353,9.85,finance_svc
q-01366,2026-08-12,support,xsmall,0.0101,22.614,40.59,analyst_4
q-01367,2026-08-12,platform,xsmall,0.0404,27.14,161.7,analyst_2
q-01368,2026-08-12,ml,xsmall,0.0113,9.21,45.22,ml_svc
q-01369,2026-08-12,growth,large,0.0576,13.189,22.77,growth_svc
q-01370,2026-08-12,finance,small,0.0671,25.636,100.66,analyst_3
q-01371,2026-08-12,finance,large,0.0033,0.196,1.3,analyst_7
q-01372,2026-08-12,ml,xsmall,0.0024,5.36,9.58,ml_svc
q-01373,2026-08-12,growth,xsmall,0.0194,22.363,77.48,growth_svc
q-01374,2026-08-12,ml,small,0.2613,66.472,391.95,ml_svc
q-01375,2026-08-12,finance,xsmall,0.0032,5.373,12.67,analyst_4
q-01376,2026-08-12,platform,xsmall,0.0476,35.807,190.45,analyst_1
q-01377,2026-08-12,growth,xsmall,0.0494,33.221,197.7,analyst_4
q-01378,2026-08-12,finance,xsmall,0.0053,13.996,21.28,finance_svc
q-01379,2026-08-12,support,xsmall,0.0848,57.741,339.31,analyst_6
q-01380,2026-08-12,ml,xsmall,0.0335,25.157,134.15,analyst_6
q-01381,2026-08-12,growth,xsmall,0.0092,8.781,36.76,analyst_2
q-01382,2026-08-12,support,xsmall,0.0066,11.305,26.4,analyst_4
q-01383,2026-08-12,support,small,0.0189,7.966,28.36,support_svc
q-01384,2026-08-12,finance,xsmall,0.0883,91.286,353.26,analyst_6
q-01385,2026-08-12,ml,xsmall,0.015,10.527,60.14,analyst_9
q-01386,2026-08-12,finance,small,0.0349,11.154,52.39,analyst_8
q-01387,2026-08-12,support,large,0.2694,21.894,106.57,analyst_9
q-01388,2026-08-12,ml,xsmall,0.0021,1.692,8.31,analyst_2
q-01389,2026-08-12,growth,large,0.063,4.809,24.93,growth_svc
q-01390,2026-08-12,growth,xsmall,0.0035,3.487,14.15,analyst_5
q-01391,2026-08-12,growth,small,0.022,8.82,32.93,growth_svc
q-01392,2026-08-12,platform,large,0.3446,31.741,136.33,analyst_6
q-01393,2026-08-12,support,xsmall,0.0741,51.84,296.54,analyst_6
q-01394,2026-08-12,growth,small,0.0034,2.68,5.14,analyst_5
q-01395,2026-08-12,support,large,0.028,5.471,11.06,analyst_6
q-01396,2026-08-12,finance,small,0.0149,5.162,22.28,finance_svc
q-01397,2026-08-12,finance,xsmall,0.0019,3.538,7.44,finance_svc
q-01398,2026-08-12,platform,xsmall,0.004,3.608,15.9,analyst_3
q-01399,2026-08-12,ml,xsmall,0.0014,1.641,5.54,analyst_3
q-01400,2026-08-12,ml,xsmall,0.0286,21.331,114.21,analyst_1
q-01401,2026-08-13,ml,xsmall,0.0352,24.012,140.96,ml_svc
q-01402,2026-08-13,growth,small,0.1011,33.337,151.62,analyst_6
q-01403,2026-08-13,support,xsmall,0.0065,4.272,26.0,analyst_3
q-01404,2026-08-13,platform,xsmall,0.0028,7.196,11.39,platform_svc
q-01405,2026-08-13,platform,xsmall,0.0213,35.228,85.18,analyst_5
q-01406,2026-08-13,finance,large,0.3926,74.389,155.31,finance_svc
q-01407,2026-08-13,platform,xsmall,0.0079,6.085,31.58,analyst_1
q-01408,2026-08-13,growth,xsmall,0.007,7.817,27.95,analyst_7
q-01409,2026-08-13,support,small,0.06,26.356,89.95,support_svc
q-01410,2026-08-13,finance,small,0.0032,1.968,4.8,finance_svc
q-01411,2026-08-13,platform,xsmall,0.0255,18.055,102.18,analyst_5
q-01412,2026-08-13,platform,large,0.0602,6.43,23.83,platform_svc
q-01413,2026-08-13,support,xsmall,0.002,3.089,8.13,analyst_7
q-01414,2026-08-13,growth,large,0.1742,13.659,68.93,analyst_7
q-01415,2026-08-13,finance,xsmall,0.0047,4.71,18.63,analyst_8
q-01416,2026-08-13,ml,xsmall,0.0214,24.367,85.47,ml_svc
q-01417,2026-08-13,platform,xsmall,0.0135,11.441,53.9,platform_svc
q-01418,2026-08-13,growth,xsmall,0.0117,9.855,46.8,growth_svc
q-01419,2026-08-13,platform,small,0.032,24.081,47.93,platform_svc
q-01420,2026-08-13,ml,xsmall,0.0117,9.034,46.92,ml_svc
q-01421,2026-08-13,finance,xsmall,0.0045,3.814,17.98,finance_svc
q-01422,2026-08-13,ml,xsmall,0.0322,26.142,128.83,analyst_6
q-01423,2026-08-13,ml,xsmall,0.0219,17.595,87.48,analyst_8
q-01424,2026-08-13,growth,xsmall,0.0156,17.08,62.21,analyst_2
q-01425,2026-08-13,ml,small,0.2349,61.172,352.41,analyst_1
q-01426,2026-08-13,platform,large,0.1431,17.784,56.61,analyst_3
q-01427,2026-08-13,growth,small,0.0025,0.536,3.79,analyst_3
q-01428,2026-08-13,ml,small,0.1069,49.79,160.39,ml_svc
q-01429,2026-08-13,growth,xsmall,0.0312,31.848,124.77,growth_svc
q-01430,2026-08-13,ml,small,0.0509,30.537,76.32,analyst_2
q-01431,2026-08-13,growth,large,0.0997,11.159,39.45,analyst_9
q-01432,2026-08-13,finance,small,0.0213,8.581,31.99,analyst_2
q-01433,2026-08-13,finance,xsmall,0.0153,21.4,61.21,analyst_4
q-01434,2026-08-13,finance,large,0.0219,2.618,8.68,analyst_6
q-01435,2026-08-13,platform,xsmall,0.0031,6.53,12.56,platform_svc
q-01436,2026-08-13,growth,small,0.0064,1.927,9.65,growth_svc
q-01437,2026-08-13,support,xsmall,0.0124,8.588,49.76,support_svc
q-01438,2026-08-13,platform,xsmall,0.0095,11.029,37.98,platform_svc
q-01439,2026-08-13,support,small,0.0418,11.088,62.64,support_svc
q-01440,2026-08-13,platform,xsmall,0.0959,63.944,383.76,analyst_7
q-01441,2026-08-13,platform,xsmall,0.0019,3.741,7.68,analyst_5
q-01442,2026-08-13,finance,xsmall,0.0004,0.264,1.46,analyst_8
q-01443,2026-08-13,finance,xsmall,0.033,24.104,132.19,analyst_4
q-01444,2026-08-13,finance,small,0.1061,33.975,159.2,finance_svc
q-01445,2026-08-13,support,xsmall,0.0132,17.209,52.84,analyst_8
q-01446,2026-08-13,support,xsmall,0.0863,77.36,345.19,analyst_7
q-01447,2026-08-13,support,xsmall,0.0044,4.849,17.74,analyst_7
q-01448,2026-08-13,support,xsmall,0.007,5.8,27.84,support_svc
q-01449,2026-08-13,ml,large,0.0732,8.916,28.95,analyst_5
q-01450,2026-08-13,platform,small,0.0364,15.665,54.66,analyst_1
q-01451,2026-08-13,platform,small,0.0743,40.037,111.48,analyst_4
q-01452,2026-08-13,finance,small,0.1806,47.533,270.91,finance_svc
q-01453,2026-08-13,support,small,0.0536,26.424,80.37,analyst_8
q-01454,2026-08-13,platform,xsmall,0.0222,24.14,88.93,analyst_6
q-01455,2026-08-13,support,xsmall,0.0159,12.55,63.74,analyst_5
q-01456,2026-08-13,finance,xsmall,0.0188,13.661,75.33,finance_svc
q-01457,2026-08-13,support,xsmall,0.012,9.234,48.2,support_svc
q-01458,2026-08-13,ml,xsmall,0.024,20.278,95.91,analyst_4
q-01459,2026-08-13,finance,small,0.0276,23.308,41.45,analyst_5
q-01460,2026-08-13,growth,xsmall,0.0029,5.867,11.42,growth_svc
q-01461,2026-08-13,support,xsmall,0.0011,1.998,4.46,support_svc
q-01462,2026-08-13,support,xsmall,0.0017,2.205,6.83,analyst_5
q-01463,2026-08-13,finance,small,0.0383,11.207,57.44,analyst_1
q-01464,2026-08-13,support,xsmall,0.0726,87.264,290.54,support_svc
q-01465,2026-08-13,growth,xsmall,0.0162,18.821,64.87,analyst_9
q-01466,2026-08-13,growth,xsmall,0.101,73.759,404.0,analyst_9
q-01467,2026-08-13,growth,large,0.1885,22.042,74.58,analyst_5
q-01468,2026-08-13,platform,small,0.0029,1.676,4.35,analyst_4
q-01469,2026-08-13,growth,xsmall,0.0068,13.742,27.04,analyst_5
q-01470,2026-08-13,platform,small,0.0007,0.125,0.98,analyst_4
q-01471,2026-08-13,support,xsmall,0.0353,33.233,141.03,support_svc
q-01472,2026-08-13,ml,xsmall,0.0162,11.948,64.88,ml_svc
q-01473,2026-08-13,growth,small,0.0246,7.42,36.95,growth_svc
q-01474,2026-08-13,finance,xsmall,0.0231,35.881,92.39,analyst_7
q-01475,2026-08-13,platform,xsmall,0.2396,200.511,958.35,platform_svc
q-01476,2026-08-13,support,small,0.0227,15.523,34.05,support_svc
q-01477,2026-08-13,ml,xsmall,0.02,22.846,79.83,analyst_3
q-01478,2026-08-13,platform,small,0.0146,3.804,21.83,platform_svc
q-01479,2026-08-13,growth,xsmall,0.0047,6.03,18.63,analyst_9
q-01480,2026-08-13,finance,xsmall,0.0607,45.111,242.89,analyst_2
q-01481,2026-08-13,support,xsmall,0.0118,14.031,47.03,support_svc
q-01482,2026-08-13,growth,xsmall,0.0093,18.545,37.1,growth_svc
q-01483,2026-08-13,finance,xsmall,0.0418,27.911,167.21,analyst_1
q-01484,2026-08-13,support,large,0.2583,31.031,102.17,analyst_9
q-01485,2026-08-13,finance,small,0.1659,44.031,248.87,analyst_9
q-01486,2026-08-13,platform,xsmall,0.04,34.884,160.19,analyst_4
q-01487,2026-08-13,support,xsmall,0.0033,2.242,13.35,support_svc
q-01488,2026-08-13,ml,xsmall,0.0155,17.209,61.8,ml_svc
q-01489,2026-08-13,finance,xsmall,0.0026,2.589,10.41,analyst_4
q-01490,2026-08-13,finance,small,0.0252,17.816,37.76,finance_svc
q-01491,2026-08-13,finance,small,0.0354,10.659,53.12,analyst_5
q-01492,2026-08-13,ml,xsmall,0.0121,32.215,48.46,ml_svc
q-01493,2026-08-13,finance,xsmall,0.0182,30.379,72.95,finance_svc
q-01494,2026-08-13,support,xsmall,0.0039,2.55,15.61,analyst_6
q-01495,2026-08-13,support,xsmall,0.0157,30.09,62.66,analyst_6
q-01496,2026-08-13,support,xsmall,0.0011,2.024,4.21,support_svc
q-01497,2026-08-13,support,xsmall,0.0104,25.2,41.45,analyst_1
q-01498,2026-08-13,platform,small,0.0024,1.054,3.58,platform_svc
q-01499,2026-08-13,platform,small,0.0028,0.957,4.15,platform_svc
q-01500,2026-08-13,platform,xsmall,0.0375,40.938,150.1,platform_svc
q-01501,2026-08-13,finance,small,0.0899,45.982,134.82,analyst_6
q-01502,2026-08-13,finance,large,0.0131,2.018,5.2,finance_svc
q-01503,2026-08-13,platform,xsmall,0.0132,13.539,52.65,analyst_9
q-01504,2026-08-13,finance,xsmall,0.0292,41.778,116.65,finance_svc
q-01505,2026-08-13,finance,xsmall,0.0432,45.697,172.88,finance_svc
q-01506,2026-08-13,support,xsmall,0.0071,9.907,28.35,support_svc
q-01507,2026-08-13,ml,xsmall,0.0031,6.315,12.31,ml_svc
q-01508,2026-08-13,ml,small,0.0078,5.004,11.67,analyst_9
q-01509,2026-08-13,platform,large,0.2778,18.843,109.88,analyst_9
q-01510,2026-08-13,support,xsmall,0.0187,37.236,74.76,analyst_7
q-01511,2026-08-13,platform,small,0.0092,3.369,13.73,analyst_9
q-01512,2026-08-13,growth,small,0.0144,7.09,21.54,analyst_4
q-01513,2026-08-13,ml,xsmall,0.0018,1.331,7.11,ml_svc
q-01514,2026-08-13,support,small,0.0301,17.927,45.18,analyst_1
q-01515,2026-08-13,finance,xsmall,0.0117,26.91,46.73,finance_svc
q-01516,2026-08-13,ml,xsmall,0.0265,21.076,106.06,analyst_7
q-01517,2026-08-13,ml,small,0.2753,115.811,412.97,analyst_9
q-01518,2026-08-13,growth,xsmall,0.0037,5.219,14.98,analyst_2
q-01519,2026-08-13,finance,xsmall,0.0041,3.927,16.32,finance_svc
q-01520,2026-08-13,ml,xsmall,0.0418,27.891,167.26,analyst_6
q-01521,2026-08-13,finance,small,0.027,8.292,40.56,finance_svc
q-01522,2026-08-13,finance,xsmall,0.0673,63.116,269.26,analyst_3
q-01523,2026-08-13,support,xsmall,0.0017,2.048,6.68,analyst_5
q-01524,2026-08-13,growth,small,0.0188,18.106,28.17,analyst_6
q-01525,2026-08-13,ml,small,0.0222,5.527,33.33,analyst_7
q-01526,2026-08-13,finance,xsmall,0.022,29.961,87.94,analyst_2
q-01527,2026-08-13,finance,large,0.0465,10.659,18.41,analyst_6
q-01528,2026-08-13,finance,small,0.0193,7.854,28.94,analyst_5
q-01529,2026-08-13,finance,xsmall,0.0255,48.731,102.09,finance_svc
q-01530,2026-08-13,platform,small,0.0031,1.37,4.58,analyst_5
q-01531,2026-08-13,growth,small,0.0133,4.138,19.9,growth_svc
q-01532,2026-08-13,platform,xsmall,0.0049,4.445,19.49,analyst_8
q-01533,2026-08-13,platform,small,0.0758,51.364,113.74,analyst_2
q-01534,2026-08-13,finance,xsmall,0.013,10.936,52.02,finance_svc
q-01535,2026-08-13,finance,small,0.0441,16.313,66.19,analyst_2
q-01536,2026-08-13,growth,xsmall,0.0295,25.875,117.93,growth_svc
q-01537,2026-08-13,platform,large,0.0577,9.164,22.82,analyst_5
q-01538,2026-08-13,finance,small,0.0158,5.514,23.71,finance_svc
q-01539,2026-08-13,ml,xsmall,0.0108,13.329,43.22,analyst_4
q-01540,2026-08-13,growth,xsmall,0.0069,5.037,27.77,analyst_8
q-01541,2026-08-14,growth,small,0.0609,23.522,91.4,growth_svc
q-01542,2026-08-14,platform,small,0.0285,19.737,42.76,analyst_4
q-01543,2026-08-14,support,xsmall,0.0052,4.231,20.76,support_svc
q-01544,2026-08-14,growth,small,0.166,44.802,249.0,analyst_4
q-01545,2026-08-14,platform,xsmall,0.0191,15.589,76.49,platform_svc
q-01546,2026-08-14,finance,xsmall,0.0115,12.413,46.11,finance_svc
q-01547,2026-08-14,finance,xsmall,0.0046,3.403,18.27,analyst_9
q-01548,2026-08-14,platform,xsmall,0.0116,25.819,46.2,analyst_1
q-01549,2026-08-14,growth,large,0.0713,5.096,28.2,growth_svc
q-01550,2026-08-14,platform,xsmall,0.0013,0.969,5.08,platform_svc
q-01551,2026-08-14,growth,xsmall,0.005,4.771,20.03,analyst_3
q-01552,2026-08-14,support,small,0.0834,34.026,125.1,support_svc
q-01553,2026-08-14,growth,xsmall,0.0075,10.501,29.91,analyst_1
q-01554,2026-08-14,platform,small,0.0365,13.758,54.74,analyst_5
q-01555,2026-08-14,growth,small,0.0102,9.703,15.35,growth_svc
q-01556,2026-08-14,support,xsmall,0.0337,23.701,134.76,support_svc
q-01557,2026-08-14,ml,small,0.0061,1.829,9.22,ml_svc
q-01558,2026-08-14,support,xsmall,0.021,25.854,83.89,analyst_7
q-01559,2026-08-14,ml,small,0.0526,24.7,78.91,ml_svc
q-01560,2026-08-14,platform,small,0.028,10.385,42.03,analyst_6
q-01561,2026-08-14,support,xsmall,0.0114,21.862,45.59,analyst_3
q-01562,2026-08-14,support,small,0.0447,17.733,67.06,analyst_7
q-01563,2026-08-14,platform,large,0.1264,11.218,49.99,analyst_1
q-01564,2026-08-14,growth,small,0.0244,15.753,36.58,analyst_5
q-01565,2026-08-14,support,xsmall,0.0259,22.075,103.59,support_svc
q-01566,2026-08-14,finance,small,0.0754,23.878,113.17,analyst_6
q-01567,2026-08-14,growth,xsmall,0.0125,14.68,49.95,growth_svc
q-01568,2026-08-14,platform,xsmall,0.0287,25.143,114.95,platform_svc
q-01569,2026-08-14,support,large,0.0256,6.237,10.12,analyst_8
q-01570,2026-08-14,support,xsmall,0.0273,62.314,109.25,support_svc
q-01571,2026-08-14,ml,xsmall,0.0077,10.844,30.79,ml_svc
q-01572,2026-08-14,finance,xsmall,0.0442,38.073,176.89,analyst_1
q-01573,2026-08-14,growth,xsmall,0.013,18.443,51.96,analyst_5
q-01574,2026-08-14,support,xsmall,0.0286,33.761,114.58,analyst_5
q-01575,2026-08-14,platform,small,0.075,19.284,112.44,analyst_5
q-01576,2026-08-14,support,small,0.0008,0.103,1.18,support_svc
q-01577,2026-08-14,ml,xsmall,0.0194,19.27,77.52,ml_svc
q-01578,2026-08-14,finance,xsmall,0.0129,21.384,51.74,analyst_1
q-01579,2026-08-14,finance,small,0.0598,39.45,89.66,finance_svc
q-01580,2026-08-14,support,xsmall,0.0389,48.822,155.55,analyst_6
q-01581,2026-08-14,ml,large,0.2273,15.146,89.91,analyst_4
q-01582,2026-08-14,ml,xsmall,0.0181,13.653,72.32,analyst_3
q-01583,2026-08-14,growth,large,0.0334,8.455,13.22,analyst_3
q-01584,2026-08-14,finance,xsmall,0.0013,3.065,5.05,analyst_1
q-01585,2026-08-14,support,small,0.0175,12.223,26.2,analyst_7
q-01586,2026-08-14,finance,xsmall,0.024,28.316,95.98,finance_svc
q-01587,2026-08-14,support,xsmall,0.0056,5.839,22.57,support_svc
q-01588,2026-08-14,growth,xsmall,0.0199,20.401,79.77,growth_svc
q-01589,2026-08-14,support,small,0.0437,13.536,65.58,analyst_5
q-01590,2026-08-14,support,xsmall,0.0541,52.848,216.35,analyst_1
q-01591,2026-08-14,growth,large,0.011,1.011,4.36,growth_svc
q-01592,2026-08-14,finance,small,0.2188,56.014,328.18,finance_svc
q-01593,2026-08-14,ml,small,0.0338,11.077,50.76,analyst_1
q-01594,2026-08-14,ml,xsmall,0.0079,13.432,31.58,analyst_8
q-01595,2026-08-14,ml,small,0.0226,7.264,33.9,ml_svc
q-01596,2026-08-14,platform,xsmall,0.0127,33.731,50.73,platform_svc
q-01597,2026-08-14,ml,xsmall,0.0233,17.802,93.22,analyst_6
q-01598,2026-08-14,platform,xsmall,0.0022,4.102,8.75,analyst_2
q-01599,2026-08-14,growth,small,0.1196,67.613,179.41,analyst_3
q-01600,2026-08-14,platform,xsmall,0.0266,50.367,106.5,analyst_7
q-01601,2026-08-14,support,xsmall,0.0135,24.993,53.95,support_svc
q-01602,2026-08-14,platform,xsmall,0.0022,5.461,8.99,platform_svc
q-01603,2026-08-14,support,small,0.0201,13.777,30.18,support_svc
q-01604,2026-08-14,growth,xsmall,0.0036,3.949,14.54,growth_svc
q-01605,2026-08-14,finance,xsmall,0.0028,5.087,11.08,analyst_6
q-01606,2026-08-14,growth,small,0.0469,43.616,70.28,analyst_2
q-01607,2026-08-14,support,large,0.1756,26.739,69.47,support_svc
q-01608,2026-08-14,growth,xsmall,0.0416,33.216,166.21,growth_svc
q-01609,2026-08-14,finance,xsmall,0.0097,15.639,38.65,finance_svc
q-01610,2026-08-14,support,large,0.2741,26.043,108.42,analyst_1
q-01611,2026-08-14,growth,large,0.1055,7.943,41.73,analyst_7
q-01612,2026-08-14,platform,small,0.0039,1.323,5.84,analyst_7
q-01613,2026-08-14,growth,xsmall,0.0121,11.659,48.3,analyst_8
q-01614,2026-08-14,finance,small,0.0107,6.409,16.04,analyst_8
q-01615,2026-08-14,platform,xsmall,0.0011,0.976,4.33,platform_svc
q-01616,2026-08-14,ml,small,0.0291,9.433,43.64,analyst_5
q-01617,2026-08-14,growth,small,0.0143,12.192,21.47,analyst_3
q-01618,2026-08-14,ml,xsmall,0.0022,1.903,8.6,ml_svc
q-01619,2026-08-14,platform,small,0.1247,79.225,187.07,analyst_1
q-01620,2026-08-14,ml,small,0.0129,10.65,19.38,analyst_9
q-01621,2026-08-14,ml,xsmall,0.0112,9.941,44.81,analyst_8
q-01622,2026-08-14,support,xsmall,0.0111,16.086,44.27,support_svc
q-01623,2026-08-14,ml,xsmall,0.0033,3.444,13.32,analyst_3
q-01624,2026-08-14,support,xsmall,0.0555,38.579,222.17,analyst_5
q-01625,2026-08-14,platform,large,0.0252,3.137,9.96,platform_svc
q-01626,2026-08-14,finance,xsmall,0.0156,33.089,62.54,analyst_2
q-01627,2026-08-14,growth,small,0.0953,31.299,142.88,growth_svc
q-01628,2026-08-14,platform,small,0.0728,43.975,109.17,platform_svc
q-01629,2026-08-14,growth,xsmall,0.0102,7.66,40.88,growth_svc
q-01630,2026-08-14,platform,xsmall,0.0023,3.023,9.26,analyst_5
q-01631,2026-08-14,platform,xsmall,0.014,9.785,55.98,analyst_3
q-01632,2026-08-14,finance,xsmall,0.0026,1.765,10.31,analyst_4
q-01633,2026-08-14,ml,xsmall,0.0073,9.516,29.2,ml_svc
q-01634,2026-08-14,platform,large,0.3426,23.7,135.52,analyst_9
q-01635,2026-08-14,growth,xsmall,0.0162,24.102,64.89,growth_svc
q-01636,2026-08-14,growth,xsmall,0.0018,4.043,7.02,analyst_9
q-01637,2026-08-14,growth,xsmall,0.0048,6.056,19.09,analyst_1
q-01638,2026-08-14,growth,small,0.0063,5.555,9.43,growth_svc
q-01639,2026-08-14,growth,xsmall,0.0289,28.94,115.63,growth_svc
q-01640,2026-08-14,finance,xsmall,0.0164,19.985,65.77,analyst_1
q-01641,2026-08-14,growth,small,0.0068,2.599,10.2,analyst_1
q-01642,2026-08-14,growth,large,0.0268,2.674,10.6,analyst_9
q-01643,2026-08-14,platform,xsmall,0.0276,19.681,110.49,platform_svc
q-01644,2026-08-14,ml,xsmall,0.0249,39.888,99.68,analyst_7
q-01645,2026-08-14,finance,xsmall,0.0349,28.307,139.49,analyst_4
q-01646,2026-08-14,support,small,0.0949,27.852,142.4,analyst_9
q-01647,2026-08-14,ml,xsmall,0.0015,1.758,6.02,analyst_6
q-01648,2026-08-14,ml,large,0.4176,33.132,165.21,ml_svc
q-01649,2026-08-14,support,xsmall,0.0197,19.057,78.87,analyst_9
q-01650,2026-08-14,support,xsmall,0.0068,11.87,27.29,analyst_6
q-01651,2026-08-14,platform,large,0.1624,13.497,64.25,analyst_9
q-01652,2026-08-14,ml,large,0.4963,40.925,196.35,analyst_7
q-01653,2026-08-14,platform,small,0.0273,7.287,40.94,platform_svc
q-01654,2026-08-14,ml,xsmall,0.0142,23.316,56.68,analyst_5
q-01655,2026-08-14,finance,xsmall,0.002,3.529,8.19,finance_svc
q-01656,2026-08-14,support,small,0.1067,51.311,159.98,support_svc
q-01657,2026-08-14,finance,small,0.0624,29.542,93.63,analyst_7
q-01658,2026-08-14,support,small,0.0602,18.886,90.23,analyst_4
q-01659,2026-08-14,support,xsmall,0.0021,1.673,8.23,support_svc
q-01660,2026-08-14,finance,small,0.0176,10.141,26.47,analyst_4
q-01661,2026-08-14,finance,xsmall,0.0306,21.911,122.36,analyst_7
q-01662,2026-08-14,growth,xsmall,0.0211,20.06,84.31,growth_svc
q-01663,2026-08-14,support,small,0.0062,5.977,9.31,analyst_6
q-01664,2026-08-14,finance,xsmall,0.0021,1.731,8.39,analyst_4
q-01665,2026-08-14,finance,small,0.0087,2.705,13.03,finance_svc
q-01666,2026-08-14,support,xsmall,0.0466,40.311,186.4,analyst_2
q-01667,2026-08-14,platform,xsmall,0.0002,0.075,0.91,analyst_9
q-01668,2026-08-14,ml,large,0.2621,26.543,103.7,analyst_3
q-01669,2026-08-14,finance,small,0.0011,0.37,1.71,analyst_4
q-01670,2026-08-14,support,small,0.0037,1.765,5.58,analyst_7
q-01671,2026-08-14,support,large,0.3097,29.481,122.5,support_svc
q-01672,2026-08-14,platform,xsmall,0.0051,3.529,20.54,analyst_7
q-01673,2026-08-14,growth,large,0.1908,14.609,75.49,growth_svc
q-01674,2026-08-14,platform,small,0.1005,33.987,150.78,analyst_9
q-01675,2026-08-14,platform,small,0.0452,23.152,67.82,platform_svc
q-01676,2026-08-14,ml,xsmall,0.0208,13.904,83.04,ml_svc
q-01677,2026-08-14,finance,xsmall,0.0143,22.397,57.28,finance_svc
q-01678,2026-08-14,platform,xsmall,0.0004,0.593,1.78,analyst_6
q-01679,2026-08-14,growth,xsmall,0.0566,59.601,226.26,analyst_7
q-01680,2026-08-14,ml,xsmall,0.0067,7.158,26.7,analyst_8
q-01681,2026-08-15,growth,xsmall,0.0016,1.0,6.28,analyst_5
q-01682,2026-08-15,platform,xsmall,0.014,33.62,55.99,analyst_3
q-01683,2026-08-15,finance,large,0.1105,23.819,43.7,analyst_5
q-01684,2026-08-15,growth,xsmall,0.0095,15.795,37.82,analyst_3
q-01685,2026-08-15,finance,xsmall,0.0032,2.611,12.83,finance_svc
q-01686,2026-08-15,ml,small,0.0168,5.495,25.15,analyst_9
q-01687,2026-08-15,support,large,0.233,15.52,92.16,support_svc
q-01688,2026-08-15,ml,small,0.0585,17.454,87.74,analyst_7
q-01689,2026-08-15,support,xsmall,0.0031,6.042,12.26,analyst_7
q-01690,2026-08-15,platform,xsmall,0.0009,1.456,3.55,platform_svc
q-01691,2026-08-15,finance,xsmall,0.0014,0.884,5.78,analyst_7
q-01692,2026-08-15,platform,small,0.0429,29.276,64.28,analyst_6
q-01693,2026-08-15,ml,xsmall,0.0032,7.167,12.6,ml_svc
q-01694,2026-08-15,ml,xsmall,0.0036,3.174,14.44,ml_svc
q-01695,2026-08-15,support,large,0.1513,12.312,59.85,analyst_7
q-01696,2026-08-15,growth,xsmall,0.0565,75.831,226.08,growth_svc
q-01697,2026-08-15,finance,xsmall,0.0031,3.017,12.57,analyst_9
q-01698,2026-08-15,ml,xsmall,0.1015,95.142,405.92,ml_svc
q-01699,2026-08-15,support,xsmall,0.0007,0.66,2.91,analyst_5
q-01700,2026-08-15,finance,xsmall,0.0049,12.622,19.73,analyst_2
q-01701,2026-08-15,ml,xsmall,0.0284,21.562,113.65,ml_svc
q-01702,2026-08-15,finance,xsmall,0.0121,23.695,48.47,finance_svc
q-01703,2026-08-15,platform,small,0.0102,3.127,15.24,analyst_2
q-01704,2026-08-15,finance,xsmall,0.0043,2.787,17.08,analyst_8
q-01705,2026-08-15,platform,small,0.0103,6.605,15.39,platform_svc
q-01706,2026-08-15,growth,xsmall,0.0284,19.202,113.66,growth_svc
q-01707,2026-08-15,growth,small,0.0142,5.112,21.34,growth_svc
q-01708,2026-08-15,platform,small,0.0605,15.596,90.82,analyst_7
q-01709,2026-08-15,ml,xsmall,0.0021,3.852,8.54,analyst_9
q-01710,2026-08-15,support,xsmall,0.0567,42.251,226.92,analyst_1
q-01711,2026-08-15,platform,xsmall,0.0027,5.16,10.86,platform_svc
q-01712,2026-08-15,finance,xsmall,0.0166,12.822,66.53,analyst_1
q-01713,2026-08-15,support,small,0.0254,13.909,38.09,analyst_5
q-01714,2026-08-15,platform,large,0.1565,10.404,61.9,platform_svc
q-01715,2026-08-15,support,xsmall,0.0037,6.093,14.82,support_svc
q-01716,2026-08-15,platform,small,0.0285,9.937,42.78,analyst_3
q-01717,2026-08-15,growth,xsmall,0.0197,28.154,78.82,growth_svc
q-01718,2026-08-15,ml,xsmall,0.0292,25.203,116.61,ml_svc
q-01719,2026-08-15,finance,small,0.0123,3.571,18.43,analyst_2
q-01720,2026-08-15,platform,xsmall,0.0208,14.241,83.2,platform_svc
q-01721,2026-08-15,support,xsmall,0.0213,15.959,85.13,support_svc
q-01722,2026-08-15,platform,xsmall,0.006,13.454,24.19,platform_svc
q-01723,2026-08-15,support,xsmall,0.0312,20.727,124.93,analyst_6
q-01724,2026-08-15,platform,small,0.0689,41.192,103.32,platform_svc
q-01725,2026-08-15,finance,xsmall,0.0392,35.437,156.95,finance_svc
q-01726,2026-08-15,support,xsmall,0.0006,1.096,2.59,analyst_2
q-01727,2026-08-15,support,small,0.1674,44.456,251.07,analyst_9
q-01728,2026-08-15,platform,small,0.0416,12.388,62.36,platform_svc
q-01729,2026-08-15,finance,small,0.0074,2.217,11.04,analyst_4
q-01730,2026-08-15,ml,small,0.0332,12.369,49.85,ml_svc
q-01731,2026-08-15,ml,xsmall,0.0107,29.669,42.68,ml_svc
q-01732,2026-08-15,support,xsmall,0.0296,26.941,118.43,support_svc
q-01733,2026-08-15,finance,xsmall,0.0014,2.771,5.41,finance_svc
q-01734,2026-08-15,growth,large,0.2743,22.49,108.52,analyst_2
q-01735,2026-08-15,ml,xsmall,0.0009,0.869,3.57,ml_svc
q-01736,2026-08-15,growth,small,0.0372,9.986,55.84,analyst_6
q-01737,2026-08-15,growth,small,0.0493,12.53,73.91,analyst_5
q-01738,2026-08-15,support,xsmall,0.0233,46.626,93.14,analyst_1
q-01739,2026-08-15,finance,large,0.0736,16.668,29.1,analyst_3
q-01740,2026-08-15,support,xsmall,0.0143,9.833,57.14,analyst_3
q-01741,2026-08-15,platform,xsmall,0.0025,5.696,10.08,platform_svc
q-01742,2026-08-15,finance,large,0.1412,15.69,55.87,analyst_2
q-01743,2026-08-15,ml,xsmall,0.0161,22.11,64.48,analyst_9
q-01744,2026-08-15,support,xsmall,0.0026,6.629,10.52,support_svc
q-01745,2026-08-15,growth,small,0.0113,10.454,16.94,analyst_1
q-01746,2026-08-15,support,xsmall,0.0137,12.901,54.99,analyst_5
q-01747,2026-08-15,platform,small,0.0678,29.205,101.74,analyst_2
q-01748,2026-08-15,platform,xsmall,0.0143,10.714,57.3,analyst_7
q-01749,2026-08-15,support,xsmall,0.0059,6.332,23.74,support_svc
q-01750,2026-08-15,ml,small,0.0591,26.757,88.65,analyst_6
q-01751,2026-08-15,platform,xsmall,0.0086,14.259,34.56,analyst_4
q-01752,2026-08-15,ml,xsmall,0.0177,14.105,70.89,analyst_8
q-01753,2026-08-15,ml,xsmall,0.0071,5.533,28.39,analyst_2
q-01754,2026-08-15,support,small,0.1003,46.369,150.45,analyst_1
q-01755,2026-08-15,support,small,0.0043,3.974,6.51,support_svc
q-01756,2026-08-15,platform,xsmall,0.0145,16.84,58.12,platform_svc
q-01757,2026-08-15,support,small,0.0209,6.233,31.35,analyst_2
q-01758,2026-08-15,finance,xsmall,0.003,3.018,11.81,analyst_8
q-01759,2026-08-15,finance,xsmall,0.0028,4.862,11.12,analyst_2
q-01760,2026-08-15,growth,small,0.0015,0.615,2.32,analyst_4
q-01761,2026-08-15,finance,small,0.0516,28.023,77.44,analyst_8
q-01762,2026-08-15,support,small,0.0752,20.147,112.78,analyst_8
q-01763,2026-08-15,platform,small,0.0024,0.924,3.59,platform_svc
q-01764,2026-08-15,platform,xsmall,0.0091,22.095,36.23,analyst_5
q-01765,2026-08-15,support,small,0.0119,11.723,17.83,analyst_7
q-01766,2026-08-15,finance,small,0.0611,16.055,91.64,finance_svc
q-01767,2026-08-15,finance,xsmall,0.0321,24.377,128.46,analyst_7
q-01768,2026-08-15,growth,xsmall,0.0025,4.329,9.83,analyst_1
q-01769,2026-08-15,support,small,0.0392,12.243,58.81,analyst_1
q-01770,2026-08-15,ml,large,0.2788,19.728,110.29,analyst_3
q-01771,2026-08-15,finance,xsmall,0.0142,11.533,56.88,analyst_8
q-01772,2026-08-15,finance,xsmall,0.0021,2.84,8.45,analyst_5
q-01773,2026-08-15,platform,xsmall,0.0055,6.594,22.12,analyst_2
q-01774,2026-08-15,finance,large,0.1982,18.054,78.41,finance_svc
q-01775,2026-08-15,platform,large,0.3083,22.943,121.96,analyst_2
q-01776,2026-08-15,ml,xsmall,0.036,38.266,144.18,ml_svc
q-01777,2026-08-15,ml,xsmall,0.0409,28.239,163.41,analyst_7
q-01778,2026-08-15,ml,xsmall,0.0066,8.991,26.49,ml_svc
q-01779,2026-08-15,finance,xsmall,0.0013,1.767,5.09,analyst_6
q-01780,2026-08-15,growth,xsmall,0.005,4.053,20.13,growth_svc
q-01781,2026-08-15,platform,small,0.0046,3.825,6.92,analyst_6
q-01782,2026-08-15,ml,small,0.0657,24.208,98.61,ml_svc
q-01783,2026-08-15,support,small,0.089,22.269,133.44,analyst_9
q-01784,2026-08-15,finance,xsmall,0.001,0.734,4.12,analyst_3
q-01785,2026-08-15,platform,xsmall,0.0015,0.947,6.19,analyst_7
q-01786,2026-08-15,finance,xsmall,0.0388,33.405,155.03,analyst_2
q-01787,2026-08-15,support,xsmall,0.0323,30.425,129.21,analyst_3
q-01788,2026-08-15,support,xsmall,0.0287,24.325,114.63,analyst_7
q-01789,2026-08-15,support,small,0.0902,30.319,135.27,analyst_4
q-01790,2026-08-15,platform,xsmall,0.0085,13.331,34.11,analyst_5
q-01791,2026-08-15,ml,xsmall,0.028,18.885,111.82,ml_svc
q-01792,2026-08-15,platform,xsmall,0.0405,29.379,162.19,platform_svc
q-01793,2026-08-15,ml,small,0.0069,6.791,10.34,ml_svc
q-01794,2026-08-15,platform,small,0.0952,24.927,142.82,analyst_5
q-01795,2026-08-15,finance,xsmall,0.0289,28.65,115.65,analyst_6
q-01796,2026-08-15,finance,small,0.0573,17.757,85.98,analyst_9
q-01797,2026-08-15,ml,small,0.027,11.106,40.54,analyst_9
q-01798,2026-08-15,platform,xsmall,0.0059,8.347,23.46,platform_svc
q-01799,2026-08-15,growth,xsmall,0.0012,0.783,4.76,analyst_5
q-01800,2026-08-15,growth,small,0.0352,15.886,52.82,analyst_2
q-01801,2026-08-15,growth,xsmall,0.0085,7.291,34.09,growth_svc
q-01802,2026-08-15,ml,xsmall,0.0033,4.058,13.07,analyst_1
q-01803,2026-08-15,support,small,0.057,22.216,85.47,analyst_7
q-01804,2026-08-15,support,xsmall,0.0014,1.278,5.76,analyst_4
q-01805,2026-08-15,support,small,0.0028,0.742,4.18,support_svc
q-01806,2026-08-15,finance,xsmall,0.002,1.688,7.88,analyst_1
q-01807,2026-08-15,support,xsmall,0.0081,8.524,32.44,analyst_1
q-01808,2026-08-15,growth,xsmall,0.0112,10.215,44.74,growth_svc
q-01809,2026-08-15,platform,small,0.0675,30.651,101.29,platform_svc
q-01810,2026-08-15,finance,xsmall,0.0022,3.076,8.93,finance_svc
q-01811,2026-08-15,platform,small,0.084,27.285,126.02,platform_svc
q-01812,2026-08-15,platform,xsmall,0.0036,5.148,14.57,analyst_2
q-01813,2026-08-15,support,xsmall,0.0087,9.063,34.94,analyst_7
q-01814,2026-08-15,platform,small,0.0303,14.729,45.45,platform_svc
q-01815,2026-08-15,ml,xsmall,0.0025,2.17,9.83,analyst_3
q-01816,2026-08-15,growth,small,0.0111,8.801,16.7,growth_svc
q-01817,2026-08-15,support,xsmall,0.0128,25.374,51.29,support_svc
q-01818,2026-08-15,finance,xsmall,0.0258,22.51,103.11,finance_svc
q-01819,2026-08-15,support,xsmall,0.0037,7.888,14.95,support_svc
q-01820,2026-08-15,growth,xsmall,0.0065,5.373,26.19,growth_svc
q-01821,2026-08-16,ml,small,0.0236,6.14,35.36,analyst_9
q-01822,2026-08-16,growth,small,0.1191,33.867,178.64,analyst_7
q-01823,2026-08-16,support,xsmall,0.001,0.833,4.04,analyst_1
q-01824,2026-08-16,platform,small,0.1252,39.639,187.77,platform_svc
q-01825,2026-08-16,support,xsmall,0.0028,3.107,11.12,analyst_2
q-01826,2026-08-16,platform,small,0.0107,10.599,16.07,analyst_6
q-01827,2026-08-16,growth,small,0.0052,2.375,7.84,analyst_4
q-01828,2026-08-16,growth,xsmall,0.0538,41.474,215.3,growth_svc
q-01829,2026-08-16,finance,xsmall,0.014,11.666,56.01,finance_svc
q-01830,2026-08-16,growth,small,0.0022,0.795,3.27,analyst_7
q-01831,2026-08-16,platform,xsmall,0.0489,36.931,195.5,platform_svc
q-01832,2026-08-16,ml,large,0.0742,11.262,29.37,ml_svc
q-01833,2026-08-16,growth,xsmall,0.0017,4.214,6.85,analyst_9
q-01834,2026-08-16,ml,xsmall,0.0029,3.96,11.5,analyst_7
q-01835,2026-08-16,finance,xsmall,0.0137,13.508,54.83,finance_svc
q-01836,2026-08-16,finance,xsmall,0.03,33.693,120.1,finance_svc
q-01837,2026-08-16,platform,small,0.0265,12.169,39.74,platform_svc
q-01838,2026-08-16,finance,xsmall,0.0351,25.873,140.35,finance_svc
q-01839,2026-08-16,support,small,0.0903,32.889,135.38,support_svc
q-01840,2026-08-16,growth,small,0.0855,37.029,128.19,growth_svc
q-01841,2026-08-16,growth,large,0.2862,22.609,113.23,growth_svc
q-01842,2026-08-16,growth,xsmall,0.0317,35.328,126.82,analyst_4
q-01843,2026-08-16,finance,xsmall,0.0072,6.059,28.68,finance_svc
q-01844,2026-08-16,support,large,0.2739,18.386,108.37,analyst_6
q-01845,2026-08-16,support,xsmall,0.0128,30.286,51.35,analyst_5
q-01846,2026-08-16,finance,small,0.0707,32.15,106.08,finance_svc
q-01847,2026-08-16,platform,xsmall,0.0127,13.806,50.78,platform_svc
q-01848,2026-08-16,support,small,0.0387,9.89,57.98,support_svc
q-01849,2026-08-16,platform,large,0.1658,13.645,65.6,analyst_5
q-01850,2026-08-16,support,xsmall,0.0058,6.595,23.01,analyst_6
q-01851,2026-08-16,support,xsmall,0.0097,12.706,38.87,analyst_7
q-01852,2026-08-16,growth,xsmall,0.0163,15.995,65.04,growth_svc
q-01853,2026-08-16,ml,xsmall,0.0303,28.662,121.39,ml_svc
q-01854,2026-08-16,platform,small,0.0158,6.114,23.66,platform_svc
q-01855,2026-08-16,platform,xsmall,0.0029,7.481,11.66,platform_svc
q-01856,2026-08-16,platform,xsmall,0.0609,74.35,243.52,platform_svc
q-01857,2026-08-16,support,small,0.0014,0.382,2.03,analyst_3
q-01858,2026-08-16,support,large,0.0393,2.821,15.56,support_svc
q-01859,2026-08-16,support,large,0.1608,20.714,63.62,analyst_6
q-01860,2026-08-16,finance,xsmall,0.0052,5.294,20.78,finance_svc
q-01861,2026-08-16,ml,xsmall,0.0441,34.726,176.45,analyst_3
q-01862,2026-08-16,growth,xsmall,0.0103,6.827,41.17,analyst_8
q-01863,2026-08-16,growth,small,0.0063,2.256,9.46,analyst_3
q-01864,2026-08-16,platform,xsmall,0.0141,21.206,56.38,analyst_8
q-01865,2026-08-16,support,xsmall,0.0093,16.832,37.26,support_svc
q-01866,2026-08-16,platform,small,0.0486,13.202,72.84,platform_svc
q-01867,2026-08-16,finance,xsmall,0.011,7.657,44.12,analyst_5
q-01868,2026-08-16,growth,xsmall,0.0147,14.46,58.96,analyst_3
q-01869,2026-08-16,finance,small,0.0862,32.296,129.29,finance_svc
q-01870,2026-08-16,ml,small,0.0158,5.777,23.68,ml_svc
q-01871,2026-08-16,growth,small,0.067,17.268,100.57,analyst_6
q-01872,2026-08-16,growth,large,0.1204,19.484,47.65,growth_svc
q-01873,2026-08-16,finance,xsmall,0.0007,1.028,2.63,analyst_7
q-01874,2026-08-16,ml,large,0.1885,17.578,74.57,ml_svc
q-01875,2026-08-16,support,xsmall,0.0532,46.297,212.84,analyst_7
q-01876,2026-08-16,platform,xsmall,0.1354,98.538,541.76,analyst_9
q-01877,2026-08-16,finance,large,0.0654,4.446,25.89,analyst_1
q-01878,2026-08-16,ml,xsmall,0.0031,3.267,12.29,analyst_9
q-01879,2026-08-16,support,small,0.0278,11.332,41.7,analyst_3
q-01880,2026-08-16,platform,xsmall,0.0027,2.296,10.61,analyst_9
q-01881,2026-08-16,platform,large,0.0189,1.513,7.49,platform_svc
q-01882,2026-08-16,support,xsmall,0.0028,3.763,11.27,analyst_5
q-01883,2026-08-16,ml,small,0.0344,12.692,51.66,analyst_1
q-01884,2026-08-16,growth,small,0.0371,26.721,55.64,growth_svc
q-01885,2026-08-16,finance,small,0.0026,2.042,3.87,analyst_1
q-01886,2026-08-16,support,xsmall,0.0021,1.613,8.44,analyst_9
q-01887,2026-08-16,ml,small,0.0158,3.945,23.76,analyst_9
q-01888,2026-08-16,platform,small,0.1129,30.851,169.39,analyst_2
q-01889,2026-08-16,ml,xsmall,0.1304,90.105,521.69,ml_svc
q-01890,2026-08-16,platform,small,0.0114,5.279,17.04,analyst_8
q-01891,2026-08-16,growth,xsmall,0.0007,0.536,2.7,growth_svc
q-01892,2026-08-16,support,xsmall,0.0942,64.965,376.67,support_svc
q-01893,2026-08-16,growth,xsmall,0.1084,86.415,433.6,analyst_5
q-01894,2026-08-16,finance,xsmall,0.0019,1.887,7.73,analyst_1
q-01895,2026-08-16,ml,xsmall,0.0048,3.778,19.23,analyst_2
q-01896,2026-08-16,finance,xsmall,0.0826,56.992,330.45,analyst_4
q-01897,2026-08-16,ml,small,0.0522,14.363,78.35,analyst_8
q-01898,2026-08-16,support,xsmall,0.0148,25.972,59.1,analyst_8
q-01899,2026-08-16,growth,xsmall,0.0083,5.899,33.3,analyst_2
q-01900,2026-08-16,finance,xsmall,0.0108,12.086,43.16,analyst_9
q-01901,2026-08-16,growth,small,0.0645,37.392,96.81,growth_svc
q-01902,2026-08-16,support,small,0.0175,8.75,26.28,support_svc
q-01903,2026-08-16,platform,small,0.0391,12.223,58.72,analyst_1
q-01904,2026-08-16,platform,xsmall,0.0007,0.618,2.6,platform_svc
q-01905,2026-08-16,platform,xsmall,0.0042,4.126,16.9,platform_svc
q-01906,2026-08-16,finance,xsmall,0.0085,9.997,34.13,analyst_2
q-01907,2026-08-16,support,xsmall,0.0436,42.499,174.28,analyst_6
q-01908,2026-08-16,support,xsmall,0.0056,6.537,22.48,support_svc
q-01909,2026-08-16,platform,xsmall,0.0271,20.888,108.28,platform_svc
q-01910,2026-08-16,growth,xsmall,0.0446,39.54,178.33,analyst_2
q-01911,2026-08-16,support,xsmall,0.0212,18.69,84.68,analyst_1
q-01912,2026-08-16,growth,small,0.0448,34.604,67.26,analyst_4
q-01913,2026-08-16,growth,xsmall,0.0242,16.125,96.88,growth_svc
q-01914,2026-08-16,platform,xsmall,0.0346,32.563,138.26,platform_svc
q-01915,2026-08-16,support,xsmall,0.0051,3.339,20.23,analyst_9
q-01916,2026-08-16,growth,xsmall,0.1023,75.825,409.29,analyst_6
q-01917,2026-08-16,support,large,0.1448,19.434,57.3,analyst_7
q-01918,2026-08-16,finance,xsmall,0.0106,13.572,42.55,analyst_5
q-01919,2026-08-16,finance,xsmall,0.0232,28.067,92.73,finance_svc
q-01920,2026-08-16,support,xsmall,0.0134,20.92,53.69,support_svc
q-01921,2026-08-16,support,small,0.0558,26.438,83.65,analyst_7
q-01922,2026-08-16,finance,xsmall,0.0046,4.491,18.2,finance_svc
q-01923,2026-08-16,support,xsmall,0.0051,13.624,20.43,support_svc
q-01924,2026-08-16,support,xsmall,0.024,37.074,96.09,support_svc
q-01925,2026-08-16,platform,small,0.1299,60.419,194.89,analyst_8
q-01926,2026-08-16,growth,xsmall,0.0075,7.358,29.81,growth_svc
q-01927,2026-08-16,support,large,0.0713,16.944,28.2,analyst_6
q-01928,2026-08-16,support,xsmall,0.0121,11.224,48.3,analyst_6
q-01929,2026-08-16,growth,xsmall,0.0006,0.61,2.3,growth_svc
q-01930,2026-08-16,support,xsmall,0.0067,12.577,26.74,analyst_6
q-01931,2026-08-16,finance,xsmall,0.0905,61.789,361.92,analyst_2
q-01932,2026-08-16,support,xsmall,0.0498,48.077,199.16,support_svc
q-01933,2026-08-16,growth,small,0.0421,37.513,63.16,analyst_5
q-01934,2026-08-16,ml,xsmall,0.007,5.592,27.85,analyst_7
q-01935,2026-08-16,ml,small,0.0639,18.352,95.82,analyst_7
q-01936,2026-08-16,growth,xsmall,0.0106,26.014,42.57,analyst_1
q-01937,2026-08-16,platform,xsmall,0.0054,12.945,21.57,platform_svc
q-01938,2026-08-16,platform,large,0.1056,7.102,41.77,platform_svc
q-01939,2026-08-16,finance,xsmall,0.0031,5.725,12.53,finance_svc
q-01940,2026-08-16,ml,small,0.0205,18.891,30.69,ml_svc
q-01941,2026-08-16,platform,xsmall,0.0035,3.176,13.91,analyst_4
q-01942,2026-08-16,ml,small,0.1397,41.583,209.62,analyst_8
q-01943,2026-08-16,ml,xsmall,0.0065,6.509,26.11,analyst_5
q-01944,2026-08-16,finance,xsmall,0.007,6.405,27.84,finance_svc
q-01945,2026-08-16,platform,xsmall,0.0042,2.955,16.7,platform_svc
q-01946,2026-08-16,platform,small,0.1134,38.53,170.1,platform_svc
q-01947,2026-08-16,ml,xsmall,0.0066,14.784,26.45,ml_svc
q-01948,2026-08-16,finance,small,0.025,7.115,37.53,analyst_2
q-01949,2026-08-16,growth,xsmall,0.0192,34.483,76.61,analyst_6
q-01950,2026-08-16,growth,xsmall,0.0055,13.912,21.81,analyst_8
q-01951,2026-08-16,ml,small,0.0184,5.928,27.59,analyst_7
q-01952,2026-08-16,growth,xsmall,0.0053,11.62,21.25,growth_svc
q-01953,2026-08-16,growth,xsmall,0.0058,4.029,23.23,analyst_9
q-01954,2026-08-16,ml,xsmall,0.0041,5.168,16.27,ml_svc
q-01955,2026-08-16,growth,small,0.0236,7.749,35.45,analyst_2
q-01956,2026-08-16,finance,large,0.1971,21.16,77.98,analyst_5
q-01957,2026-08-16,support,xsmall,0.004,4.137,15.86,analyst_2
q-01958,2026-08-16,growth,xsmall,0.0187,42.621,74.94,growth_svc
q-01959,2026-08-16,growth,xsmall,0.0358,48.656,143.25,growth_svc
q-01960,2026-08-16,support,small,0.0533,14.364,80.01,analyst_4
