day,cohort,variant,device,step,step_order,sessions,revenue
2026-08-03,2026-06,control,desktop,visit,1,130,0.0
2026-08-03,2026-06,control,desktop,signup,2,60,0.0
2026-08-03,2026-06,control,desktop,activate,3,31,0.0
2026-08-03,2026-06,control,desktop,subscribe,4,15,248.5
2026-08-03,2026-06,control,mobile,visit,1,218,0.0
2026-08-03,2026-06,control,mobile,signup,2,71,0.0
2026-08-03,2026-06,control,mobile,activate,3,43,0.0
2026-08-03,2026-06,control,mobile,subscribe,4,21,309.7
2026-08-03,2026-06,control,tablet,visit,1,71,0.0
2026-08-03,2026-06,control,tablet,signup,2,31,0.0
2026-08-03,2026-06,control,tablet,activate,3,15,0.0
2026-08-03,2026-06,control,tablet,subscribe,4,6,80.07
2026-08-03,2026-06,treatment,desktop,visit,1,114,0.0
2026-08-03,2026-06,treatment,desktop,signup,2,58,0.0
2026-08-03,2026-06,treatment,desktop,activate,3,29,0.0
2026-08-03,2026-06,treatment,desktop,subscribe,4,16,186.63
2026-08-03,2026-06,treatment,mobile,visit,1,168,0.0
2026-08-03,2026-06,treatment,mobile,signup,2,83,0.0
2026-08-03,2026-06,treatment,mobile,activate,3,47,0.0
2026-08-03,2026-06,treatment,mobile,subscribe,4,21,319.65
2026-08-03,2026-06,treatment,tablet,visit,1,61,0.0
2026-08-03,2026-06,treatment,tablet,signup,2,22,0.0
2026-08-03,2026-06,treatment,tablet,activate,3,15,0.0
2026-08-03,2026-06,treatment,tablet,subscribe,4,6,79.99
2026-08-03,2026-07,control,desktop,visit,1,437,0.0
2026-08-03,2026-07,control,desktop,signup,2,153,0.0
2026-08-03,2026-07,control,desktop,activate,3,105,0.0
2026-08-03,2026-07,control,desktop,subscribe,4,42,731.06
2026-08-03,2026-07,control,mobile,visit,1,216,0.0
2026-08-03,2026-07,control,mobile,signup,2,83,0.0
2026-08-03,2026-07,control,mobile,activate,3,43,0.0
2026-08-03,2026-07,control,mobile,subscribe,4,20,294.47
2026-08-03,2026-07,control,tablet,visit,1,66,0.0
2026-08-03,2026-07,control,tablet,signup,2,23,0.0
2026-08-03,2026-07,control,tablet,activate,3,14,0.0
2026-08-03,2026-07,control,tablet,subscribe,4,6,99.52
2026-08-03,2026-07,treatment,desktop,visit,1,293,0.0
2026-08-03,2026-07,treatment,desktop,signup,2,126,0.0
2026-08-03,2026-07,treatment,desktop,activate,3,77,0.0
2026-08-03,2026-07,treatment,desktop,subscribe,4,34,623.5
2026-08-03,2026-07,treatment,mobile,visit,1,251,0.0
2026-08-03,2026-07,treatment,mobile,signup,2,98,0.0
2026-08-03,2026-07,treatment,mobile,activate,3,59,0.0
2026-08-03,2026-07,treatment,mobile,subscribe,4,31,487.38
2026-08-03,2026-07,treatment,tablet,visit,1,67,0.0
2026-08-03,2026-07,treatment,tablet,signup,2,35,0.0
2026-08-03,2026-07,treatment,tablet,activate,3,20,0.0
2026-08-03,2026-07,treatment,tablet,subscribe,4,10,157.52
2026-08-03,2026-08,control,desktop,visit,1,340,0.0
2026-08-03,2026-08,control,desktop,signup,2,180,0.0
2026-08-03,2026-08,control,desktop,activate,3,78,0.0
2026-08-03,2026-08,control,desktop,subscribe,4,44,657.36
2026-08-03,2026-08,control,mobile,visit,1,413,0.0
2026-08-03,2026-08,control,mobile,signup,2,173,0.0
2026-08-03,2026-08,control,mobile,activate,3,90,0.0
2026-08-03,2026-08,control,mobile,subscribe,4,49,812.49
2026-08-03,2026-08,control,tablet,visit,1,63,0.0
2026-08-03,2026-08,control,tablet,signup,2,27,0.0
2026-08-03,2026-08,control,tablet,activate,3,15,0.0
2026-08-03,2026-08,control,tablet,subscribe,4,7,111.8
2026-08-03,2026-08,treatment,desktop,visit,1,455,0.0
2026-08-03,2026-08,treatment,desktop,signup,2,192,0.0
2026-08-03,2026-08,treatment,desktop,activate,3,131,0.0
2026-08-03,2026-08,treatment,desktop,subscribe,4,55,778.55
2026-08-03,2026-08,treatment,mobile,visit,1,395,0.0
2026-08-03,2026-08,treatment,mobile,signup,2,183,0.0
2026-08-03,2026-08,treatment,mobile,activate,3,111,0.0
2026-08-03,2026-08,treatment,mobile,subscribe,4,61,906.48
2026-08-03,2026-08,treatment,tablet,visit,1,83,0.0
2026-08-03,2026-08,treatment,tablet,signup,2,34,0.0
2026-08-03,2026-08,treatment,tablet,activate,3,20,0.0
2026-08-03,2026-08,treatment,tablet,subscribe,4,11,183.89
2026-08-04,2026-06,control,desktop,visit,1,260,0.0
2026-08-04,2026-06,control,desktop,signup,2,137,0.0
2026-08-04,2026-06,control,desktop,activate,3,64,0.0
2026-08-04,2026-06,control,desktop,subscribe,4,29,447.8
2026-08-04,2026-06,control,mobile,visit,1,244,0.0
2026-08-04,2026-06,control,mobile,signup,2,96,0.0
2026-08-04,2026-06,control,mobile,activate,3,66,0.0
2026-08-04,2026-06,control,mobile,subscribe,4,25,374.46
2026-08-04,2026-06,control,tablet,visit,1,112,0.0
2026-08-04,2026-06,control,tablet,signup,2,46,0.0
2026-08-04,2026-06,control,tablet,activate,3,20,0.0
2026-08-04,2026-06,control,tablet,subscribe,4,11,181.98
2026-08-04,2026-06,treatment,desktop,visit,1,229,0.0
2026-08-04,2026-06,treatment,desktop,signup,2,92,0.0
2026-08-04,2026-06,treatment,desktop,activate,3,55,0.0
2026-08-04,2026-06,treatment,desktop,subscribe,4,28,515.9
2026-08-04,2026-06,treatment,mobile,visit,1,286,0.0
2026-08-04,2026-06,treatment,mobile,signup,2,108,0.0
2026-08-04,2026-06,treatment,mobile,activate,3,79,0.0
2026-08-04,2026-06,treatment,mobile,subscribe,4,30,558.73
2026-08-04,2026-06,treatment,tablet,visit,1,91,0.0
2026-08-04,2026-06,treatment,tablet,signup,2,37,0.0
2026-08-04,2026-06,treatment,tablet,activate,3,23,0.0
2026-08-04,2026-06,treatment,tablet,subscribe,4,11,159.76
2026-08-04,2026-07,control,desktop,visit,1,316,0.0
2026-08-04,2026-07,control,desktop,signup,2,109,0.0
2026-08-04,2026-07,control,desktop,activate,3,68,0.0
2026-08-04,2026-07,control,desktop,subscribe,4,27,309.52
2026-08-04,2026-07,control,mobile,visit,1,310,0.0
2026-08-04,2026-07,control,mobile,signup,2,141,0.0
2026-08-04,2026-07,control,mobile,activate,3,81,0.0
2026-08-04,2026-07,control,mobile,subscribe,4,32,428.09
2026-08-04,2026-07,control,tablet,visit,1,41,0.0
2026-08-04,2026-07,control,tablet,signup,2,17,0.0
2026-08-04,2026-07,control,tablet,activate,3,10,0.0
2026-08-04,2026-07,control,tablet,subscribe,4,4,67.53
2026-08-04,2026-07,treatment,desktop,visit,1,267,0.0
2026-08-04,2026-07,treatment,desktop,signup,2,98,0.0
2026-08-04,2026-07,treatment,desktop,activate,3,74,0.0
2026-08-04,2026-07,treatment,desktop,subscribe,4,33,430.65
2026-08-04,2026-07,treatment,mobile,visit,1,400,0.0
2026-08-04,2026-07,treatment,mobile,signup,2,148,0.0
2026-08-04,2026-07,treatment,mobile,activate,3,123,0.0
2026-08-04,2026-07,treatment,mobile,subscribe,4,45,750.21
2026-08-04,2026-07,treatment,tablet,visit,1,92,0.0
2026-08-04,2026-07,treatment,tablet,signup,2,37,0.0
2026-08-04,2026-07,treatment,tablet,activate,3,22,0.0
2026-08-04,2026-07,treatment,tablet,subscribe,4,12,211.44
2026-08-04,2026-08,control,desktop,visit,1,463,0.0
2026-08-04,2026-08,control,desktop,signup,2,186,0.0
2026-08-04,2026-08,control,desktop,activate,3,90,0.0
2026-08-04,2026-08,control,desktop,subscribe,4,50,707.91
2026-08-04,2026-08,control,mobile,visit,1,217,0.0
2026-08-04,2026-08,control,mobile,signup,2,106,0.0
2026-08-04,2026-08,control,mobile,activate,3,61,0.0
2026-08-04,2026-08,control,mobile,subscribe,4,22,381.85
2026-08-04,2026-08,control,tablet,visit,1,96,0.0
2026-08-04,2026-08,control,tablet,signup,2,46,0.0
2026-08-04,2026-08,control,tablet,activate,3,24,0.0
2026-08-04,2026-08,control,tablet,subscribe,4,10,135.34
2026-08-04,2026-08,treatment,desktop,visit,1,517,0.0
2026-08-04,2026-08,treatment,desktop,signup,2,224,0.0
2026-08-04,2026-08,treatment,desktop,activate,3,124,0.0
2026-08-04,2026-08,treatment,desktop,subscribe,4,67,1259.46
2026-08-04,2026-08,treatment,mobile,visit,1,544,0.0
2026-08-04,2026-08,treatment,mobile,signup,2,226,0.0
2026-08-04,2026-08,treatment,mobile,activate,3,145,0.0
2026-08-04,2026-08,treatment,mobile,subscribe,4,57,988.59
2026-08-04,2026-08,treatment,tablet,visit,1,47,0.0
2026-08-04,2026-08,treatment,tablet,signup,2,20,0.0
2026-08-04,2026-08,treatment,tablet,activate,3,14,0.0
2026-08-04,2026-08,treatment,tablet,subscribe,4,7,106.04
2026-08-05,2026-06,control,desktop,visit,1,304,0.0
2026-08-05,2026-06,control,desktop,signup,2,130,0.0
2026-08-05,2026-06,control,desktop,activate,3,63,0.0
2026-08-05,2026-06,control,desktop,subscribe,4,30,431.63
2026-08-05,2026-06,control,mobile,visit,1,411,0.0
2026-08-05,2026-06,control,mobile,signup,2,169,0.0
2026-08-05,2026-06,control,mobile,activate,3,78,0.0
2026-08-05,2026-06,control,mobile,subscribe,4,41,730.24
2026-08-05,2026-06,control,tablet,visit,1,48,0.0
2026-08-05,2026-06,control,tablet,signup,2,25,0.0
2026-08-05,2026-06,control,tablet,activate,3,12,0.0
2026-08-05,2026-06,control,tablet,subscribe,4,6,69.74
2026-08-05,2026-06,treatment,desktop,visit,1,439,0.0
2026-08-05,2026-06,treatment,desktop,signup,2,176,0.0
2026-08-05,2026-06,treatment,desktop,activate,3,102,0.0
2026-08-05,2026-06,treatment,desktop,subscribe,4,49,873.82
2026-08-05,2026-06,treatment,mobile,visit,1,292,0.0
2026-08-05,2026-06,treatment,mobile,signup,2,144,0.0
2026-08-05,2026-06,treatment,mobile,activate,3,85,0.0
2026-08-05,2026-06,treatment,mobile,subscribe,4,47,791.06
2026-08-05,2026-06,treatment,tablet,visit,1,34,0.0
2026-08-05,2026-06,treatment,tablet,signup,2,13,0.0
2026-08-05,2026-06,treatment,tablet,activate,3,10,0.0
2026-08-05,2026-06,treatment,tablet,subscribe,4,5,68.52
2026-08-05,2026-07,control,desktop,visit,1,371,0.0
2026-08-05,2026-07,control,desktop,signup,2,142,0.0
2026-08-05,2026-07,control,desktop,activate,3,78,0.0
2026-08-05,2026-07,control,desktop,subscribe,4,42,474.94
2026-08-05,2026-07,control,mobile,visit,1,207,0.0
2026-08-05,2026-07,control,mobile,signup,2,99,0.0
2026-08-05,2026-07,control,mobile,activate,3,48,0.0
2026-08-05,2026-07,control,mobile,subscribe,4,20,320.01
2026-08-05,2026-07,control,tablet,visit,1,76,0.0
2026-08-05,2026-07,control,tablet,signup,2,31,0.0
2026-08-05,2026-07,control,tablet,activate,3,16,0.0
2026-08-05,2026-07,control,tablet,subscribe,4,8,111.53
2026-08-05,2026-07,treatment,desktop,visit,1,319,0.0
2026-08-05,2026-07,treatment,desktop,signup,2,122,0.0
2026-08-05,2026-07,treatment,desktop,activate,3,74,0.0
2026-08-05,2026-07,treatment,desktop,subscribe,4,36,634.79
2026-08-05,2026-07,treatment,mobile,visit,1,228,0.0
2026-08-05,2026-07,treatment,mobile,signup,2,85,0.0
2026-08-05,2026-07,treatment,mobile,activate,3,63,0.0
2026-08-05,2026-07,treatment,mobile,subscribe,4,27,380.68
2026-08-05,2026-07,treatment,tablet,visit,1,85,0.0
2026-08-05,2026-07,treatment,tablet,signup,2,35,0.0
2026-08-05,2026-07,treatment,tablet,activate,3,22,0.0
2026-08-05,2026-07,treatment,tablet,subscribe,4,10,124.41
2026-08-05,2026-08,control,desktop,visit,1,464,0.0
2026-08-05,2026-08,control,desktop,signup,2,206,0.0
2026-08-05,2026-08,control,desktop,activate,3,100,0.0
2026-08-05,2026-08,control,desktop,subscribe,4,52,712.59
2026-08-05,2026-08,control,mobile,visit,1,164,0.0
2026-08-05,2026-08,control,mobile,signup,2,56,0.0
2026-08-05,2026-08,control,mobile,activate,3,32,0.0
2026-08-05,2026-08,control,mobile,subscribe,4,14,154.37
2026-08-05,2026-08,control,tablet,visit,1,123,0.0
2026-08-05,2026-08,control,tablet,signup,2,51,0.0
2026-08-05,2026-08,control,tablet,activate,3,26,0.0
2026-08-05,2026-08,control,tablet,subscribe,4,15,223.44
2026-08-05,2026-08,treatment,desktop,visit,1,531,0.0
2026-08-05,2026-08,treatment,desktop,signup,2,217,0.0
2026-08-05,2026-08,treatment,desktop,activate,3,124,0.0
2026-08-05,2026-08,treatment,desktop,subscribe,4,54,892.13
2026-08-05,2026-08,treatment,mobile,visit,1,252,0.0
2026-08-05,2026-08,treatment,mobile,signup,2,108,0.0
2026-08-05,2026-08,treatment,mobile,activate,3,59,0.0
2026-08-05,2026-08,treatment,mobile,subscribe,4,25,418.37
2026-08-05,2026-08,treatment,tablet,visit,1,92,0.0
2026-08-05,2026-08,treatment,tablet,signup,2,35,0.0
2026-08-05,2026-08,treatment,tablet,activate,3,22,0.0
2026-08-05,2026-08,treatment,tablet,subscribe,4,10,111.63
2026-08-06,2026-06,control,desktop,visit,1,202,0.0
2026-08-06,2026-06,control,desktop,signup,2,80,0.0
2026-08-06,2026-06,control,desktop,activate,3,44,0.0
2026-08-06,2026-06,control,desktop,subscribe,4,25,402.08
2026-08-06,2026-06,control,mobile,visit,1,192,0.0
2026-08-06,2026-06,control,mobile,signup,2,82,0.0
2026-08-06,2026-06,control,mobile,activate,3,42,0.0
2026-08-06,2026-06,control,mobile,subscribe,4,17,217.38
2026-08-06,2026-06,control,tablet,visit,1,73,0.0
2026-08-06,2026-06,control,tablet,signup,2,41,0.0
2026-08-06,2026-06,control,tablet,activate,3,18,0.0
2026-08-06,2026-06,control,tablet,subscribe,4,8,139.01
2026-08-06,2026-06,treatment,desktop,visit,1,127,0.0
2026-08-06,2026-06,treatment,desktop,signup,2,44,0.0
2026-08-06,2026-06,treatment,desktop,activate,3,31,0.0
2026-08-06,2026-06,treatment,desktop,subscribe,4,16,246.96
2026-08-06,2026-06,treatment,mobile,visit,1,211,0.0
2026-08-06,2026-06,treatment,mobile,signup,2,80,0.0
2026-08-06,2026-06,treatment,mobile,activate,3,59,0.0
2026-08-06,2026-06,treatment,mobile,subscribe,4,21,375.56
2026-08-06,2026-06,treatment,tablet,visit,1,92,0.0
2026-08-06,2026-06,treatment,tablet,signup,2,34,0.0
2026-08-06,2026-06,treatment,tablet,activate,3,23,0.0
2026-08-06,2026-06,treatment,tablet,subscribe,4,10,170.02
2026-08-06,2026-07,control,desktop,visit,1,266,0.0
2026-08-06,2026-07,control,desktop,signup,2,120,0.0
2026-08-06,2026-07,control,desktop,activate,3,54,0.0
2026-08-06,2026-07,control,desktop,subscribe,4,31,443.39
2026-08-06,2026-07,control,mobile,visit,1,287,0.0
2026-08-06,2026-07,control,mobile,signup,2,128,0.0
2026-08-06,2026-07,control,mobile,activate,3,82,0.0
2026-08-06,2026-07,control,mobile,subscribe,4,37,578.56
2026-08-06,2026-07,control,tablet,visit,1,67,0.0
2026-08-06,2026-07,control,tablet,signup,2,24,0.0
2026-08-06,2026-07,control,tablet,activate,3,14,0.0
2026-08-06,2026-07,control,tablet,subscribe,4,6,70.49
2026-08-06,2026-07,treatment,desktop,visit,1,152,0.0
2026-08-06,2026-07,treatment,desktop,signup,2,65,0.0
2026-08-06,2026-07,treatment,desktop,activate,3,45,0.0
2026-08-06,2026-07,treatment,desktop,subscribe,4,18,249.89
2026-08-06,2026-07,treatment,mobile,visit,1,289,0.0
2026-08-06,2026-07,treatment,mobile,signup,2,114,0.0
2026-08-06,2026-07,treatment,mobile,activate,3,82,0.0
2026-08-06,2026-07,treatment,mobile,subscribe,4,38,556.09
2026-08-06,2026-07,treatment,tablet,visit,1,113,0.0
2026-08-06,2026-07,treatment,tablet,signup,2,45,0.0
2026-08-06,2026-07,treatment,tablet,activate,3,30,0.0
2026-08-06,2026-07,treatment,tablet,subscribe,4,13,205.5
2026-08-06,2026-08,control,desktop,visit,1,346,0.0
2026-08-06,2026-08,control,desktop,signup,2,147,0.0
2026-08-06,2026-08,control,desktop,activate,3,105,0.0
2026-08-06,2026-08,control,desktop,subscribe,4,44,790.47
2026-08-06,2026-08,control,mobile,visit,1,365,0.0
2026-08-06,2026-08,control,mobile,signup,2,157,0.0
2026-08-06,2026-08,control,mobile,activate,3,82,0.0
2026-08-06,2026-08,control,mobile,subscribe,4,35,478.28
2026-08-06,2026-08,control,tablet,visit,1,79,0.0
2026-08-06,2026-08,control,tablet,signup,2,40,0.0
2026-08-06,2026-08,control,tablet,activate,3,18,0.0
2026-08-06,2026-08,control,tablet,subscribe,4,9,151.29
2026-08-06,2026-08,treatment,desktop,visit,1,454,0.0
2026-08-06,2026-08,treatment,desktop,signup,2,191,0.0
2026-08-06,2026-08,treatment,desktop,activate,3,142,0.0
2026-08-06,2026-08,treatment,desktop,subscribe,4,58,1092.92
2026-08-06,2026-08,treatment,mobile,visit,1,324,0.0
2026-08-06,2026-08,treatment,mobile,signup,2,118,0.0
2026-08-06,2026-08,treatment,mobile,activate,3,85,0.0
2026-08-06,2026-08,treatment,mobile,subscribe,4,44,626.22
2026-08-06,2026-08,treatment,tablet,visit,1,137,0.0
2026-08-06,2026-08,treatment,tablet,signup,2,53,0.0
2026-08-06,2026-08,treatment,tablet,activate,3,37,0.0
2026-08-06,2026-08,treatment,tablet,subscribe,4,14,203.12
2026-08-07,2026-06,control,desktop,visit,1,402,0.0
2026-08-07,2026-06,control,desktop,signup,2,152,0.0
2026-08-07,2026-06,control,desktop,activate,3,78,0.0
2026-08-07,2026-06,control,desktop,subscribe,4,46,825.73
2026-08-07,2026-06,control,mobile,visit,1,199,0.0
2026-08-07,2026-06,control,mobile,signup,2,84,0.0
2026-08-07,2026-06,control,mobile,activate,3,43,0.0
2026-08-07,2026-06,control,mobile,subscribe,4,19,357.73
2026-08-07,2026-06,control,tablet,visit,1,76,0.0
2026-08-07,2026-06,control,tablet,signup,2,39,0.0
2026-08-07,2026-06,control,tablet,activate,3,17,0.0
2026-08-07,2026-06,control,tablet,subscribe,4,10,116.0
2026-08-07,2026-06,treatment,desktop,visit,1,189,0.0
2026-08-07,2026-06,treatment,desktop,signup,2,76,0.0
2026-08-07,2026-06,treatment,desktop,activate,3,59,0.0
2026-08-07,2026-06,treatment,desktop,subscribe,4,29,330.96
2026-08-07,2026-06,treatment,mobile,visit,1,160,0.0
2026-08-07,2026-06,treatment,mobile,signup,2,78,0.0
2026-08-07,2026-06,treatment,mobile,activate,3,43,0.0
2026-08-07,2026-06,treatment,mobile,subscribe,4,19,293.8
2026-08-07,2026-06,treatment,tablet,visit,1,39,0.0
2026-08-07,2026-06,treatment,tablet,signup,2,17,0.0
2026-08-07,2026-06,treatment,tablet,activate,3,11,0.0
2026-08-07,2026-06,treatment,tablet,subscribe,4,5,57.97
2026-08-07,2026-07,control,desktop,visit,1,241,0.0
2026-08-07,2026-07,control,desktop,signup,2,86,0.0
2026-08-07,2026-07,control,desktop,activate,3,47,0.0
2026-08-07,2026-07,control,desktop,subscribe,4,23,278.79
2026-08-07,2026-07,control,mobile,visit,1,143,0.0
2026-08-07,2026-07,control,mobile,signup,2,65,0.0
2026-08-07,2026-07,control,mobile,activate,3,42,0.0
2026-08-07,2026-07,control,mobile,subscribe,4,19,342.0
2026-08-07,2026-07,control,tablet,visit,1,87,0.0
2026-08-07,2026-07,control,tablet,signup,2,35,0.0
2026-08-07,2026-07,control,tablet,activate,3,17,0.0
2026-08-07,2026-07,control,tablet,subscribe,4,8,96.08
2026-08-07,2026-07,treatment,desktop,visit,1,272,0.0
2026-08-07,2026-07,treatment,desktop,signup,2,131,0.0
2026-08-07,2026-07,treatment,desktop,activate,3,78,0.0
2026-08-07,2026-07,treatment,desktop,subscribe,4,38,625.69
2026-08-07,2026-07,treatment,mobile,visit,1,172,0.0
2026-08-07,2026-07,treatment,mobile,signup,2,72,0.0
2026-08-07,2026-07,treatment,mobile,activate,3,46,0.0
2026-08-07,2026-07,treatment,mobile,subscribe,4,21,349.83
2026-08-07,2026-07,treatment,tablet,visit,1,42,0.0
2026-08-07,2026-07,treatment,tablet,signup,2,16,0.0
2026-08-07,2026-07,treatment,tablet,activate,3,12,0.0
2026-08-07,2026-07,treatment,tablet,subscribe,4,6,72.28
2026-08-07,2026-08,control,desktop,visit,1,233,0.0
2026-08-07,2026-08,control,desktop,signup,2,80,0.0
2026-08-07,2026-08,control,desktop,activate,3,42,0.0
2026-08-07,2026-08,control,desktop,subscribe,4,20,356.07
2026-08-07,2026-08,control,mobile,visit,1,253,0.0
2026-08-07,2026-08,control,mobile,signup,2,102,0.0
2026-08-07,2026-08,control,mobile,activate,3,68,0.0
2026-08-07,2026-08,control,mobile,subscribe,4,25,321.21
2026-08-07,2026-08,control,tablet,visit,1,105,0.0
2026-08-07,2026-08,control,tablet,signup,2,44,0.0
2026-08-07,2026-08,control,tablet,activate,3,24,0.0
2026-08-07,2026-08,control,tablet,subscribe,4,10,148.36
2026-08-07,2026-08,treatment,desktop,visit,1,447,0.0
2026-08-07,2026-08,treatment,desktop,signup,2,167,0.0
2026-08-07,2026-08,treatment,desktop,activate,3,142,0.0
2026-08-07,2026-08,treatment,desktop,subscribe,4,59,806.51
2026-08-07,2026-08,treatment,mobile,visit,1,366,0.0
2026-08-07,2026-08,treatment,mobile,signup,2,150,0.0
2026-08-07,2026-08,treatment,mobile,activate,3,93,0.0
2026-08-07,2026-08,treatment,mobile,subscribe,4,47,793.8
2026-08-07,2026-08,treatment,tablet,visit,1,117,0.0
2026-08-07,2026-08,treatment,tablet,signup,2,40,0.0
2026-08-07,2026-08,treatment,tablet,activate,3,25,0.0
2026-08-07,2026-08,treatment,tablet,subscribe,4,12,220.14
2026-08-08,2026-06,control,desktop,visit,1,368,0.0
2026-08-08,2026-06,control,desktop,signup,2,165,0.0
2026-08-08,2026-06,control,desktop,activate,3,81,0.0
2026-08-08,2026-06,control,desktop,subscribe,4,50,768.65
2026-08-08,2026-06,control,mobile,visit,1,392,0.0
2026-08-08,2026-06,control,mobile,signup,2,191,0.0
2026-08-08,2026-06,control,mobile,activate,3,81,0.0
2026-08-08,2026-06,control,mobile,subscribe,4,46,838.6
2026-08-08,2026-06,control,tablet,visit,1,77,0.0
2026-08-08,2026-06,control,tablet,signup,2,30,0.0
2026-08-08,2026-06,control,tablet,activate,3,16,0.0
2026-08-08,2026-06,control,tablet,subscribe,4,8,96.66
2026-08-08,2026-06,treatment,desktop,visit,1,323,0.0
2026-08-08,2026-06,treatment,desktop,signup,2,138,0.0
2026-08-08,2026-06,treatment,desktop,activate,3,105,0.0
2026-08-08,2026-06,treatment,desktop,subscribe,4,42,797.6
2026-08-08,2026-06,treatment,mobile,visit,1,396,0.0
2026-08-08,2026-06,treatment,mobile,signup,2,150,0.0
2026-08-08,2026-06,treatment,mobile,activate,3,110,0.0
2026-08-08,2026-06,treatment,mobile,subscribe,4,49,674.24
2026-08-08,2026-06,treatment,tablet,visit,1,56,0.0
2026-08-08,2026-06,treatment,tablet,signup,2,23,0.0
2026-08-08,2026-06,treatment,tablet,activate,3,13,0.0
2026-08-08,2026-06,treatment,tablet,subscribe,4,7,122.98
2026-08-08,2026-07,control,desktop,visit,1,347,0.0
2026-08-08,2026-07,control,desktop,signup,2,134,0.0
2026-08-08,2026-07,control,desktop,activate,3,74,0.0
2026-08-08,2026-07,control,desktop,subscribe,4,39,591.51
2026-08-08,2026-07,control,mobile,visit,1,417,0.0
2026-08-08,2026-07,control,mobile,signup,2,166,0.0
2026-08-08,2026-07,control,mobile,activate,3,109,0.0
2026-08-08,2026-07,control,mobile,subscribe,4,43,792.3
2026-08-08,2026-07,control,tablet,visit,1,62,0.0
2026-08-08,2026-07,control,tablet,signup,2,29,0.0
2026-08-08,2026-07,control,tablet,activate,3,14,0.0
2026-08-08,2026-07,control,tablet,subscribe,4,7,86.52
2026-08-08,2026-07,treatment,desktop,visit,1,216,0.0
2026-08-08,2026-07,treatment,desktop,signup,2,84,0.0
2026-08-08,2026-07,treatment,desktop,activate,3,53,0.0
2026-08-08,2026-07,treatment,desktop,subscribe,4,28,476.47
2026-08-08,2026-07,treatment,mobile,visit,1,150,0.0
2026-08-08,2026-07,treatment,mobile,signup,2,74,0.0
2026-08-08,2026-07,treatment,mobile,activate,3,52,0.0
2026-08-08,2026-07,treatment,mobile,subscribe,4,22,290.31
2026-08-08,2026-07,treatment,tablet,visit,1,35,0.0
2026-08-08,2026-07,treatment,tablet,signup,2,15,0.0
2026-08-08,2026-07,treatment,tablet,activate,3,8,0.0
2026-08-08,2026-07,treatment,tablet,subscribe,4,4,45.49
2026-08-08,2026-08,control,desktop,visit,1,238,0.0
2026-08-08,2026-08,control,desktop,signup,2,90,0.0
2026-08-08,2026-08,control,desktop,activate,3,61,0.0
2026-08-08,2026-08,control,desktop,subscribe,4,28,467.06
2026-08-08,2026-08,control,mobile,visit,1,458,0.0
2026-08-08,2026-08,control,mobile,signup,2,202,0.0
2026-08-08,2026-08,control,mobile,activate,3,100,0.0
2026-08-08,2026-08,control,mobile,subscribe,4,52,970.49
2026-08-08,2026-08,control,tablet,visit,1,73,0.0
2026-08-08,2026-08,control,tablet,signup,2,31,0.0
2026-08-08,2026-08,control,tablet,activate,3,15,0.0
2026-08-08,2026-08,control,tablet,subscribe,4,8,123.46
2026-08-08,2026-08,treatment,desktop,visit,1,303,0.0
2026-08-08,2026-08,treatment,desktop,signup,2,155,0.0
2026-08-08,2026-08,treatment,desktop,activate,3,101,0.0
2026-08-08,2026-08,treatment,desktop,subscribe,4,50,553.32
2026-08-08,2026-08,treatment,mobile,visit,1,450,0.0
2026-08-08,2026-08,treatment,mobile,signup,2,197,0.0
2026-08-08,2026-08,treatment,mobile,activate,3,121,0.0
2026-08-08,2026-08,treatment,mobile,subscribe,4,67,1207.1
2026-08-08,2026-08,treatment,tablet,visit,1,52,0.0
2026-08-08,2026-08,treatment,tablet,signup,2,20,0.0
2026-08-08,2026-08,treatment,tablet,activate,3,15,0.0
2026-08-08,2026-08,treatment,tablet,subscribe,4,6,98.18
2026-08-09,2026-06,control,desktop,visit,1,198,0.0
2026-08-09,2026-06,control,desktop,signup,2,85,0.0
2026-08-09,2026-06,control,desktop,activate,3,44,0.0
2026-08-09,2026-06,control,desktop,subscribe,4,21,307.86
2026-08-09,2026-06,control,mobile,visit,1,386,0.0
2026-08-09,2026-06,control,mobile,signup,2,129,0.0
2026-08-09,2026-06,control,mobile,activate,3,83,0.0
2026-08-09,2026-06,control,mobile,subscribe,4,37,620.74
2026-08-09,2026-06,control,tablet,visit,1,53,0.0
2026-08-09,2026-06,control,tablet,signup,2,20,0.0
2026-08-09,2026-06,control,tablet,activate,3,12,0.0
2026-08-09,2026-06,control,tablet,subscribe,4,4,64.9
2026-08-09,2026-06,treatment,desktop,visit,1,285,0.0
2026-08-09,2026-06,treatment,desktop,signup,2,146,0.0
2026-08-09,2026-06,treatment,desktop,activate,3,76,0.0
2026-08-09,2026-06,treatment,desktop,subscribe,4,39,703.31
2026-08-09,2026-06,treatment,mobile,visit,1,119,0.0
2026-08-09,2026-06,treatment,mobile,signup,2,63,0.0
2026-08-09,2026-06,treatment,mobile,activate,3,34,0.0
2026-08-09,2026-06,treatment,mobile,subscribe,4,19,213.93
2026-08-09,2026-06,treatment,tablet,visit,1,58,0.0
2026-08-09,2026-06,treatment,tablet,signup,2,21,0.0
2026-08-09,2026-06,treatment,tablet,activate,3,13,0.0
2026-08-09,2026-06,treatment,tablet,subscribe,4,6,110.83
2026-08-09,2026-07,control,desktop,visit,1,182,0.0
2026-08-09,2026-07,control,desktop,signup,2,86,0.0
2026-08-09,2026-07,control,desktop,activate,3,49,0.0
2026-08-09,2026-07,control,desktop,subscribe,4,22,410.1
2026-08-09,2026-07,control,mobile,visit,1,237,0.0
2026-08-09,2026-07,control,mobile,signup,2,98,0.0
2026-08-09,2026-07,control,mobile,activate,3,50,0.0
2026-08-09,2026-07,control,mobile,subscribe,4,25,406.91
2026-08-09,2026-07,control,tablet,visit,1,35,0.0
2026-08-09,2026-07,control,tablet,signup,2,16,0.0
2026-08-09,2026-07,control,tablet,activate,3,8,0.0
2026-08-09,2026-07,control,tablet,subscribe,4,4,68.49
2026-08-09,2026-07,treatment,desktop,visit,1,355,0.0
2026-08-09,2026-07,treatment,desktop,signup,2,161,0.0
2026-08-09,2026-07,treatment,desktop,activate,3,88,0.0
2026-08-09,2026-07,treatment,desktop,subscribe,4,47,795.11
2026-08-09,2026-07,treatment,mobile,visit,1,137,0.0
2026-08-09,2026-07,treatment,mobile,signup,2,75,0.0
2026-08-09,2026-07,treatment,mobile,activate,3,43,0.0
2026-08-09,2026-07,treatment,mobile,subscribe,4,23,395.94
2026-08-09,2026-07,treatment,tablet,visit,1,100,0.0
2026-08-09,2026-07,treatment,tablet,signup,2,41,0.0
2026-08-09,2026-07,treatment,tablet,activate,3,24,0.0
2026-08-09,2026-07,treatment,tablet,subscribe,4,12,210.95
2026-08-09,2026-08,control,desktop,visit,1,418,0.0
2026-08-09,2026-08,control,desktop,signup,2,176,0.0
2026-08-09,2026-08,control,desktop,activate,3,105,0.0
2026-08-09,2026-08,control,desktop,subscribe,4,46,748.4
2026-08-09,2026-08,control,mobile,visit,1,417,0.0
2026-08-09,2026-08,control,mobile,signup,2,165,0.0
2026-08-09,2026-08,control,mobile,activate,3,81,0.0
2026-08-09,2026-08,control,mobile,subscribe,4,44,699.69
2026-08-09,2026-08,control,tablet,visit,1,46,0.0
2026-08-09,2026-08,control,tablet,signup,2,20,0.0
2026-08-09,2026-08,control,tablet,activate,3,11,0.0
2026-08-09,2026-08,control,tablet,subscribe,4,4,49.44
2026-08-09,2026-08,treatment,desktop,visit,1,397,0.0
2026-08-09,2026-08,treatment,desktop,signup,2,141,0.0
2026-08-09,2026-08,treatment,desktop,activate,3,100,0.0
2026-08-09,2026-08,treatment,desktop,subscribe,4,48,699.96
2026-08-09,2026-08,treatment,mobile,visit,1,443,0.0
2026-08-09,2026-08,treatment,mobile,signup,2,205,0.0
2026-08-09,2026-08,treatment,mobile,activate,3,115,0.0
2026-08-09,2026-08,treatment,mobile,subscribe,4,53,940.47
2026-08-09,2026-08,treatment,tablet,visit,1,40,0.0
2026-08-09,2026-08,treatment,tablet,signup,2,21,0.0
2026-08-09,2026-08,treatment,tablet,activate,3,13,0.0
2026-08-09,2026-08,treatment,tablet,subscribe,4,5,57.58
2026-08-10,2026-06,control,desktop,visit,1,120,0.0
2026-08-10,2026-06,control,desktop,signup,2,58,0.0
2026-08-10,2026-06,control,desktop,activate,3,31,0.0
2026-08-10,2026-06,control,desktop,subscribe,4,15,177.05
2026-08-10,2026-06,control,mobile,visit,1,243,0.0
2026-08-10,2026-06,control,mobile,signup,2,103,0.0
2026-08-10,2026-06,control,mobile,activate,3,54,0.0
2026-08-10,2026-06,control,mobile,subscribe,4,26,359.34
2026-08-10,2026-06,control,tablet,visit,1,68,0.0
2026-08-10,2026-06,control,tablet,signup,2,26,0.0
2026-08-10,2026-06,control,tablet,activate,3,13,0.0
2026-08-10,2026-06,control,tablet,subscribe,4,6,102.14
2026-08-10,2026-06,treatment,desktop,visit,1,336,0.0
2026-08-10,2026-06,treatment,desktop,signup,2,113,0.0
2026-08-10,2026-06,treatment,desktop,activate,3,80,0.0
2026-08-10,2026-06,treatment,desktop,subscribe,4,44,677.31
2026-08-10,2026-06,treatment,mobile,visit,1,180,0.0
2026-08-10,2026-06,treatment,mobile,signup,2,70,0.0
2026-08-10,2026-06,treatment,mobile,activate,3,54,0.0
2026-08-10,2026-06,treatment,mobile,subscribe,4,26,364.02
2026-08-10,2026-06,treatment,tablet,visit,1,60,0.0
2026-08-10,2026-06,treatment,tablet,signup,2,21,0.0
2026-08-10,2026-06,treatment,tablet,activate,3,14,0.0
2026-08-10,2026-06,treatment,tablet,subscribe,4,7,104.74
2026-08-10,2026-07,control,desktop,visit,1,333,0.0
2026-08-10,2026-07,control,desktop,signup,2,157,0.0
2026-08-10,2026-07,control,desktop,activate,3,85,0.0
2026-08-10,2026-07,control,desktop,subscribe,4,40,679.08
2026-08-10,2026-07,control,mobile,visit,1,308,0.0
2026-08-10,2026-07,control,mobile,signup,2,152,0.0
2026-08-10,2026-07,control,mobile,activate,3,75,0.0
2026-08-10,2026-07,control,mobile,subscribe,4,37,595.46
2026-08-10,2026-07,control,tablet,visit,1,84,0.0
2026-08-10,2026-07,control,tablet,signup,2,34,0.0
2026-08-10,2026-07,control,tablet,activate,3,20,0.0
2026-08-10,2026-07,control,tablet,subscribe,4,8,149.41
2026-08-10,2026-07,treatment,desktop,visit,1,275,0.0
2026-08-10,2026-07,treatment,desktop,signup,2,95,0.0
2026-08-10,2026-07,treatment,desktop,activate,3,71,0.0
2026-08-10,2026-07,treatment,desktop,subscribe,4,34,374.28
2026-08-10,2026-07,treatment,mobile,visit,1,296,0.0
2026-08-10,2026-07,treatment,mobile,signup,2,103,0.0
2026-08-10,2026-07,treatment,mobile,activate,3,73,0.0
2026-08-10,2026-07,treatment,mobile,subscribe,4,41,453.09
2026-08-10,2026-07,treatment,tablet,visit,1,54,0.0
2026-08-10,2026-07,treatment,tablet,signup,2,21,0.0
2026-08-10,2026-07,treatment,tablet,activate,3,18,0.0
2026-08-10,2026-07,treatment,tablet,subscribe,4,8,89.18
2026-08-10,2026-08,control,desktop,visit,1,339,0.0
2026-08-10,2026-08,control,desktop,signup,2,134,0.0
2026-08-10,2026-08,control,desktop,activate,3,67,0.0
2026-08-10,2026-08,control,desktop,subscribe,4,29,487.03
2026-08-10,2026-08,control,mobile,visit,1,174,0.0
2026-08-10,2026-08,control,mobile,signup,2,78,0.0
2026-08-10,2026-08,control,mobile,activate,3,49,0.0
2026-08-10,2026-08,control,mobile,subscribe,4,24,446.94
2026-08-10,2026-08,control,tablet,visit,1,89,0.0
2026-08-10,2026-08,control,tablet,signup,2,33,0.0
2026-08-10,2026-08,control,tablet,activate,3,16,0.0
2026-08-10,2026-08,control,tablet,subscribe,4,9,143.8
2026-08-10,2026-08,treatment,desktop,visit,1,171,0.0
2026-08-10,2026-08,treatment,desktop,signup,2,64,0.0
2026-08-10,2026-08,treatment,desktop,activate,3,51,0.0
2026-08-10,2026-08,treatment,desktop,subscribe,4,26,445.75
2026-08-10,2026-08,treatment,mobile,visit,1,333,0.0
2026-08-10,2026-08,treatment,mobile,signup,2,163,0.0
2026-08-10,2026-08,treatment,mobile,activate,3,102,0.0
2026-08-10,2026-08,treatment,mobile,subscribe,4,54,1015.55
2026-08-10,2026-08,treatment,tablet,visit,1,37,0.0
2026-08-10,2026-08,treatment,tablet,signup,2,15,0.0
2026-08-10,2026-08,treatment,tablet,activate,3,8,0.0
2026-08-10,2026-08,treatment,tablet,subscribe,4,4,46.91
2026-08-11,2026-06,control,desktop,visit,1,194,0.0
2026-08-11,2026-06,control,desktop,signup,2,87,0.0
2026-08-11,2026-06,control,desktop,activate,3,43,0.0
2026-08-11,2026-06,control,desktop,subscribe,4,19,266.75
2026-08-11,2026-06,control,mobile,visit,1,290,0.0
2026-08-11,2026-06,control,mobile,signup,2,127,0.0
2026-08-11,2026-06,control,mobile,activate,3,68,0.0
2026-08-11,2026-06,control,mobile,subscribe,4,32,442.89
2026-08-11,2026-06,control,tablet,visit,1,84,0.0
2026-08-11,2026-06,control,tablet,signup,2,36,0.0
2026-08-11,2026-06,control,tablet,activate,3,17,0.0
2026-08-11,2026-06,control,tablet,subscribe,4,9,136.56
2026-08-11,2026-06,treatment,desktop,visit,1,137,0.0
2026-08-11,2026-06,treatment,desktop,signup,2,60,0.0
2026-08-11,2026-06,treatment,desktop,activate,3,41,0.0
2026-08-11,2026-06,treatment,desktop,subscribe,4,16,196.45
2026-08-11,2026-06,treatment,mobile,visit,1,379,0.0
2026-08-11,2026-06,treatment,mobile,signup,2,149,0.0
2026-08-11,2026-06,treatment,mobile,activate,3,82,0.0
2026-08-11,2026-06,treatment,mobile,subscribe,4,50,742.45
2026-08-11,2026-06,treatment,tablet,visit,1,43,0.0
2026-08-11,2026-06,treatment,tablet,signup,2,16,0.0
2026-08-11,2026-06,treatment,tablet,activate,3,12,0.0
2026-08-11,2026-06,treatment,tablet,subscribe,4,5,76.18
2026-08-11,2026-07,control,desktop,visit,1,245,0.0
2026-08-11,2026-07,control,desktop,signup,2,121,0.0
2026-08-11,2026-07,control,desktop,activate,3,67,0.0
2026-08-11,2026-07,control,desktop,subscribe,4,34,380.84
2026-08-11,2026-07,control,mobile,visit,1,140,0.0
2026-08-11,2026-07,control,mobile,signup,2,53,0.0
2026-08-11,2026-07,control,mobile,activate,3,33,0.0
2026-08-11,2026-07,control,mobile,subscribe,4,12,153.52
2026-08-11,2026-07,control,tablet,visit,1,32,0.0
2026-08-11,2026-07,control,tablet,signup,2,11,0.0
2026-08-11,2026-07,control,tablet,activate,3,6,0.0
2026-08-11,2026-07,control,tablet,subscribe,4,3,43.5
2026-08-11,2026-07,treatment,desktop,visit,1,403,0.0
2026-08-11,2026-07,treatment,desktop,signup,2,134,0.0
2026-08-11,2026-07,treatment,desktop,activate,3,97,0.0
2026-08-11,2026-07,treatment,desktop,subscribe,4,42,663.89
2026-08-11,2026-07,treatment,mobile,visit,1,300,0.0
2026-08-11,2026-07,treatment,mobile,signup,2,138,0.0
2026-08-11,2026-07,treatment,mobile,activate,3,90,0.0
2026-08-11,2026-07,treatment,mobile,subscribe,4,43,525.04
2026-08-11,2026-07,treatment,tablet,visit,1,67,0.0
2026-08-11,2026-07,treatment,tablet,signup,2,26,0.0
2026-08-11,2026-07,treatment,tablet,activate,3,14,0.0
2026-08-11,2026-07,treatment,tablet,subscribe,4,6,110.46
2026-08-11,2026-08,control,desktop,visit,1,216,0.0
2026-08-11,2026-08,control,desktop,signup,2,90,0.0
2026-08-11,2026-08,control,desktop,activate,3,51,0.0
2026-08-11,2026-08,control,desktop,subscribe,4,28,453.33
2026-08-11,2026-08,control,mobile,visit,1,433,0.0
2026-08-11,2026-08,control,mobile,signup,2,197,0.0
2026-08-11,2026-08,control,mobile,activate,3,110,0.0
2026-08-11,2026-08,control,mobile,subscribe,4,54,937.62
2026-08-11,2026-08,control,tablet,visit,1,84,0.0
2026-08-11,2026-08,control,tablet,signup,2,43,0.0
2026-08-11,2026-08,control,tablet,activate,3,22,0.0
2026-08-11,2026-08,control,tablet,subscribe,4,9,119.59
2026-08-11,2026-08,treatment,desktop,visit,1,321,0.0
2026-08-11,2026-08,treatment,desktop,signup,2,162,0.0
2026-08-11,2026-08,treatment,desktop,activate,3,90,0.0
2026-08-11,2026-08,treatment,desktop,subscribe,4,54,698.0
2026-08-11,2026-08,treatment,mobile,visit,1,302,0.0
2026-08-11,2026-08,treatment,mobile,signup,2,115,0.0
2026-08-11,2026-08,treatment,mobile,activate,3,81,0.0
2026-08-11,2026-08,treatment,mobile,subscribe,4,40,658.39
2026-08-11,2026-08,treatment,tablet,visit,1,106,0.0
2026-08-11,2026-08,treatment,tablet,signup,2,42,0.0
2026-08-11,2026-08,treatment,tablet,activate,3,33,0.0
2026-08-11,2026-08,treatment,tablet,subscribe,4,14,264.93
2026-08-12,2026-06,control,desktop,visit,1,143,0.0
2026-08-12,2026-06,control,desktop,signup,2,58,0.0
2026-08-12,2026-06,control,desktop,activate,3,36,0.0
2026-08-12,2026-06,control,desktop,subscribe,4,17,310.61
2026-08-12,2026-06,control,mobile,visit,1,370,0.0
2026-08-12,2026-06,control,mobile,signup,2,130,0.0
2026-08-12,2026-06,control,mobile,activate,3,79,0.0
2026-08-12,2026-06,control,mobile,subscribe,4,33,568.72
2026-08-12,2026-06,control,tablet,visit,1,32,0.0
2026-08-12,2026-06,control,tablet,signup,2,10,0.0
2026-08-12,2026-06,control,tablet,activate,3,7,0.0
2026-08-12,2026-06,control,tablet,subscribe,4,2,33.15
2026-08-12,2026-06,treatment,desktop,visit,1,429,0.0
2026-08-12,2026-06,treatment,desktop,signup,2,148,0.0
2026-08-12,2026-06,treatment,desktop,activate,3,115,0.0
2026-08-12,2026-06,treatment,desktop,subscribe,4,48,619.23
2026-08-12,2026-06,treatment,mobile,visit,1,213,0.0
2026-08-12,2026-06,treatment,mobile,signup,2,79,0.0
2026-08-12,2026-06,treatment,mobile,activate,3,61,0.0
2026-08-12,2026-06,treatment,mobile,subscribe,4,26,305.59
2026-08-12,2026-06,treatment,tablet,visit,1,37,0.0
2026-08-12,2026-06,treatment,tablet,signup,2,18,0.0
2026-08-12,2026-06,treatment,tablet,activate,3,12,0.0
2026-08-12,2026-06,treatment,tablet,subscribe,4,5,74.49
2026-08-12,2026-07,control,desktop,visit,1,255,0.0
2026-08-12,2026-07,control,desktop,signup,2,93,0.0
2026-08-12,2026-07,control,desktop,activate,3,65,0.0
2026-08-12,2026-07,control,desktop,subscribe,4,24,422.97
2026-08-12,2026-07,control,mobile,visit,1,228,0.0
2026-08-12,2026-07,control,mobile,signup,2,106,0.0
2026-08-12,2026-07,control,mobile,activate,3,52,0.0
2026-08-12,2026-07,control,mobile,subscribe,4,28,312.11
2026-08-12,2026-07,control,tablet,visit,1,50,0.0
2026-08-12,2026-07,control,tablet,signup,2,22,0.0
2026-08-12,2026-07,control,tablet,activate,3,12,0.0
2026-08-12,2026-07,control,tablet,subscribe,4,7,122.0
2026-08-12,2026-07,treatment,desktop,visit,1,182,0.0
2026-08-12,2026-07,treatment,desktop,signup,2,91,0.0
2026-08-12,2026-07,treatment,desktop,activate,3,56,0.0
2026-08-12,2026-07,treatment,desktop,subscribe,4,28,353.68
2026-08-12,2026-07,treatment,mobile,visit,1,321,0.0
2026-08-12,2026-07,treatment,mobile,signup,2,151,0.0
2026-08-12,2026-07,treatment,mobile,activate,3,114,0.0
2026-08-12,2026-07,treatment,mobile,subscribe,4,54,647.33
2026-08-12,2026-07,treatment,tablet,visit,1,92,0.0
2026-08-12,2026-07,treatment,tablet,signup,2,33,0.0
2026-08-12,2026-07,treatment,tablet,activate,3,21,0.0
2026-08-12,2026-07,treatment,tablet,subscribe,4,10,154.91
2026-08-12,2026-08,control,desktop,visit,1,328,0.0
2026-08-12,2026-08,control,desktop,signup,2,143,0.0
2026-08-12,2026-08,control,desktop,activate,3,79,0.0
2026-08-12,2026-08,control,desktop,subscribe,4,32,486.02
2026-08-12,2026-08,control,mobile,visit,1,240,0.0
2026-08-12,2026-08,control,mobile,signup,2,81,0.0
2026-08-12,2026-08,control,mobile,activate,3,55,0.0
2026-08-12,2026-08,control,mobile,subscribe,4,24,279.85
2026-08-12,2026-08,control,tablet,visit,1,99,0.0
2026-08-12,2026-08,control,tablet,signup,2,37,0.0
2026-08-12,2026-08,control,tablet,activate,3,21,0.0
2026-08-12,2026-08,control,tablet,subscribe,4,10,164.79
2026-08-12,2026-08,treatment,desktop,visit,1,372,0.0
2026-08-12,2026-08,treatment,desktop,signup,2,170,0.0
2026-08-12,2026-08,treatment,desktop,activate,3,106,0.0
2026-08-12,2026-08,treatment,desktop,subscribe,4,55,1036.31
2026-08-12,2026-08,treatment,mobile,visit,1,342,0.0
2026-08-12,2026-08,treatment,mobile,signup,2,150,0.0
2026-08-12,2026-08,treatment,mobile,activate,3,94,0.0
2026-08-12,2026-08,treatment,mobile,subscribe,4,55,653.1
2026-08-12,2026-08,treatment,tablet,visit,1,102,0.0
2026-08-12,2026-08,treatment,tablet,signup,2,36,0.0
2026-08-12,2026-08,treatment,tablet,activate,3,23,0.0
2026-08-12,2026-08,treatment,tablet,subscribe,4,11,122.7
2026-08-13,2026-06,control,desktop,visit,1,359,0.0
2026-08-13,2026-06,control,desktop,signup,2,147,0.0
2026-08-13,2026-06,control,desktop,activate,3,95,0.0
2026-08-13,2026-06,control,desktop,subscribe,4,40,637.07
2026-08-13,2026-06,control,mobile,visit,1,204,0.0
2026-08-13,2026-06,control,mobile,signup,2,80,0.0
2026-08-13,2026-06,control,mobile,activate,3,47,0.0
2026-08-13,2026-06,control,mobile,subscribe,4,18,222.12
2026-08-13,2026-06,control,tablet,visit,1,44,0.0
2026-08-13,2026-06,control,tablet,signup,2,18,0.0
2026-08-13,2026-06,control,tablet,activate,3,8,0.0
2026-08-13,2026-06,control,tablet,subscribe,4,4,52.05
2026-08-13,2026-06,treatment,desktop,visit,1,301,0.0
2026-08-13,2026-06,treatment,desktop,signup,2,152,0.0
2026-08-13,2026-06,treatment,desktop,activate,3,88,0.0
2026-08-13,2026-06,treatment,desktop,subscribe,4,38,532.96
2026-08-13,2026-06,treatment,mobile,visit,1,269,0.0
2026-08-13,2026-06,treatment,mobile,signup,2,129,0.0
2026-08-13,2026-06,treatment,mobile,activate,3,77,0.0
2026-08-13,2026-06,treatment,mobile,subscribe,4,36,414.26
2026-08-13,2026-06,treatment,tablet,visit,1,85,0.0
2026-08-13,2026-06,treatment,tablet,signup,2,37,0.0
2026-08-13,2026-06,treatment,tablet,activate,3,21,0.0
2026-08-13,2026-06,treatment,tablet,subscribe,4,9,161.33
2026-08-13,2026-07,control,desktop,visit,1,189,0.0
2026-08-13,2026-07,control,desktop,signup,2,81,0.0
2026-08-13,2026-07,control,desktop,activate,3,40,0.0
2026-08-13,2026-07,control,desktop,subscribe,4,18,337.54
2026-08-13,2026-07,control,mobile,visit,1,214,0.0
2026-08-13,2026-07,control,mobile,signup,2,80,0.0
2026-08-13,2026-07,control,mobile,activate,3,48,0.0
2026-08-13,2026-07,control,mobile,subscribe,4,26,317.61
2026-08-13,2026-07,control,tablet,visit,1,87,0.0
2026-08-13,2026-07,control,tablet,signup,2,36,0.0
2026-08-13,2026-07,control,tablet,activate,3,17,0.0
2026-08-13,2026-07,control,tablet,subscribe,4,8,123.04
2026-08-13,2026-07,treatment,desktop,visit,1,418,0.0
2026-08-13,2026-07,treatment,desktop,signup,2,168,0.0
2026-08-13,2026-07,treatment,desktop,activate,3,90,0.0
2026-08-13,2026-07,treatment,desktop,subscribe,4,50,736.49
2026-08-13,2026-07,treatment,mobile,visit,1,281,0.0
2026-08-13,2026-07,treatment,mobile,signup,2,116,0.0
2026-08-13,2026-07,treatment,mobile,activate,3,63,0.0
2026-08-13,2026-07,treatment,mobile,subscribe,4,31,563.94
2026-08-13,2026-07,treatment,tablet,visit,1,89,0.0
2026-08-13,2026-07,treatment,tablet,signup,2,34,0.0
2026-08-13,2026-07,treatment,tablet,activate,3,19,0.0
2026-08-13,2026-07,treatment,tablet,subscribe,4,10,167.15
2026-08-13,2026-08,control,desktop,visit,1,451,0.0
2026-08-13,2026-08,control,desktop,signup,2,184,0.0
2026-08-13,2026-08,control,desktop,activate,3,111,0.0
2026-08-13,2026-08,control,desktop,subscribe,4,50,800.48
2026-08-13,2026-08,control,mobile,visit,1,221,0.0
2026-08-13,2026-08,control,mobile,signup,2,93,0.0
2026-08-13,2026-08,control,mobile,activate,3,55,0.0
2026-08-13,2026-08,control,mobile,subscribe,4,26,457.33
2026-08-13,2026-08,control,tablet,visit,1,98,0.0
2026-08-13,2026-08,control,tablet,signup,2,40,0.0
2026-08-13,2026-08,control,tablet,activate,3,19,0.0
2026-08-13,2026-08,control,tablet,subscribe,4,10,125.4
2026-08-13,2026-08,treatment,desktop,visit,1,589,0.0
2026-08-13,2026-08,treatment,desktop,signup,2,249,0.0
2026-08-13,2026-08,treatment,desktop,activate,3,155,0.0
2026-08-13,2026-08,treatment,desktop,subscribe,4,60,1112.41
2026-08-13,2026-08,treatment,mobile,visit,1,273,0.0
2026-08-13,2026-08,treatment,mobile,signup,2,123,0.0
2026-08-13,2026-08,treatment,mobile,activate,3,71,0.0
2026-08-13,2026-08,treatment,mobile,subscribe,4,32,432.19
2026-08-13,2026-08,treatment,tablet,visit,1,125,0.0
2026-08-13,2026-08,treatment,tablet,signup,2,47,0.0
2026-08-13,2026-08,treatment,tablet,activate,3,36,0.0
2026-08-13,2026-08,treatment,tablet,subscribe,4,16,216.03
2026-08-14,2026-06,control,desktop,visit,1,330,0.0
2026-08-14,2026-06,control,desktop,signup,2,107,0.0
2026-08-14,2026-06,control,desktop,activate,3,64,0.0
2026-08-14,2026-06,control,desktop,subscribe,4,29,537.59
2026-08-14,2026-06,control,mobile,visit,1,404,0.0
2026-08-14,2026-06,control,mobile,signup,2,138,0.0
2026-08-14,2026-06,control,mobile,activate,3,82,0.0
2026-08-14,2026-06,control,mobile,subscribe,4,43,787.99
2026-08-14,2026-06,control,tablet,visit,1,67,0.0
2026-08-14,2026-06,control,tablet,signup,2,29,0.0
2026-08-14,2026-06,control,tablet,activate,3,14,0.0
2026-08-14,2026-06,control,tablet,subscribe,4,7,125.51
2026-08-14,2026-06,treatment,desktop,visit,1,167,0.0
2026-08-14,2026-06,treatment,desktop,signup,2,64,0.0
2026-08-14,2026-06,treatment,desktop,activate,3,51,0.0
2026-08-14,2026-06,treatment,desktop,subscribe,4,20,280.39
2026-08-14,2026-06,treatment,mobile,visit,1,220,0.0
2026-08-14,2026-06,treatment,mobile,signup,2,95,0.0
2026-08-14,2026-06,treatment,mobile,activate,3,57,0.0
2026-08-14,2026-06,treatment,mobile,subscribe,4,27,478.71
2026-08-14,2026-06,treatment,tablet,visit,1,42,0.0
2026-08-14,2026-06,treatment,tablet,signup,2,20,0.0
2026-08-14,2026-06,treatment,tablet,activate,3,12,0.0
2026-08-14,2026-06,treatment,tablet,subscribe,4,6,88.14
2026-08-14,2026-07,control,desktop,visit,1,361,0.0
2026-08-14,2026-07,control,desktop,signup,2,148,0.0
2026-08-14,2026-07,control,desktop,activate,3,66,0.0
2026-08-14,2026-07,control,desktop,subscribe,4,37,660.89
2026-08-14,2026-07,control,mobile,visit,1,299,0.0
2026-08-14,2026-07,control,mobile,signup,2,135,0.0
2026-08-14,2026-07,control,mobile,activate,3,69,0.0
2026-08-14,2026-07,control,mobile,subscribe,4,32,553.31
2026-08-14,2026-07,control,tablet,visit,1,37,0.0
2026-08-14,2026-07,control,tablet,signup,2,16,0.0
2026-08-14,2026-07,control,tablet,activate,3,8,0.0
2026-08-14,2026-07,control,tablet,subscribe,4,4,47.39
2026-08-14,2026-07,treatment,desktop,visit,1,296,0.0
2026-08-14,2026-07,treatment,desktop,signup,2,130,0.0
2026-08-14,2026-07,treatment,desktop,activate,3,81,0.0
2026-08-14,2026-07,treatment,desktop,subscribe,4,39,697.03
2026-08-14,2026-07,treatment,mobile,visit,1,372,0.0
2026-08-14,2026-07,treatment,mobile,signup,2,141,0.0
2026-08-14,2026-07,treatment,mobile,activate,3,96,0.0
2026-08-14,2026-07,treatment,mobile,subscribe,4,51,577.5
2026-08-14,2026-07,treatment,tablet,visit,1,96,0.0
2026-08-14,2026-07,treatment,tablet,signup,2,46,0.0
2026-08-14,2026-07,treatment,tablet,activate,3,26,0.0
2026-08-14,2026-07,treatment,tablet,subscribe,4,12,142.36
2026-08-14,2026-08,control,desktop,visit,1,354,0.0
2026-08-14,2026-08,control,desktop,signup,2,159,0.0
2026-08-14,2026-08,control,desktop,activate,3,85,0.0
2026-08-14,2026-08,control,desktop,subscribe,4,51,852.07
2026-08-14,2026-08,control,mobile,visit,1,456,0.0
2026-08-14,2026-08,control,mobile,signup,2,215,0.0
2026-08-14,2026-08,control,mobile,activate,3,96,0.0
2026-08-14,2026-08,control,mobile,subscribe,4,57,719.68
2026-08-14,2026-08,control,tablet,visit,1,64,0.0
2026-08-14,2026-08,control,tablet,signup,2,26,0.0
2026-08-14,2026-08,control,tablet,activate,3,17,0.0
2026-08-14,2026-08,control,tablet,subscribe,4,7,96.09
2026-08-14,2026-08,treatment,desktop,visit,1,451,0.0
2026-08-14,2026-08,treatment,desktop,signup,2,153,0.0
2026-08-14,2026-08,treatment,desktop,activate,3,99,0.0
2026-08-14,2026-08,treatment,desktop,subscribe,4,44,541.95
2026-08-14,2026-08,treatment,mobile,visit,1,253,0.0
2026-08-14,2026-08,treatment,mobile,signup,2,105,0.0
2026-08-14,2026-08,treatment,mobile,activate,3,69,0.0
2026-08-14,2026-08,treatment,mobile,subscribe,4,35,471.75
2026-08-14,2026-08,treatment,tablet,visit,1,62,0.0
2026-08-14,2026-08,treatment,tablet,signup,2,25,0.0
2026-08-14,2026-08,treatment,tablet,activate,3,19,0.0
2026-08-14,2026-08,treatment,tablet,subscribe,4,9,152.94
2026-08-15,2026-06,control,desktop,visit,1,371,0.0
2026-08-15,2026-06,control,desktop,signup,2,157,0.0
2026-08-15,2026-06,control,desktop,activate,3,109,0.0
2026-08-15,2026-06,control,desktop,subscribe,4,51,609.07
2026-08-15,2026-06,control,mobile,visit,1,204,0.0
2026-08-15,2026-06,control,mobile,signup,2,82,0.0
2026-08-15,2026-06,control,mobile,activate,3,39,0.0
2026-08-15,2026-06,control,mobile,subscribe,4,24,306.22
2026-08-15,2026-06,control,tablet,visit,1,91,0.0
2026-08-15,2026-06,control,tablet,signup,2,46,0.0
2026-08-15,2026-06,control,tablet,activate,3,23,0.0
2026-08-15,2026-06,control,tablet,subscribe,4,12,220.61
2026-08-15,2026-06,treatment,desktop,visit,1,136,0.0
2026-08-15,2026-06,treatment,desktop,signup,2,52,0.0
2026-08-15,2026-06,treatment,desktop,activate,3,33,0.0
2026-08-15,2026-06,treatment,desktop,subscribe,4,17,204.01
2026-08-15,2026-06,treatment,mobile,visit,1,344,0.0
2026-08-15,2026-06,treatment,mobile,signup,2,112,0.0
2026-08-15,2026-06,treatment,mobile,activate,3,84,0.0
2026-08-15,2026-06,treatment,mobile,subscribe,4,37,458.24
2026-08-15,2026-06,treatment,tablet,visit,1,101,0.0
2026-08-15,2026-06,treatment,tablet,signup,2,34,0.0
2026-08-15,2026-06,treatment,tablet,activate,3,24,0.0
2026-08-15,2026-06,treatment,tablet,subscribe,4,13,189.71
2026-08-15,2026-07,control,desktop,visit,1,149,0.0
2026-08-15,2026-07,control,desktop,signup,2,67,0.0
2026-08-15,2026-07,control,desktop,activate,3,30,0.0
2026-08-15,2026-07,control,desktop,subscribe,4,18,252.93
2026-08-15,2026-07,control,mobile,visit,1,255,0.0
2026-08-15,2026-07,control,mobile,signup,2,92,0.0
2026-08-15,2026-07,control,mobile,activate,3,51,0.0
2026-08-15,2026-07,control,mobile,subscribe,4,26,461.1
2026-08-15,2026-07,control,tablet,visit,1,28,0.0
2026-08-15,2026-07,control,tablet,signup,2,13,0.0
2026-08-15,2026-07,control,tablet,activate,3,8,0.0
2026-08-15,2026-07,control,tablet,subscribe,4,3,50.81
2026-08-15,2026-07,treatment,desktop,visit,1,293,0.0
2026-08-15,2026-07,treatment,desktop,signup,2,137,0.0
2026-08-15,2026-07,treatment,desktop,activate,3,85,0.0
2026-08-15,2026-07,treatment,desktop,subscribe,4,40,627.14
2026-08-15,2026-07,treatment,mobile,visit,1,345,0.0
2026-08-15,2026-07,treatment,mobile,signup,2,150,0.0
2026-08-15,2026-07,treatment,mobile,activate,3,117,0.0
2026-08-15,2026-07,treatment,mobile,subscribe,4,56,989.41
2026-08-15,2026-07,treatment,tablet,visit,1,82,0.0
2026-08-15,2026-07,treatment,tablet,signup,2,41,0.0
2026-08-15,2026-07,treatment,tablet,activate,3,24,0.0
2026-08-15,2026-07,treatment,tablet,subscribe,4,11,156.52
2026-08-15,2026-08,control,desktop,visit,1,215,0.0
2026-08-15,2026-08,control,desktop,signup,2,81,0.0
2026-08-15,2026-08,control,desktop,activate,3,42,0.0
2026-08-15,2026-08,control,desktop,subscribe,4,27,430.47
2026-08-15,2026-08,control,mobile,visit,1,461,0.0
2026-08-15,2026-08,control,mobile,signup,2,160,0.0
2026-08-15,2026-08,control,mobile,activate,3,97,0.0
2026-08-15,2026-08,control,mobile,subscribe,4,45,642.24
2026-08-15,2026-08,control,tablet,visit,1,45,0.0
2026-08-15,2026-08,control,tablet,signup,2,20,0.0
2026-08-15,2026-08,control,tablet,activate,3,10,0.0
2026-08-15,2026-08,control,tablet,subscribe,4,4,55.61
2026-08-15,2026-08,treatment,desktop,visit,1,504,0.0
2026-08-15,2026-08,treatment,desktop,signup,2,206,0.0
2026-08-15,2026-08,treatment,desktop,activate,3,129,0.0
2026-08-15,2026-08,treatment,desktop,subscribe,4,52,875.48
2026-08-15,2026-08,treatment,mobile,visit,1,227,0.0
2026-08-15,2026-08,treatment,mobile,signup,2,84,0.0
2026-08-15,2026-08,treatment,mobile,activate,3,62,0.0
2026-08-15,2026-08,treatment,mobile,subscribe,4,24,293.3
2026-08-15,2026-08,treatment,tablet,visit,1,105,0.0
2026-08-15,2026-08,treatment,tablet,signup,2,50,0.0
2026-08-15,2026-08,treatment,tablet,activate,3,34,0.0
2026-08-15,2026-08,treatment,tablet,subscribe,4,16,291.39
2026-08-16,2026-06,control,desktop,visit,1,218,0.0
2026-08-16,2026-06,control,desktop,signup,2,88,0.0
2026-08-16,2026-06,control,desktop,activate,3,42,0.0
2026-08-16,2026-06,control,desktop,subscribe,4,19,301.79
2026-08-16,2026-06,control,mobile,visit,1,284,0.0
2026-08-16,2026-06,control,mobile,signup,2,107,0.0
2026-08-16,2026-06,control,mobile,activate,3,61,0.0
2026-08-16,2026-06,control,mobile,subscribe,4,30,376.12
2026-08-16,2026-06,control,tablet,visit,1,79,0.0
2026-08-16,2026-06,control,tablet,signup,2,37,0.0
2026-08-16,2026-06,control,tablet,activate,3,20,0.0
2026-08-16,2026-06,control,tablet,subscribe,4,8,92.72
2026-08-16,2026-06,treatment,desktop,visit,1,170,0.0
2026-08-16,2026-06,treatment,desktop,signup,2,66,0.0
2026-08-16,2026-06,treatment,desktop,activate,3,39,0.0
2026-08-16,2026-06,treatment,desktop,subscribe,4,20,372.38
2026-08-16,2026-06,treatment,mobile,visit,1,241,0.0
2026-08-16,2026-06,treatment,mobile,signup,2,100,0.0
2026-08-16,2026-06,treatment,mobile,activate,3,54,0.0
2026-08-16,2026-06,treatment,mobile,subscribe,4,27,503.47
2026-08-16,2026-06,treatment,tablet,visit,1,63,0.0
2026-08-16,2026-06,treatment,tablet,signup,2,26,0.0
2026-08-16,2026-06,treatment,tablet,activate,3,20,0.0
2026-08-16,2026-06,treatment,tablet,subscribe,4,8,99.8
2026-08-16,2026-07,control,desktop,visit,1,217,0.0
2026-08-16,2026-07,control,desktop,signup,2,74,0.0
2026-08-16,2026-07,control,desktop,activate,3,49,0.0
2026-08-16,2026-07,control,desktop,subscribe,4,19,315.71
2026-08-16,2026-07,control,mobile,visit,1,197,0.0
2026-08-16,2026-07,control,mobile,signup,2,82,0.0
2026-08-16,2026-07,control,mobile,activate,3,46,0.0
2026-08-16,2026-07,control,mobile,subscribe,4,23,435.12
2026-08-16,2026-07,control,tablet,visit,1,69,0.0
2026-08-16,2026-07,control,tablet,signup,2,30,0.0
2026-08-16,2026-07,control,tablet,activate,3,13,0.0
2026-08-16,2026-07,control,tablet,subscribe,4,7,129.19
2026-08-16,2026-07,treatment,desktop,visit,1,120,0.0
2026-08-16,2026-07,treatment,desktop,signup,2,48,0.0
2026-08-16,2026-07,treatment,desktop,activate,3,40,0.0
2026-08-16,2026-07,treatment,desktop,subscribe,4,19,276.82
2026-08-16,2026-07,treatment,mobile,visit,1,316,0.0
2026-08-16,2026-07,treatment,mobile,signup,2,151,0.0
2026-08-16,2026-07,treatment,mobile,activate,3,78,0.0
2026-08-16,2026-07,treatment,mobile,subscribe,4,43,492.81
2026-08-16,2026-07,treatment,tablet,visit,1,67,0.0
2026-08-16,2026-07,treatment,tablet,signup,2,33,0.0
2026-08-16,2026-07,treatment,tablet,activate,3,18,0.0
2026-08-16,2026-07,treatment,tablet,subscribe,4,8,132.97
2026-08-16,2026-08,control,desktop,visit,1,204,0.0
2026-08-16,2026-08,control,desktop,signup,2,88,0.0
2026-08-16,2026-08,control,desktop,activate,3,46,0.0
2026-08-16,2026-08,control,desktop,subscribe,4,23,325.1
2026-08-16,2026-08,control,mobile,visit,1,499,0.0
2026-08-16,2026-08,control,mobile,signup,2,231,0.0
2026-08-16,2026-08,control,mobile,activate,3,128,0.0
2026-08-16,2026-08,control,mobile,subscribe,4,62,831.25
2026-08-16,2026-08,control,tablet,visit,1,58,0.0
2026-08-16,2026-08,control,tablet,signup,2,28,0.0
2026-08-16,2026-08,control,tablet,activate,3,15,0.0
2026-08-16,2026-08,control,tablet,subscribe,4,6,80.54
2026-08-16,2026-08,treatment,desktop,visit,1,200,0.0
2026-08-16,2026-08,treatment,desktop,signup,2,73,0.0
2026-08-16,2026-08,treatment,desktop,activate,3,57,0.0
2026-08-16,2026-08,treatment,desktop,subscribe,4,30,494.0
2026-08-16,2026-08,treatment,mobile,visit,1,224,0.0
2026-08-16,2026-08,treatment,mobile,signup,2,84,0.0
2026-08-16,2026-08,treatment,mobile,activate,3,52,0.0
2026-08-16,2026-08,treatment,mobile,subscribe,4,31,491.78
2026-08-16,2026-08,treatment,tablet,visit,1,78,0.0
2026-08-16,2026-08,treatment,tablet,signup,2,34,0.0
2026-08-16,2026-08,treatment,tablet,activate,3,23,0.0
2026-08-16,2026-08,treatment,tablet,subscribe,4,13,204.05
2026-08-17,2026-06,control,desktop,visit,1,243,0.0
2026-08-17,2026-06,control,desktop,signup,2,125,0.0
2026-08-17,2026-06,control,desktop,activate,3,71,0.0
2026-08-17,2026-06,control,desktop,subscribe,4,31,463.61
2026-08-17,2026-06,control,mobile,visit,1,409,0.0
2026-08-17,2026-06,control,mobile,signup,2,174,0.0
2026-08-17,2026-06,control,mobile,activate,3,94,0.0
2026-08-17,2026-06,control,mobile,subscribe,4,38,717.02
2026-08-17,2026-06,control,tablet,visit,1,62,0.0
2026-08-17,2026-06,control,tablet,signup,2,30,0.0
2026-08-17,2026-06,control,tablet,activate,3,12,0.0
2026-08-17,2026-06,control,tablet,subscribe,4,7,90.29
2026-08-17,2026-06,treatment,desktop,visit,1,132,0.0
2026-08-17,2026-06,treatment,desktop,signup,2,58,0.0
2026-08-17,2026-06,treatment,desktop,activate,3,38,0.0
2026-08-17,2026-06,treatment,desktop,subscribe,4,21,326.99
2026-08-17,2026-06,treatment,mobile,visit,1,239,0.0
2026-08-17,2026-06,treatment,mobile,signup,2,82,0.0
2026-08-17,2026-06,treatment,mobile,activate,3,62,0.0
2026-08-17,2026-06,treatment,mobile,subscribe,4,30,431.51
2026-08-17,2026-06,treatment,tablet,visit,1,60,0.0
2026-08-17,2026-06,treatment,tablet,signup,2,26,0.0
2026-08-17,2026-06,treatment,tablet,activate,3,18,0.0
2026-08-17,2026-06,treatment,tablet,subscribe,4,7,103.07
2026-08-17,2026-07,control,desktop,visit,1,180,0.0
2026-08-17,2026-07,control,desktop,signup,2,71,0.0
2026-08-17,2026-07,control,desktop,activate,3,46,0.0
2026-08-17,2026-07,control,desktop,subscribe,4,17,262.81
2026-08-17,2026-07,control,mobile,visit,1,227,0.0
2026-08-17,2026-07,control,mobile,signup,2,96,0.0
2026-08-17,2026-07,control,mobile,activate,3,55,0.0
2026-08-17,2026-07,control,mobile,subscribe,4,23,320.46
2026-08-17,2026-07,control,tablet,visit,1,81,0.0
2026-08-17,2026-07,control,tablet,signup,2,34,0.0
2026-08-17,2026-07,control,tablet,activate,3,19,0.0
2026-08-17,2026-07,control,tablet,subscribe,4,7,82.6
2026-08-17,2026-07,treatment,desktop,visit,1,215,0.0
2026-08-17,2026-07,treatment,desktop,signup,2,95,0.0
2026-08-17,2026-07,treatment,desktop,activate,3,61,0.0
2026-08-17,2026-07,treatment,desktop,subscribe,4,30,332.47
2026-08-17,2026-07,treatment,mobile,visit,1,282,0.0
2026-08-17,2026-07,treatment,mobile,signup,2,118,0.0
2026-08-17,2026-07,treatment,mobile,activate,3,68,0.0
2026-08-17,2026-07,treatment,mobile,subscribe,4,40,628.17
2026-08-17,2026-07,treatment,tablet,visit,1,84,0.0
2026-08-17,2026-07,treatment,tablet,signup,2,31,0.0
2026-08-17,2026-07,treatment,tablet,activate,3,25,0.0
2026-08-17,2026-07,treatment,tablet,subscribe,4,9,158.54
2026-08-17,2026-08,control,desktop,visit,1,244,0.0
2026-08-17,2026-08,control,desktop,signup,2,103,0.0
2026-08-17,2026-08,control,desktop,activate,3,51,0.0
2026-08-17,2026-08,control,desktop,subscribe,4,24,410.65
2026-08-17,2026-08,control,mobile,visit,1,476,0.0
2026-08-17,2026-08,control,mobile,signup,2,214,0.0
2026-08-17,2026-08,control,mobile,activate,3,102,0.0
2026-08-17,2026-08,control,mobile,subscribe,4,49,591.34
2026-08-17,2026-08,control,tablet,visit,1,67,0.0
2026-08-17,2026-08,control,tablet,signup,2,31,0.0
2026-08-17,2026-08,control,tablet,activate,3,18,0.0
2026-08-17,2026-08,control,tablet,subscribe,4,6,70.48
2026-08-17,2026-08,treatment,desktop,visit,1,212,0.0
2026-08-17,2026-08,treatment,desktop,signup,2,81,0.0
2026-08-17,2026-08,treatment,desktop,activate,3,66,0.0
2026-08-17,2026-08,treatment,desktop,subscribe,4,25,445.64
2026-08-17,2026-08,treatment,mobile,visit,1,264,0.0
2026-08-17,2026-08,treatment,mobile,signup,2,111,0.0
2026-08-17,2026-08,treatment,mobile,activate,3,82,0.0
2026-08-17,2026-08,treatment,mobile,subscribe,4,37,536.12
2026-08-17,2026-08,treatment,tablet,visit,1,51,0.0
2026-08-17,2026-08,treatment,tablet,signup,2,18,0.0
2026-08-17,2026-08,treatment,tablet,activate,3,14,0.0
2026-08-17,2026-08,treatment,tablet,subscribe,4,7,121.42
2026-08-18,2026-06,control,desktop,visit,1,353,0.0
2026-08-18,2026-06,control,desktop,signup,2,184,0.0
2026-08-18,2026-06,control,desktop,activate,3,102,0.0
2026-08-18,2026-06,control,desktop,subscribe,4,51,624.27
2026-08-18,2026-06,control,mobile,visit,1,286,0.0
2026-08-18,2026-06,control,mobile,signup,2,123,0.0
2026-08-18,2026-06,control,mobile,activate,3,68,0.0
2026-08-18,2026-06,control,mobile,subscribe,4,32,601.96
2026-08-18,2026-06,control,tablet,visit,1,51,0.0
2026-08-18,2026-06,control,tablet,signup,2,19,0.0
2026-08-18,2026-06,control,tablet,activate,3,10,0.0
2026-08-18,2026-06,control,tablet,subscribe,4,5,93.56
2026-08-18,2026-06,treatment,desktop,visit,1,297,0.0
2026-08-18,2026-06,treatment,desktop,signup,2,152,0.0
2026-08-18,2026-06,treatment,desktop,activate,3,81,0.0
2026-08-18,2026-06,treatment,desktop,subscribe,4,40,592.42
2026-08-18,2026-06,treatment,mobile,visit,1,402,0.0
2026-08-18,2026-06,treatment,mobile,signup,2,144,0.0
2026-08-18,2026-06,treatment,mobile,activate,3,105,0.0
2026-08-18,2026-06,treatment,mobile,subscribe,4,45,780.02
2026-08-18,2026-06,treatment,tablet,visit,1,56,0.0
2026-08-18,2026-06,treatment,tablet,signup,2,22,0.0
2026-08-18,2026-06,treatment,tablet,activate,3,12,0.0
2026-08-18,2026-06,treatment,tablet,subscribe,4,6,102.39
2026-08-18,2026-07,control,desktop,visit,1,222,0.0
2026-08-18,2026-07,control,desktop,signup,2,102,0.0
2026-08-18,2026-07,control,desktop,activate,3,53,0.0
2026-08-18,2026-07,control,desktop,subscribe,4,31,450.46
2026-08-18,2026-07,control,mobile,visit,1,364,0.0
2026-08-18,2026-07,control,mobile,signup,2,155,0.0
2026-08-18,2026-07,control,mobile,activate,3,73,0.0
2026-08-18,2026-07,control,mobile,subscribe,4,44,643.53
2026-08-18,2026-07,control,tablet,visit,1,53,0.0
2026-08-18,2026-07,control,tablet,signup,2,20,0.0
2026-08-18,2026-07,control,tablet,activate,3,12,0.0
2026-08-18,2026-07,control,tablet,subscribe,4,5,94.09
2026-08-18,2026-07,treatment,desktop,visit,1,121,0.0
2026-08-18,2026-07,treatment,desktop,signup,2,58,0.0
2026-08-18,2026-07,treatment,desktop,activate,3,38,0.0
2026-08-18,2026-07,treatment,desktop,subscribe,4,16,281.0
2026-08-18,2026-07,treatment,mobile,visit,1,181,0.0
2026-08-18,2026-07,treatment,mobile,signup,2,64,0.0
2026-08-18,2026-07,treatment,mobile,activate,3,45,0.0
2026-08-18,2026-07,treatment,mobile,subscribe,4,22,311.24
2026-08-18,2026-07,treatment,tablet,visit,1,63,0.0
2026-08-18,2026-07,treatment,tablet,signup,2,26,0.0
2026-08-18,2026-07,treatment,tablet,activate,3,15,0.0
2026-08-18,2026-07,treatment,tablet,subscribe,4,7,122.16
2026-08-18,2026-08,control,desktop,visit,1,354,0.0
2026-08-18,2026-08,control,desktop,signup,2,164,0.0
2026-08-18,2026-08,control,desktop,activate,3,84,0.0
2026-08-18,2026-08,control,desktop,subscribe,4,37,698.27
2026-08-18,2026-08,control,mobile,visit,1,219,0.0
2026-08-18,2026-08,control,mobile,signup,2,93,0.0
2026-08-18,2026-08,control,mobile,activate,3,50,0.0
2026-08-18,2026-08,control,mobile,subscribe,4,30,421.87
2026-08-18,2026-08,control,tablet,visit,1,111,0.0
2026-08-18,2026-08,control,tablet,signup,2,43,0.0
2026-08-18,2026-08,control,tablet,activate,3,22,0.0
2026-08-18,2026-08,control,tablet,subscribe,4,13,197.53
2026-08-18,2026-08,treatment,desktop,visit,1,394,0.0
2026-08-18,2026-08,treatment,desktop,signup,2,194,0.0
2026-08-18,2026-08,treatment,desktop,activate,3,125,0.0
2026-08-18,2026-08,treatment,desktop,subscribe,4,45,739.2
2026-08-18,2026-08,treatment,mobile,visit,1,443,0.0
2026-08-18,2026-08,treatment,mobile,signup,2,195,0.0
2026-08-18,2026-08,treatment,mobile,activate,3,144,0.0
2026-08-18,2026-08,treatment,mobile,subscribe,4,62,844.76
2026-08-18,2026-08,treatment,tablet,visit,1,34,0.0
2026-08-18,2026-08,treatment,tablet,signup,2,16,0.0
2026-08-18,2026-08,treatment,tablet,activate,3,11,0.0
2026-08-18,2026-08,treatment,tablet,subscribe,4,5,62.84
2026-08-19,2026-06,control,desktop,visit,1,275,0.0
2026-08-19,2026-06,control,desktop,signup,2,136,0.0
2026-08-19,2026-06,control,desktop,activate,3,57,0.0
2026-08-19,2026-06,control,desktop,subscribe,4,28,403.2
2026-08-19,2026-06,control,mobile,visit,1,404,0.0
2026-08-19,2026-06,control,mobile,signup,2,127,0.0
2026-08-19,2026-06,control,mobile,activate,3,83,0.0
2026-08-19,2026-06,control,mobile,subscribe,4,33,622.29
2026-08-19,2026-06,control,tablet,visit,1,36,0.0
2026-08-19,2026-06,control,tablet,signup,2,14,0.0
2026-08-19,2026-06,control,tablet,activate,3,9,0.0
2026-08-19,2026-06,control,tablet,subscribe,4,4,57.66
2026-08-19,2026-06,treatment,desktop,visit,1,352,0.0
2026-08-19,2026-06,treatment,desktop,signup,2,146,0.0
2026-08-19,2026-06,treatment,desktop,activate,3,100,0.0
2026-08-19,2026-06,treatment,desktop,subscribe,4,37,634.75
2026-08-19,2026-06,treatment,mobile,visit,1,146,0.0
2026-08-19,2026-06,treatment,mobile,signup,2,67,0.0
2026-08-19,2026-06,treatment,mobile,activate,3,50,0.0
2026-08-19,2026-06,treatment,mobile,subscribe,4,18,247.27
2026-08-19,2026-06,treatment,tablet,visit,1,45,0.0
2026-08-19,2026-06,treatment,tablet,signup,2,21,0.0
2026-08-19,2026-06,treatment,tablet,activate,3,12,0.0
2026-08-19,2026-06,treatment,tablet,subscribe,4,6,78.37
2026-08-19,2026-07,control,desktop,visit,1,141,0.0
2026-08-19,2026-07,control,desktop,signup,2,74,0.0
2026-08-19,2026-07,control,desktop,activate,3,40,0.0
2026-08-19,2026-07,control,desktop,subscribe,4,19,262.24
2026-08-19,2026-07,control,mobile,visit,1,390,0.0
2026-08-19,2026-07,control,mobile,signup,2,158,0.0
2026-08-19,2026-07,control,mobile,activate,3,97,0.0
2026-08-19,2026-07,control,mobile,subscribe,4,38,576.15
2026-08-19,2026-07,control,tablet,visit,1,43,0.0
2026-08-19,2026-07,control,tablet,signup,2,22,0.0
2026-08-19,2026-07,control,tablet,activate,3,9,0.0
2026-08-19,2026-07,control,tablet,subscribe,4,6,80.96
2026-08-19,2026-07,treatment,desktop,visit,1,266,0.0
2026-08-19,2026-07,treatment,desktop,signup,2,124,0.0
2026-08-19,2026-07,treatment,desktop,activate,3,87,0.0
2026-08-19,2026-07,treatment,desktop,subscribe,4,38,562.93
2026-08-19,2026-07,treatment,mobile,visit,1,327,0.0
2026-08-19,2026-07,treatment,mobile,signup,2,142,0.0
2026-08-19,2026-07,treatment,mobile,activate,3,84,0.0
2026-08-19,2026-07,treatment,mobile,subscribe,4,33,380.29
2026-08-19,2026-07,treatment,tablet,visit,1,57,0.0
2026-08-19,2026-07,treatment,tablet,signup,2,30,0.0
2026-08-19,2026-07,treatment,tablet,activate,3,17,0.0
2026-08-19,2026-07,treatment,tablet,subscribe,4,8,149.26
2026-08-19,2026-08,control,desktop,visit,1,329,0.0
2026-08-19,2026-08,control,desktop,signup,2,136,0.0
2026-08-19,2026-08,control,desktop,activate,3,79,0.0
2026-08-19,2026-08,control,desktop,subscribe,4,47,640.34
2026-08-19,2026-08,control,mobile,visit,1,145,0.0
2026-08-19,2026-08,control,mobile,signup,2,65,0.0
2026-08-19,2026-08,control,mobile,activate,3,43,0.0
2026-08-19,2026-08,control,mobile,subscribe,4,19,336.25
2026-08-19,2026-08,control,tablet,visit,1,55,0.0
2026-08-19,2026-08,control,tablet,signup,2,20,0.0
2026-08-19,2026-08,control,tablet,activate,3,11,0.0
2026-08-19,2026-08,control,tablet,subscribe,4,5,58.36
2026-08-19,2026-08,treatment,desktop,visit,1,461,0.0
2026-08-19,2026-08,treatment,desktop,signup,2,168,0.0
2026-08-19,2026-08,treatment,desktop,activate,3,108,0.0
2026-08-19,2026-08,treatment,desktop,subscribe,4,58,824.12
2026-08-19,2026-08,treatment,mobile,visit,1,279,0.0
2026-08-19,2026-08,treatment,mobile,signup,2,149,0.0
2026-08-19,2026-08,treatment,mobile,activate,3,82,0.0
2026-08-19,2026-08,treatment,mobile,subscribe,4,46,547.25
2026-08-19,2026-08,treatment,tablet,visit,1,40,0.0
2026-08-19,2026-08,treatment,tablet,signup,2,20,0.0
2026-08-19,2026-08,treatment,tablet,activate,3,11,0.0
2026-08-19,2026-08,treatment,tablet,subscribe,4,6,105.94
2026-08-20,2026-06,control,desktop,visit,1,291,0.0
2026-08-20,2026-06,control,desktop,signup,2,130,0.0
2026-08-20,2026-06,control,desktop,activate,3,77,0.0
2026-08-20,2026-06,control,desktop,subscribe,4,30,339.53
2026-08-20,2026-06,control,mobile,visit,1,296,0.0
2026-08-20,2026-06,control,mobile,signup,2,96,0.0
2026-08-20,2026-06,control,mobile,activate,3,69,0.0
2026-08-20,2026-06,control,mobile,subscribe,4,33,611.8
2026-08-20,2026-06,control,tablet,visit,1,51,0.0
2026-08-20,2026-06,control,tablet,signup,2,23,0.0
2026-08-20,2026-06,control,tablet,activate,3,12,0.0
2026-08-20,2026-06,control,tablet,subscribe,4,6,108.11
2026-08-20,2026-06,treatment,desktop,visit,1,332,0.0
2026-08-20,2026-06,treatment,desktop,signup,2,121,0.0
2026-08-20,2026-06,treatment,desktop,activate,3,96,0.0
2026-08-20,2026-06,treatment,desktop,subscribe,4,37,470.74
2026-08-20,2026-06,treatment,mobile,visit,1,330,0.0
2026-08-20,2026-06,treatment,mobile,signup,2,135,0.0
2026-08-20,2026-06,treatment,mobile,activate,3,86,0.0
2026-08-20,2026-06,treatment,mobile,subscribe,4,53,836.13
2026-08-20,2026-06,treatment,tablet,visit,1,80,0.0
2026-08-20,2026-06,treatment,tablet,signup,2,35,0.0
2026-08-20,2026-06,treatment,tablet,activate,3,21,0.0
2026-08-20,2026-06,treatment,tablet,subscribe,4,11,131.75
2026-08-20,2026-07,control,desktop,visit,1,433,0.0
2026-08-20,2026-07,control,desktop,signup,2,176,0.0
2026-08-20,2026-07,control,desktop,activate,3,92,0.0
2026-08-20,2026-07,control,desktop,subscribe,4,45,573.96
2026-08-20,2026-07,control,mobile,visit,1,327,0.0
2026-08-20,2026-07,control,mobile,signup,2,109,0.0
2026-08-20,2026-07,control,mobile,activate,3,59,0.0
2026-08-20,2026-07,control,mobile,subscribe,4,33,566.38
2026-08-20,2026-07,control,tablet,visit,1,78,0.0
2026-08-20,2026-07,control,tablet,signup,2,33,0.0
2026-08-20,2026-07,control,tablet,activate,3,19,0.0
2026-08-20,2026-07,control,tablet,subscribe,4,8,90.32
2026-08-20,2026-07,treatment,desktop,visit,1,295,0.0
2026-08-20,2026-07,treatment,desktop,signup,2,97,0.0
2026-08-20,2026-07,treatment,desktop,activate,3,75,0.0
2026-08-20,2026-07,treatment,desktop,subscribe,4,35,389.25
2026-08-20,2026-07,treatment,mobile,visit,1,386,0.0
2026-08-20,2026-07,treatment,mobile,signup,2,184,0.0
2026-08-20,2026-07,treatment,mobile,activate,3,122,0.0
2026-08-20,2026-07,treatment,mobile,subscribe,4,51,563.54
2026-08-20,2026-07,treatment,tablet,visit,1,109,0.0
2026-08-20,2026-07,treatment,tablet,signup,2,49,0.0
2026-08-20,2026-07,treatment,tablet,activate,3,26,0.0
2026-08-20,2026-07,treatment,tablet,subscribe,4,13,200.66
2026-08-20,2026-08,control,desktop,visit,1,324,0.0
2026-08-20,2026-08,control,desktop,signup,2,113,0.0
2026-08-20,2026-08,control,desktop,activate,3,71,0.0
2026-08-20,2026-08,control,desktop,subscribe,4,36,611.53
2026-08-20,2026-08,control,mobile,visit,1,456,0.0
2026-08-20,2026-08,control,mobile,signup,2,184,0.0
2026-08-20,2026-08,control,mobile,activate,3,98,0.0
2026-08-20,2026-08,control,mobile,subscribe,4,51,578.12
2026-08-20,2026-08,control,tablet,visit,1,116,0.0
2026-08-20,2026-08,control,tablet,signup,2,50,0.0
2026-08-20,2026-08,control,tablet,activate,3,26,0.0
2026-08-20,2026-08,control,tablet,subscribe,4,11,171.96
2026-08-20,2026-08,treatment,desktop,visit,1,379,0.0
2026-08-20,2026-08,treatment,desktop,signup,2,165,0.0
2026-08-20,2026-08,treatment,desktop,activate,3,91,0.0
2026-08-20,2026-08,treatment,desktop,subscribe,4,46,649.1
2026-08-20,2026-08,treatment,mobile,visit,1,488,0.0
2026-08-20,2026-08,treatment,mobile,signup,2,185,0.0
2026-08-20,2026-08,treatment,mobile,activate,3,159,0.0
2026-08-20,2026-08,treatment,mobile,subscribe,4,71,979.76
2026-08-20,2026-08,treatment,tablet,visit,1,89,0.0
2026-08-20,2026-08,treatment,tablet,signup,2,38,0.0
2026-08-20,2026-08,treatment,tablet,activate,3,22,0.0
2026-08-20,2026-08,treatment,tablet,subscribe,4,12,135.6
2026-08-21,2026-06,control,desktop,visit,1,156,0.0
2026-08-21,2026-06,control,desktop,signup,2,75,0.0
2026-08-21,2026-06,control,desktop,activate,3,38,0.0
2026-08-21,2026-06,control,desktop,subscribe,4,15,249.26
2026-08-21,2026-06,control,mobile,visit,1,271,0.0
2026-08-21,2026-06,control,mobile,signup,2,107,0.0
2026-08-21,2026-06,control,mobile,activate,3,59,0.0
2026-08-21,2026-06,control,mobile,subscribe,4,31,390.37
2026-08-21,2026-06,control,tablet,visit,1,94,0.0
2026-08-21,2026-06,control,tablet,signup,2,31,0.0
2026-08-21,2026-06,control,tablet,activate,3,18,0.0
2026-08-21,2026-06,control,tablet,subscribe,4,10,124.59
2026-08-21,2026-06,treatment,desktop,visit,1,351,0.0
2026-08-21,2026-06,treatment,desktop,signup,2,142,0.0
2026-08-21,2026-06,treatment,desktop,activate,3,108,0.0
2026-08-21,2026-06,treatment,desktop,subscribe,4,56,912.62
2026-08-21,2026-06,treatment,mobile,visit,1,145,0.0
2026-08-21,2026-06,treatment,mobile,signup,2,58,0.0
2026-08-21,2026-06,treatment,mobile,activate,3,39,0.0
2026-08-21,2026-06,treatment,mobile,subscribe,4,20,226.77
2026-08-21,2026-06,treatment,tablet,visit,1,54,0.0
2026-08-21,2026-06,treatment,tablet,signup,2,24,0.0
2026-08-21,2026-06,treatment,tablet,activate,3,16,0.0
2026-08-21,2026-06,treatment,tablet,subscribe,4,8,135.8
2026-08-21,2026-07,control,desktop,visit,1,216,0.0
2026-08-21,2026-07,control,desktop,signup,2,93,0.0
2026-08-21,2026-07,control,desktop,activate,3,64,0.0
2026-08-21,2026-07,control,desktop,subscribe,4,27,377.65
2026-08-21,2026-07,control,mobile,visit,1,398,0.0
2026-08-21,2026-07,control,mobile,signup,2,171,0.0
2026-08-21,2026-07,control,mobile,activate,3,83,0.0
2026-08-21,2026-07,control,mobile,subscribe,4,47,878.47
2026-08-21,2026-07,control,tablet,visit,1,38,0.0
2026-08-21,2026-07,control,tablet,signup,2,15,0.0
2026-08-21,2026-07,control,tablet,activate,3,9,0.0
2026-08-21,2026-07,control,tablet,subscribe,4,3,47.84
2026-08-21,2026-07,treatment,desktop,visit,1,128,0.0
2026-08-21,2026-07,treatment,desktop,signup,2,51,0.0
2026-08-21,2026-07,treatment,desktop,activate,3,36,0.0
2026-08-21,2026-07,treatment,desktop,subscribe,4,14,238.16
2026-08-21,2026-07,treatment,mobile,visit,1,337,0.0
2026-08-21,2026-07,treatment,mobile,signup,2,140,0.0
2026-08-21,2026-07,treatment,mobile,activate,3,70,0.0
2026-08-21,2026-07,treatment,mobile,subscribe,4,36,639.02
2026-08-21,2026-07,treatment,tablet,visit,1,93,0.0
2026-08-21,2026-07,treatment,tablet,signup,2,33,0.0
2026-08-21,2026-07,treatment,tablet,activate,3,28,0.0
2026-08-21,2026-07,treatment,tablet,subscribe,4,10,142.9
2026-08-21,2026-08,control,desktop,visit,1,367,0.0
2026-08-21,2026-08,control,desktop,signup,2,162,0.0
2026-08-21,2026-08,control,desktop,activate,3,75,0.0
2026-08-21,2026-08,control,desktop,subscribe,4,42,519.26
2026-08-21,2026-08,control,mobile,visit,1,182,0.0
2026-08-21,2026-08,control,mobile,signup,2,64,0.0
2026-08-21,2026-08,control,mobile,activate,3,36,0.0
2026-08-21,2026-08,control,mobile,subscribe,4,15,238.51
2026-08-21,2026-08,control,tablet,visit,1,64,0.0
2026-08-21,2026-08,control,tablet,signup,2,26,0.0
2026-08-21,2026-08,control,tablet,activate,3,14,0.0
2026-08-21,2026-08,control,tablet,subscribe,4,7,90.22
2026-08-21,2026-08,treatment,desktop,visit,1,443,0.0
2026-08-21,2026-08,treatment,desktop,signup,2,172,0.0
2026-08-21,2026-08,treatment,desktop,activate,3,110,0.0
2026-08-21,2026-08,treatment,desktop,subscribe,4,58,828.22
2026-08-21,2026-08,treatment,mobile,visit,1,519,0.0
2026-08-21,2026-08,treatment,mobile,signup,2,246,0.0
2026-08-21,2026-08,treatment,mobile,activate,3,137,0.0
2026-08-21,2026-08,treatment,mobile,subscribe,4,74,899.51
2026-08-21,2026-08,treatment,tablet,visit,1,96,0.0
2026-08-21,2026-08,treatment,tablet,signup,2,33,0.0
2026-08-21,2026-08,treatment,tablet,activate,3,22,0.0
2026-08-21,2026-08,treatment,tablet,subscribe,4,10,168.28
2026-08-22,2026-06,control,desktop,visit,1,291,0.0
2026-08-22,2026-06,control,desktop,signup,2,119,0.0
2026-08-22,2026-06,control,desktop,activate,3,74,0.0
2026-08-22,2026-06,control,desktop,subscribe,4,35,613.16
2026-08-22,2026-06,control,mobile,visit,1,135,0.0
2026-08-22,2026-06,control,mobile,signup,2,49,0.0
2026-08-22,2026-06,control,mobile,activate,3,26,0.0
2026-08-22,2026-06,control,mobile,subscribe,4,15,260.16
2026-08-22,2026-06,control,tablet,visit,1,48,0.0
2026-08-22,2026-06,control,tablet,signup,2,22,0.0
2026-08-22,2026-06,control,tablet,activate,3,13,0.0
2026-08-22,2026-06,control,tablet,subscribe,4,6,96.17
2026-08-22,2026-06,treatment,desktop,visit,1,183,0.0
2026-08-22,2026-06,treatment,desktop,signup,2,65,0.0
2026-08-22,2026-06,treatment,desktop,activate,3,47,0.0
2026-08-22,2026-06,treatment,desktop,subscribe,4,21,365.52
2026-08-22,2026-06,treatment,mobile,visit,1,376,0.0
2026-08-22,2026-06,treatment,mobile,signup,2,179,0.0
2026-08-22,2026-06,treatment,mobile,activate,3,128,0.0
2026-08-22,2026-06,treatment,mobile,subscribe,4,57,964.06
2026-08-22,2026-06,treatment,tablet,visit,1,41,0.0
2026-08-22,2026-06,treatment,tablet,signup,2,21,0.0
2026-08-22,2026-06,treatment,tablet,activate,3,13,0.0
2026-08-22,2026-06,treatment,tablet,subscribe,4,6,106.96
2026-08-22,2026-07,control,desktop,visit,1,146,0.0
2026-08-22,2026-07,control,desktop,signup,2,69,0.0
2026-08-22,2026-07,control,desktop,activate,3,37,0.0
2026-08-22,2026-07,control,desktop,subscribe,4,18,335.69
2026-08-22,2026-07,control,mobile,visit,1,161,0.0
2026-08-22,2026-07,control,mobile,signup,2,64,0.0
2026-08-22,2026-07,control,mobile,activate,3,31,0.0
2026-08-22,2026-07,control,mobile,subscribe,4,17,197.0
2026-08-22,2026-07,control,tablet,visit,1,116,0.0
2026-08-22,2026-07,control,tablet,signup,2,42,0.0
2026-08-22,2026-07,control,tablet,activate,3,21,0.0
2026-08-22,2026-07,control,tablet,subscribe,4,11,171.5
2026-08-22,2026-07,treatment,desktop,visit,1,332,0.0
2026-08-22,2026-07,treatment,desktop,signup,2,179,0.0
2026-08-22,2026-07,treatment,desktop,activate,3,94,0.0
2026-08-22,2026-07,treatment,desktop,subscribe,4,47,711.61
2026-08-22,2026-07,treatment,mobile,visit,1,428,0.0
2026-08-22,2026-07,treatment,mobile,signup,2,169,0.0
2026-08-22,2026-07,treatment,mobile,activate,3,116,0.0
2026-08-22,2026-07,treatment,mobile,subscribe,4,43,588.24
2026-08-22,2026-07,treatment,tablet,visit,1,33,0.0
2026-08-22,2026-07,treatment,tablet,signup,2,12,0.0
2026-08-22,2026-07,treatment,tablet,activate,3,8,0.0
2026-08-22,2026-07,treatment,tablet,subscribe,4,3,33.16
2026-08-22,2026-08,control,desktop,visit,1,349,0.0
2026-08-22,2026-08,control,desktop,signup,2,142,0.0
2026-08-22,2026-08,control,desktop,activate,3,73,0.0
2026-08-22,2026-08,control,desktop,subscribe,4,41,706.46
2026-08-22,2026-08,control,mobile,visit,1,182,0.0
2026-08-22,2026-08,control,mobile,signup,2,69,0.0
2026-08-22,2026-08,control,mobile,activate,3,37,0.0
2026-08-22,2026-08,control,mobile,subscribe,4,18,328.54
2026-08-22,2026-08,control,tablet,visit,1,116,0.0
2026-08-22,2026-08,control,tablet,signup,2,38,0.0
2026-08-22,2026-08,control,tablet,activate,3,26,0.0
2026-08-22,2026-08,control,tablet,subscribe,4,11,202.99
2026-08-22,2026-08,treatment,desktop,visit,1,216,0.0
2026-08-22,2026-08,treatment,desktop,signup,2,90,0.0
2026-08-22,2026-08,treatment,desktop,activate,3,63,0.0
2026-08-22,2026-08,treatment,desktop,subscribe,4,30,520.53
2026-08-22,2026-08,treatment,mobile,visit,1,507,0.0
2026-08-22,2026-08,treatment,mobile,signup,2,209,0.0
2026-08-22,2026-08,treatment,mobile,activate,3,123,0.0
2026-08-22,2026-08,treatment,mobile,subscribe,4,54,784.47
2026-08-22,2026-08,treatment,tablet,visit,1,107,0.0
2026-08-22,2026-08,treatment,tablet,signup,2,46,0.0
2026-08-22,2026-08,treatment,tablet,activate,3,22,0.0
2026-08-22,2026-08,treatment,tablet,subscribe,4,12,161.43
2026-08-23,2026-06,control,desktop,visit,1,381,0.0
2026-08-23,2026-06,control,desktop,signup,2,192,0.0
2026-08-23,2026-06,control,desktop,activate,3,87,0.0
2026-08-23,2026-06,control,desktop,subscribe,4,44,829.64
2026-08-23,2026-06,control,mobile,visit,1,163,0.0
2026-08-23,2026-06,control,mobile,signup,2,82,0.0
2026-08-23,2026-06,control,mobile,activate,3,37,0.0
2026-08-23,2026-06,control,mobile,subscribe,4,20,344.07
2026-08-23,2026-06,control,tablet,visit,1,87,0.0
2026-08-23,2026-06,control,tablet,signup,2,34,0.0
2026-08-23,2026-06,control,tablet,activate,3,17,0.0
2026-08-23,2026-06,control,tablet,subscribe,4,8,151.58
2026-08-23,2026-06,treatment,desktop,visit,1,135,0.0
2026-08-23,2026-06,treatment,desktop,signup,2,69,0.0
2026-08-23,2026-06,treatment,desktop,activate,3,35,0.0
2026-08-23,2026-06,treatment,desktop,subscribe,4,18,206.21
2026-08-23,2026-06,treatment,mobile,visit,1,286,0.0
2026-08-23,2026-06,treatment,mobile,signup,2,97,0.0
2026-08-23,2026-06,treatment,mobile,activate,3,71,0.0
2026-08-23,2026-06,treatment,mobile,subscribe,4,31,566.3
2026-08-23,2026-06,treatment,tablet,visit,1,96,0.0
2026-08-23,2026-06,treatment,tablet,signup,2,40,0.0
2026-08-23,2026-06,treatment,tablet,activate,3,30,0.0
2026-08-23,2026-06,treatment,tablet,subscribe,4,11,126.49
2026-08-23,2026-07,control,desktop,visit,1,134,0.0
2026-08-23,2026-07,control,desktop,signup,2,64,0.0
2026-08-23,2026-07,control,desktop,activate,3,34,0.0
2026-08-23,2026-07,control,desktop,subscribe,4,15,174.56
2026-08-23,2026-07,control,mobile,visit,1,167,0.0
2026-08-23,2026-07,control,mobile,signup,2,74,0.0
2026-08-23,2026-07,control,mobile,activate,3,45,0.0
2026-08-23,2026-07,control,mobile,subscribe,4,17,267.67
2026-08-23,2026-07,control,tablet,visit,1,38,0.0
2026-08-23,2026-07,control,tablet,signup,2,17,0.0
2026-08-23,2026-07,control,tablet,activate,3,9,0.0
2026-08-23,2026-07,control,tablet,subscribe,4,4,44.02
2026-08-23,2026-07,treatment,desktop,visit,1,360,0.0
2026-08-23,2026-07,treatment,desktop,signup,2,154,0.0
2026-08-23,2026-07,treatment,desktop,activate,3,78,0.0
2026-08-23,2026-07,treatment,desktop,subscribe,4,47,576.99
2026-08-23,2026-07,treatment,mobile,visit,1,323,0.0
2026-08-23,2026-07,treatment,mobile,signup,2,172,0.0
2026-08-23,2026-07,treatment,mobile,activate,3,114,0.0
2026-08-23,2026-07,treatment,mobile,subscribe,4,55,635.82
2026-08-23,2026-07,treatment,tablet,visit,1,39,0.0
2026-08-23,2026-07,treatment,tablet,signup,2,21,0.0
2026-08-23,2026-07,treatment,tablet,activate,3,11,0.0
2026-08-23,2026-07,treatment,tablet,subscribe,4,5,74.58
2026-08-23,2026-08,control,desktop,visit,1,534,0.0
2026-08-23,2026-08,control,desktop,signup,2,208,0.0
2026-08-23,2026-08,control,desktop,activate,3,120,0.0
2026-08-23,2026-08,control,desktop,subscribe,4,62,723.65
2026-08-23,2026-08,control,mobile,visit,1,183,0.0
2026-08-23,2026-08,control,mobile,signup,2,91,0.0
2026-08-23,2026-08,control,mobile,activate,3,41,0.0
2026-08-23,2026-08,control,mobile,subscribe,4,19,278.41
2026-08-23,2026-08,control,tablet,visit,1,110,0.0
2026-08-23,2026-08,control,tablet,signup,2,45,0.0
2026-08-23,2026-08,control,tablet,activate,3,28,0.0
2026-08-23,2026-08,control,tablet,subscribe,4,11,185.5
2026-08-23,2026-08,treatment,desktop,visit,1,302,0.0
2026-08-23,2026-08,treatment,desktop,signup,2,116,0.0
2026-08-23,2026-08,treatment,desktop,activate,3,90,0.0
2026-08-23,2026-08,treatment,desktop,subscribe,4,32,600.26
2026-08-23,2026-08,treatment,mobile,visit,1,453,0.0
2026-08-23,2026-08,treatment,mobile,signup,2,188,0.0
2026-08-23,2026-08,treatment,mobile,activate,3,131,0.0
2026-08-23,2026-08,treatment,mobile,subscribe,4,72,1010.96
2026-08-23,2026-08,treatment,tablet,visit,1,71,0.0
2026-08-23,2026-08,treatment,tablet,signup,2,30,0.0
2026-08-23,2026-08,treatment,tablet,activate,3,16,0.0
2026-08-23,2026-08,treatment,tablet,subscribe,4,8,89.01
2026-08-24,2026-06,control,desktop,visit,1,252,0.0
2026-08-24,2026-06,control,desktop,signup,2,114,0.0
2026-08-24,2026-06,control,desktop,activate,3,47,0.0
2026-08-24,2026-06,control,desktop,subscribe,4,30,340.83
2026-08-24,2026-06,control,mobile,visit,1,201,0.0
2026-08-24,2026-06,control,mobile,signup,2,78,0.0
2026-08-24,2026-06,control,mobile,activate,3,48,0.0
2026-08-24,2026-06,control,mobile,subscribe,4,21,281.53
2026-08-24,2026-06,control,tablet,visit,1,62,0.0
2026-08-24,2026-06,control,tablet,signup,2,24,0.0
2026-08-24,2026-06,control,tablet,activate,3,14,0.0
2026-08-24,2026-06,control,tablet,subscribe,4,5,88.54
2026-08-24,2026-06,treatment,desktop,visit,1,130,0.0
2026-08-24,2026-06,treatment,desktop,signup,2,60,0.0
2026-08-24,2026-06,treatment,desktop,activate,3,41,0.0
2026-08-24,2026-06,treatment,desktop,subscribe,4,19,332.17
2026-08-24,2026-06,treatment,mobile,visit,1,385,0.0
2026-08-24,2026-06,treatment,mobile,signup,2,128,0.0
2026-08-24,2026-06,treatment,mobile,activate,3,98,0.0
2026-08-24,2026-06,treatment,mobile,subscribe,4,44,609.62
2026-08-24,2026-06,treatment,tablet,visit,1,49,0.0
2026-08-24,2026-06,treatment,tablet,signup,2,19,0.0
2026-08-24,2026-06,treatment,tablet,activate,3,11,0.0
2026-08-24,2026-06,treatment,tablet,subscribe,4,5,55.99
2026-08-24,2026-07,control,desktop,visit,1,213,0.0
2026-08-24,2026-07,control,desktop,signup,2,85,0.0
2026-08-24,2026-07,control,desktop,activate,3,38,0.0
2026-08-24,2026-07,control,desktop,subscribe,4,22,392.12
2026-08-24,2026-07,control,mobile,visit,1,406,0.0
2026-08-24,2026-07,control,mobile,signup,2,171,0.0
2026-08-24,2026-07,control,mobile,activate,3,80,0.0
2026-08-24,2026-07,control,mobile,subscribe,4,41,587.04
2026-08-24,2026-07,control,tablet,visit,1,54,0.0
2026-08-24,2026-07,control,tablet,signup,2,22,0.0
2026-08-24,2026-07,control,tablet,activate,3,13,0.0
2026-08-24,2026-07,control,tablet,subscribe,4,5,68.04
2026-08-24,2026-07,treatment,desktop,visit,1,265,0.0
2026-08-24,2026-07,treatment,desktop,signup,2,106,0.0
2026-08-24,2026-07,treatment,desktop,activate,3,59,0.0
2026-08-24,2026-07,treatment,desktop,subscribe,4,27,433.98
2026-08-24,2026-07,treatment,mobile,visit,1,109,0.0
2026-08-24,2026-07,treatment,mobile,signup,2,57,0.0
2026-08-24,2026-07,treatment,mobile,activate,3,36,0.0
2026-08-24,2026-07,treatment,mobile,subscribe,4,16,282.12
2026-08-24,2026-07,treatment,tablet,visit,1,57,0.0
2026-08-24,2026-07,treatment,tablet,signup,2,21,0.0
2026-08-24,2026-07,treatment,tablet,activate,3,12,0.0
2026-08-24,2026-07,treatment,tablet,subscribe,4,7,86.91
2026-08-24,2026-08,control,desktop,visit,1,173,0.0
2026-08-24,2026-08,control,desktop,signup,2,65,0.0
2026-08-24,2026-08,control,desktop,activate,3,39,0.0
2026-08-24,2026-08,control,desktop,subscribe,4,17,207.83
2026-08-24,2026-08,control,mobile,visit,1,239,0.0
2026-08-24,2026-08,control,mobile,signup,2,79,0.0
2026-08-24,2026-08,control,mobile,activate,3,47,0.0
2026-08-24,2026-08,control,mobile,subscribe,4,25,474.2
2026-08-24,2026-08,control,tablet,visit,1,77,0.0
2026-08-24,2026-08,control,tablet,signup,2,34,0.0
2026-08-24,2026-08,control,tablet,activate,3,15,0.0
2026-08-24,2026-08,control,tablet,subscribe,4,8,109.8
2026-08-24,2026-08,treatment,desktop,visit,1,452,0.0
2026-08-24,2026-08,treatment,desktop,signup,2,183,0.0
2026-08-24,2026-08,treatment,desktop,activate,3,102,0.0
2026-08-24,2026-08,treatment,desktop,subscribe,4,56,832.27
2026-08-24,2026-08,treatment,mobile,visit,1,253,0.0
2026-08-24,2026-08,treatment,mobile,signup,2,103,0.0
2026-08-24,2026-08,treatment,mobile,activate,3,63,0.0
2026-08-24,2026-08,treatment,mobile,subscribe,4,34,415.55
2026-08-24,2026-08,treatment,tablet,visit,1,34,0.0
2026-08-24,2026-08,treatment,tablet,signup,2,16,0.0
2026-08-24,2026-08,treatment,tablet,activate,3,8,0.0
2026-08-24,2026-08,treatment,tablet,subscribe,4,4,58.72
2026-08-25,2026-06,control,desktop,visit,1,276,0.0
2026-08-25,2026-06,control,desktop,signup,2,107,0.0
2026-08-25,2026-06,control,desktop,activate,3,65,0.0
2026-08-25,2026-06,control,desktop,subscribe,4,28,507.35
2026-08-25,2026-06,control,mobile,visit,1,278,0.0
2026-08-25,2026-06,control,mobile,signup,2,106,0.0
2026-08-25,2026-06,control,mobile,activate,3,57,0.0
2026-08-25,2026-06,control,mobile,subscribe,4,29,374.26
2026-08-25,2026-06,control,tablet,visit,1,58,0.0
2026-08-25,2026-06,control,tablet,signup,2,21,0.0
2026-08-25,2026-06,control,tablet,activate,3,14,0.0
2026-08-25,2026-06,control,tablet,subscribe,4,6,77.38
2026-08-25,2026-06,treatment,desktop,visit,1,140,0.0
2026-08-25,2026-06,treatment,desktop,signup,2,51,0.0
2026-08-25,2026-06,treatment,desktop,activate,3,35,0.0
2026-08-25,2026-06,treatment,desktop,subscribe,4,15,216.61
2026-08-25,2026-06,treatment,mobile,visit,1,308,0.0
2026-08-25,2026-06,treatment,mobile,signup,2,140,0.0
2026-08-25,2026-06,treatment,mobile,activate,3,81,0.0
2026-08-25,2026-06,treatment,mobile,subscribe,4,46,763.72
2026-08-25,2026-06,treatment,tablet,visit,1,29,0.0
2026-08-25,2026-06,treatment,tablet,signup,2,12,0.0
2026-08-25,2026-06,treatment,tablet,activate,3,9,0.0
2026-08-25,2026-06,treatment,tablet,subscribe,4,4,52.72
2026-08-25,2026-07,control,desktop,visit,1,221,0.0
2026-08-25,2026-07,control,desktop,signup,2,89,0.0
2026-08-25,2026-07,control,desktop,activate,3,43,0.0
2026-08-25,2026-07,control,desktop,subscribe,4,21,356.33
2026-08-25,2026-07,control,mobile,visit,1,478,0.0
2026-08-25,2026-07,control,mobile,signup,2,187,0.0
2026-08-25,2026-07,control,mobile,activate,3,96,0.0
2026-08-25,2026-07,control,mobile,subscribe,4,51,674.73
2026-08-25,2026-07,control,tablet,visit,1,77,0.0
2026-08-25,2026-07,control,tablet,signup,2,34,0.0
2026-08-25,2026-07,control,tablet,activate,3,16,0.0
2026-08-25,2026-07,control,tablet,subscribe,4,8,93.73
2026-08-25,2026-07,treatment,desktop,visit,1,374,0.0
2026-08-25,2026-07,treatment,desktop,signup,2,181,0.0
2026-08-25,2026-07,treatment,desktop,activate,3,92,0.0
2026-08-25,2026-07,treatment,desktop,subscribe,4,45,563.63
2026-08-25,2026-07,treatment,mobile,visit,1,403,0.0
2026-08-25,2026-07,treatment,mobile,signup,2,162,0.0
2026-08-25,2026-07,treatment,mobile,activate,3,86,0.0
2026-08-25,2026-07,treatment,mobile,subscribe,4,47,856.31
2026-08-25,2026-07,treatment,tablet,visit,1,101,0.0
2026-08-25,2026-07,treatment,tablet,signup,2,35,0.0
2026-08-25,2026-07,treatment,tablet,activate,3,24,0.0
2026-08-25,2026-07,treatment,tablet,subscribe,4,13,160.49
2026-08-25,2026-08,control,desktop,visit,1,443,0.0
2026-08-25,2026-08,control,desktop,signup,2,151,0.0
2026-08-25,2026-08,control,desktop,activate,3,105,0.0
2026-08-25,2026-08,control,desktop,subscribe,4,45,644.69
2026-08-25,2026-08,control,mobile,visit,1,457,0.0
2026-08-25,2026-08,control,mobile,signup,2,172,0.0
2026-08-25,2026-08,control,mobile,activate,3,98,0.0
2026-08-25,2026-08,control,mobile,subscribe,4,53,902.48
2026-08-25,2026-08,control,tablet,visit,1,109,0.0
2026-08-25,2026-08,control,tablet,signup,2,41,0.0
2026-08-25,2026-08,control,tablet,activate,3,27,0.0
2026-08-25,2026-08,control,tablet,subscribe,4,14,185.42
2026-08-25,2026-08,treatment,desktop,visit,1,382,0.0
2026-08-25,2026-08,treatment,desktop,signup,2,167,0.0
2026-08-25,2026-08,treatment,desktop,activate,3,88,0.0
2026-08-25,2026-08,treatment,desktop,subscribe,4,44,570.41
2026-08-25,2026-08,treatment,mobile,visit,1,325,0.0
2026-08-25,2026-08,treatment,mobile,signup,2,175,0.0
2026-08-25,2026-08,treatment,mobile,activate,3,90,0.0
2026-08-25,2026-08,treatment,mobile,subscribe,4,47,683.92
2026-08-25,2026-08,treatment,tablet,visit,1,49,0.0
2026-08-25,2026-08,treatment,tablet,signup,2,21,0.0
2026-08-25,2026-08,treatment,tablet,activate,3,14,0.0
2026-08-25,2026-08,treatment,tablet,subscribe,4,6,71.95
2026-08-26,2026-06,control,desktop,visit,1,122,0.0
2026-08-26,2026-06,control,desktop,signup,2,52,0.0
2026-08-26,2026-06,control,desktop,activate,3,28,0.0
2026-08-26,2026-06,control,desktop,subscribe,4,14,185.17
2026-08-26,2026-06,control,mobile,visit,1,325,0.0
2026-08-26,2026-06,control,mobile,signup,2,143,0.0
2026-08-26,2026-06,control,mobile,activate,3,79,0.0
2026-08-26,2026-06,control,mobile,subscribe,4,30,432.28
2026-08-26,2026-06,control,tablet,visit,1,89,0.0
2026-08-26,2026-06,control,tablet,signup,2,34,0.0
2026-08-26,2026-06,control,tablet,activate,3,17,0.0
2026-08-26,2026-06,control,tablet,subscribe,4,9,153.45
2026-08-26,2026-06,treatment,desktop,visit,1,272,0.0
2026-08-26,2026-06,treatment,desktop,signup,2,108,0.0
2026-08-26,2026-06,treatment,desktop,activate,3,67,0.0
2026-08-26,2026-06,treatment,desktop,subscribe,4,34,555.55
2026-08-26,2026-06,treatment,mobile,visit,1,413,0.0
2026-08-26,2026-06,treatment,mobile,signup,2,145,0.0
2026-08-26,2026-06,treatment,mobile,activate,3,104,0.0
2026-08-26,2026-06,treatment,mobile,subscribe,4,48,675.19
2026-08-26,2026-06,treatment,tablet,visit,1,80,0.0
2026-08-26,2026-06,treatment,tablet,signup,2,36,0.0
2026-08-26,2026-06,treatment,tablet,activate,3,24,0.0
2026-08-26,2026-06,treatment,tablet,subscribe,4,12,169.61
2026-08-26,2026-07,control,desktop,visit,1,131,0.0
2026-08-26,2026-07,control,desktop,signup,2,49,0.0
2026-08-26,2026-07,control,desktop,activate,3,33,0.0
2026-08-26,2026-07,control,desktop,subscribe,4,14,229.71
2026-08-26,2026-07,control,mobile,visit,1,427,0.0
2026-08-26,2026-07,control,mobile,signup,2,157,0.0
2026-08-26,2026-07,control,mobile,activate,3,103,0.0
2026-08-26,2026-07,control,mobile,subscribe,4,46,729.07
2026-08-26,2026-07,control,tablet,visit,1,33,0.0
2026-08-26,2026-07,control,tablet,signup,2,15,0.0
2026-08-26,2026-07,control,tablet,activate,3,7,0.0
2026-08-26,2026-07,control,tablet,subscribe,4,4,52.82
2026-08-26,2026-07,treatment,desktop,visit,1,105,0.0
2026-08-26,2026-07,treatment,desktop,signup,2,54,0.0
2026-08-26,2026-07,treatment,desktop,activate,3,37,0.0
2026-08-26,2026-07,treatment,desktop,subscribe,4,14,227.18
2026-08-26,2026-07,treatment,mobile,visit,1,139,0.0
2026-08-26,2026-07,treatment,mobile,signup,2,68,0.0
2026-08-26,2026-07,treatment,mobile,activate,3,39,0.0
2026-08-26,2026-07,treatment,mobile,subscribe,4,16,295.52
2026-08-26,2026-07,treatment,tablet,visit,1,89,0.0
2026-08-26,2026-07,treatment,tablet,signup,2,30,0.0
2026-08-26,2026-07,treatment,tablet,activate,3,20,0.0
2026-08-26,2026-07,treatment,tablet,subscribe,4,10,115.21
2026-08-26,2026-08,control,desktop,visit,1,153,0.0
2026-08-26,2026-08,control,desktop,signup,2,66,0.0
2026-08-26,2026-08,control,desktop,activate,3,36,0.0
2026-08-26,2026-08,control,desktop,subscribe,4,18,341.41
2026-08-26,2026-08,control,mobile,visit,1,432,0.0
2026-08-26,2026-08,control,mobile,signup,2,174,0.0
2026-08-26,2026-08,control,mobile,activate,3,86,0.0
2026-08-26,2026-08,control,mobile,subscribe,4,43,678.61
2026-08-26,2026-08,control,tablet,visit,1,34,0.0
2026-08-26,2026-08,control,tablet,signup,2,17,0.0
2026-08-26,2026-08,control,tablet,activate,3,7,0.0
2026-08-26,2026-08,control,tablet,subscribe,4,4,52.27
2026-08-26,2026-08,treatment,desktop,visit,1,513,0.0
2026-08-26,2026-08,treatment,desktop,signup,2,168,0.0
2026-08-26,2026-08,treatment,desktop,activate,3,140,0.0
2026-08-26,2026-08,treatment,desktop,subscribe,4,62,1019.23
2026-08-26,2026-08,treatment,mobile,visit,1,485,0.0
2026-08-26,2026-08,treatment,mobile,signup,2,211,0.0
2026-08-26,2026-08,treatment,mobile,activate,3,124,0.0
2026-08-26,2026-08,treatment,mobile,subscribe,4,50,688.92
2026-08-26,2026-08,treatment,tablet,visit,1,64,0.0
2026-08-26,2026-08,treatment,tablet,signup,2,30,0.0
2026-08-26,2026-08,treatment,tablet,activate,3,20,0.0
2026-08-26,2026-08,treatment,tablet,subscribe,4,8,125.54
2026-08-27,2026-06,control,desktop,visit,1,153,0.0
2026-08-27,2026-06,control,desktop,signup,2,65,0.0
2026-08-27,2026-06,control,desktop,activate,3,38,0.0
2026-08-27,2026-06,control,desktop,subscribe,4,20,230.97
2026-08-27,2026-06,control,mobile,visit,1,301,0.0
2026-08-27,2026-06,control,mobile,signup,2,142,0.0
2026-08-27,2026-06,control,mobile,activate,3,62,0.0
2026-08-27,2026-06,control,mobile,subscribe,4,35,584.42
2026-08-27,2026-06,control,tablet,visit,1,67,0.0
2026-08-27,2026-06,control,tablet,signup,2,31,0.0
2026-08-27,2026-06,control,tablet,activate,3,14,0.0
2026-08-27,2026-06,control,tablet,subscribe,4,7,96.73
2026-08-27,2026-06,treatment,desktop,visit,1,270,0.0
2026-08-27,2026-06,treatment,desktop,signup,2,104,0.0
2026-08-27,2026-06,treatment,desktop,activate,3,64,0.0
2026-08-27,2026-06,treatment,desktop,subscribe,4,27,383.18
2026-08-27,2026-06,treatment,mobile,visit,1,436,0.0
2026-08-27,2026-06,treatment,mobile,signup,2,175,0.0
2026-08-27,2026-06,treatment,mobile,activate,3,106,0.0
2026-08-27,2026-06,treatment,mobile,subscribe,4,47,745.34
2026-08-27,2026-06,treatment,tablet,visit,1,55,0.0
2026-08-27,2026-06,treatment,tablet,signup,2,25,0.0
2026-08-27,2026-06,treatment,tablet,activate,3,14,0.0
2026-08-27,2026-06,treatment,tablet,subscribe,4,8,143.03
2026-08-27,2026-07,control,desktop,visit,1,166,0.0
2026-08-27,2026-07,control,desktop,signup,2,64,0.0
2026-08-27,2026-07,control,desktop,activate,3,35,0.0
2026-08-27,2026-07,control,desktop,subscribe,4,16,251.43
2026-08-27,2026-07,control,mobile,visit,1,158,0.0
2026-08-27,2026-07,control,mobile,signup,2,73,0.0
2026-08-27,2026-07,control,mobile,activate,3,39,0.0
2026-08-27,2026-07,control,mobile,subscribe,4,17,282.55
2026-08-27,2026-07,control,tablet,visit,1,50,0.0
2026-08-27,2026-07,control,tablet,signup,2,21,0.0
2026-08-27,2026-07,control,tablet,activate,3,8,0.0
2026-08-27,2026-07,control,tablet,subscribe,4,4,66.98
2026-08-27,2026-07,treatment,desktop,visit,1,398,0.0
2026-08-27,2026-07,treatment,desktop,signup,2,173,0.0
2026-08-27,2026-07,treatment,desktop,activate,3,90,0.0
2026-08-27,2026-07,treatment,desktop,subscribe,4,42,649.05
2026-08-27,2026-07,treatment,mobile,visit,1,170,0.0
2026-08-27,2026-07,treatment,mobile,signup,2,68,0.0
2026-08-27,2026-07,treatment,mobile,activate,3,47,0.0
2026-08-27,2026-07,treatment,mobile,subscribe,4,21,318.78
2026-08-27,2026-07,treatment,tablet,visit,1,82,0.0
2026-08-27,2026-07,treatment,tablet,signup,2,39,0.0
2026-08-27,2026-07,treatment,tablet,activate,3,20,0.0
2026-08-27,2026-07,treatment,tablet,subscribe,4,12,166.5
2026-08-27,2026-08,control,desktop,visit,1,391,0.0
2026-08-27,2026-08,control,desktop,signup,2,156,0.0
2026-08-27,2026-08,control,desktop,activate,3,99,0.0
2026-08-27,2026-08,control,desktop,subscribe,4,45,770.29
2026-08-27,2026-08,control,mobile,visit,1,340,0.0
2026-08-27,2026-08,control,mobile,signup,2,128,0.0
2026-08-27,2026-08,control,mobile,activate,3,72,0.0
2026-08-27,2026-08,control,mobile,subscribe,4,40,699.45
2026-08-27,2026-08,control,tablet,visit,1,44,0.0
2026-08-27,2026-08,control,tablet,signup,2,21,0.0
2026-08-27,2026-08,control,tablet,activate,3,12,0.0
2026-08-27,2026-08,control,tablet,subscribe,4,4,53.72
2026-08-27,2026-08,treatment,desktop,visit,1,242,0.0
2026-08-27,2026-08,treatment,desktop,signup,2,98,0.0
2026-08-27,2026-08,treatment,desktop,activate,3,60,0.0
2026-08-27,2026-08,treatment,desktop,subscribe,4,30,384.87
2026-08-27,2026-08,treatment,mobile,visit,1,531,0.0
2026-08-27,2026-08,treatment,mobile,signup,2,208,0.0
2026-08-27,2026-08,treatment,mobile,activate,3,128,0.0
2026-08-27,2026-08,treatment,mobile,subscribe,4,63,944.88
2026-08-27,2026-08,treatment,tablet,visit,1,97,0.0
2026-08-27,2026-08,treatment,tablet,signup,2,33,0.0
2026-08-27,2026-08,treatment,tablet,activate,3,24,0.0
2026-08-27,2026-08,treatment,tablet,subscribe,4,10,151.66
2026-08-28,2026-06,control,desktop,visit,1,187,0.0
2026-08-28,2026-06,control,desktop,signup,2,84,0.0
2026-08-28,2026-06,control,desktop,activate,3,39,0.0
2026-08-28,2026-06,control,desktop,subscribe,4,17,307.84
2026-08-28,2026-06,control,mobile,visit,1,311,0.0
2026-08-28,2026-06,control,mobile,signup,2,141,0.0
2026-08-28,2026-06,control,mobile,activate,3,74,0.0
2026-08-28,2026-06,control,mobile,subscribe,4,41,709.17
2026-08-28,2026-06,control,tablet,visit,1,46,0.0
2026-08-28,2026-06,control,tablet,signup,2,21,0.0
2026-08-28,2026-06,control,tablet,activate,3,9,0.0
2026-08-28,2026-06,control,tablet,subscribe,4,5,94.48
2026-08-28,2026-06,treatment,desktop,visit,1,158,0.0
2026-08-28,2026-06,treatment,desktop,signup,2,59,0.0
2026-08-28,2026-06,treatment,desktop,activate,3,36,0.0
2026-08-28,2026-06,treatment,desktop,subscribe,4,19,290.52
2026-08-28,2026-06,treatment,mobile,visit,1,210,0.0
2026-08-28,2026-06,treatment,mobile,signup,2,85,0.0
2026-08-28,2026-06,treatment,mobile,activate,3,53,0.0
2026-08-28,2026-06,treatment,mobile,subscribe,4,20,312.56
2026-08-28,2026-06,treatment,tablet,visit,1,69,0.0
2026-08-28,2026-06,treatment,tablet,signup,2,28,0.0
2026-08-28,2026-06,treatment,tablet,activate,3,18,0.0
2026-08-28,2026-06,treatment,tablet,subscribe,4,8,149.76
2026-08-28,2026-07,control,desktop,visit,1,156,0.0
2026-08-28,2026-07,control,desktop,signup,2,57,0.0
2026-08-28,2026-07,control,desktop,activate,3,30,0.0
2026-08-28,2026-07,control,desktop,subscribe,4,15,245.81
2026-08-28,2026-07,control,mobile,visit,1,362,0.0
2026-08-28,2026-07,control,mobile,signup,2,183,0.0
2026-08-28,2026-07,control,mobile,activate,3,81,0.0
2026-08-28,2026-07,control,mobile,subscribe,4,39,582.44
2026-08-28,2026-07,control,tablet,visit,1,86,0.0
2026-08-28,2026-07,control,tablet,signup,2,38,0.0
2026-08-28,2026-07,control,tablet,activate,3,20,0.0
2026-08-28,2026-07,control,tablet,subscribe,4,9,154.28
2026-08-28,2026-07,treatment,desktop,visit,1,228,0.0
2026-08-28,2026-07,treatment,desktop,signup,2,86,0.0
2026-08-28,2026-07,treatment,desktop,activate,3,62,0.0
2026-08-28,2026-07,treatment,desktop,subscribe,4,27,388.96
2026-08-28,2026-07,treatment,mobile,visit,1,273,0.0
2026-08-28,2026-07,treatment,mobile,signup,2,116,0.0
2026-08-28,2026-07,treatment,mobile,activate,3,70,0.0
2026-08-28,2026-07,treatment,mobile,subscribe,4,30,424.67
2026-08-28,2026-07,treatment,tablet,visit,1,84,0.0
2026-08-28,2026-07,treatment,tablet,signup,2,40,0.0
2026-08-28,2026-07,treatment,tablet,activate,3,24,0.0
2026-08-28,2026-07,treatment,tablet,subscribe,4,10,151.35
2026-08-28,2026-08,control,desktop,visit,1,196,0.0
2026-08-28,2026-08,control,desktop,signup,2,74,0.0
2026-08-28,2026-08,control,desktop,activate,3,38,0.0
2026-08-28,2026-08,control,desktop,subscribe,4,24,430.86
2026-08-28,2026-08,control,mobile,visit,1,185,0.0
2026-08-28,2026-08,control,mobile,signup,2,85,0.0
2026-08-28,2026-08,control,mobile,activate,3,45,0.0
2026-08-28,2026-08,control,mobile,subscribe,4,21,347.82
2026-08-28,2026-08,control,tablet,visit,1,84,0.0
2026-08-28,2026-08,control,tablet,signup,2,43,0.0
2026-08-28,2026-08,control,tablet,activate,3,22,0.0
2026-08-28,2026-08,control,tablet,subscribe,4,9,117.82
2026-08-28,2026-08,treatment,desktop,visit,1,232,0.0
2026-08-28,2026-08,treatment,desktop,signup,2,81,0.0
2026-08-28,2026-08,treatment,desktop,activate,3,57,0.0
2026-08-28,2026-08,treatment,desktop,subscribe,4,26,484.0
2026-08-28,2026-08,treatment,mobile,visit,1,462,0.0
2026-08-28,2026-08,treatment,mobile,signup,2,185,0.0
2026-08-28,2026-08,treatment,mobile,activate,3,108,0.0
2026-08-28,2026-08,treatment,mobile,subscribe,4,46,558.19
2026-08-28,2026-08,treatment,tablet,visit,1,65,0.0
2026-08-28,2026-08,treatment,tablet,signup,2,23,0.0
2026-08-28,2026-08,treatment,tablet,activate,3,18,0.0
2026-08-28,2026-08,treatment,tablet,subscribe,4,7,85.71
2026-08-29,2026-06,control,desktop,visit,1,219,0.0
2026-08-29,2026-06,control,desktop,signup,2,97,0.0
2026-08-29,2026-06,control,desktop,activate,3,55,0.0
2026-08-29,2026-06,control,desktop,subscribe,4,25,466.89
2026-08-29,2026-06,control,mobile,visit,1,329,0.0
2026-08-29,2026-06,control,mobile,signup,2,136,0.0
2026-08-29,2026-06,control,mobile,activate,3,84,0.0
2026-08-29,2026-06,control,mobile,subscribe,4,36,453.23
2026-08-29,2026-06,control,tablet,visit,1,78,0.0
2026-08-29,2026-06,control,tablet,signup,2,40,0.0
2026-08-29,2026-06,control,tablet,activate,3,23,0.0
2026-08-29,2026-06,control,tablet,subscribe,4,10,185.12
2026-08-29,2026-06,treatment,desktop,visit,1,280,0.0
2026-08-29,2026-06,treatment,desktop,signup,2,131,0.0
2026-08-29,2026-06,treatment,desktop,activate,3,77,0.0
2026-08-29,2026-06,treatment,desktop,subscribe,4,38,460.91
2026-08-29,2026-06,treatment,mobile,visit,1,402,0.0
2026-08-29,2026-06,treatment,mobile,signup,2,148,0.0
2026-08-29,2026-06,treatment,mobile,activate,3,92,0.0
2026-08-29,2026-06,treatment,mobile,subscribe,4,39,563.19
2026-08-29,2026-06,treatment,tablet,visit,1,104,0.0
2026-08-29,2026-06,treatment,tablet,signup,2,47,0.0
2026-08-29,2026-06,treatment,tablet,activate,3,23,0.0
2026-08-29,2026-06,treatment,tablet,subscribe,4,12,182.42
2026-08-29,2026-07,control,desktop,visit,1,300,0.0
2026-08-29,2026-07,control,desktop,signup,2,99,0.0
2026-08-29,2026-07,control,desktop,activate,3,58,0.0
2026-08-29,2026-07,control,desktop,subscribe,4,32,558.03
2026-08-29,2026-07,control,mobile,visit,1,193,0.0
2026-08-29,2026-07,control,mobile,signup,2,98,0.0
2026-08-29,2026-07,control,mobile,activate,3,56,0.0
2026-08-29,2026-07,control,mobile,subscribe,4,24,420.49
2026-08-29,2026-07,control,tablet,visit,1,58,0.0
2026-08-29,2026-07,control,tablet,signup,2,24,0.0
2026-08-29,2026-07,control,tablet,activate,3,10,0.0
2026-08-29,2026-07,control,tablet,subscribe,4,6,86.81
2026-08-29,2026-07,treatment,desktop,visit,1,235,0.0
2026-08-29,2026-07,treatment,desktop,signup,2,107,0.0
2026-08-29,2026-07,treatment,desktop,activate,3,80,0.0
2026-08-29,2026-07,treatment,desktop,subscribe,4,29,386.42
2026-08-29,2026-07,treatment,mobile,visit,1,215,0.0
2026-08-29,2026-07,treatment,mobile,signup,2,90,0.0
2026-08-29,2026-07,treatment,mobile,activate,3,51,0.0
2026-08-29,2026-07,treatment,mobile,subscribe,4,28,515.47
2026-08-29,2026-07,treatment,tablet,visit,1,101,0.0
2026-08-29,2026-07,treatment,tablet,signup,2,47,0.0
2026-08-29,2026-07,treatment,tablet,activate,3,31,0.0
2026-08-29,2026-07,treatment,tablet,subscribe,4,12,205.4
2026-08-29,2026-08,control,desktop,visit,1,448,0.0
2026-08-29,2026-08,control,desktop,signup,2,178,0.0
2026-08-29,2026-08,control,desktop,activate,3,89,0.0
2026-08-29,2026-08,control,desktop,subscribe,4,50,711.01
2026-08-29,2026-08,control,mobile,visit,1,475,0.0
2026-08-29,2026-08,control,mobile,signup,2,194,0.0
2026-08-29,2026-08,control,mobile,activate,3,125,0.0
2026-08-29,2026-08,control,mobile,subscribe,4,53,593.02
2026-08-29,2026-08,control,tablet,visit,1,116,0.0
2026-08-29,2026-08,control,tablet,signup,2,57,0.0
2026-08-29,2026-08,control,tablet,activate,3,25,0.0
2026-08-29,2026-08,control,tablet,subscribe,4,13,203.47
2026-08-29,2026-08,treatment,desktop,visit,1,232,0.0
2026-08-29,2026-08,treatment,desktop,signup,2,115,0.0
2026-08-29,2026-08,treatment,desktop,activate,3,70,0.0
2026-08-29,2026-08,treatment,desktop,subscribe,4,27,469.83
2026-08-29,2026-08,treatment,mobile,visit,1,216,0.0
2026-08-29,2026-08,treatment,mobile,signup,2,83,0.0
2026-08-29,2026-08,treatment,mobile,activate,3,52,0.0
2026-08-29,2026-08,treatment,mobile,subscribe,4,25,420.86
2026-08-29,2026-08,treatment,tablet,visit,1,119,0.0
2026-08-29,2026-08,treatment,tablet,signup,2,57,0.0
2026-08-29,2026-08,treatment,tablet,activate,3,37,0.0
2026-08-29,2026-08,treatment,tablet,subscribe,4,17,315.92
2026-08-30,2026-06,control,desktop,visit,1,177,0.0
2026-08-30,2026-06,control,desktop,signup,2,78,0.0
2026-08-30,2026-06,control,desktop,activate,3,38,0.0
2026-08-30,2026-06,control,desktop,subscribe,4,24,372.15
2026-08-30,2026-06,control,mobile,visit,1,317,0.0
2026-08-30,2026-06,control,mobile,signup,2,138,0.0
2026-08-30,2026-06,control,mobile,activate,3,74,0.0
2026-08-30,2026-06,control,mobile,subscribe,4,33,392.06
2026-08-30,2026-06,control,tablet,visit,1,48,0.0
2026-08-30,2026-06,control,tablet,signup,2,19,0.0
2026-08-30,2026-06,control,tablet,activate,3,10,0.0
2026-08-30,2026-06,control,tablet,subscribe,4,5,73.97
2026-08-30,2026-06,treatment,desktop,visit,1,144,0.0
2026-08-30,2026-06,treatment,desktop,signup,2,48,0.0
2026-08-30,2026-06,treatment,desktop,activate,3,31,0.0
2026-08-30,2026-06,treatment,desktop,subscribe,4,17,249.64
2026-08-30,2026-06,treatment,mobile,visit,1,307,0.0
2026-08-30,2026-06,treatment,mobile,signup,2,104,0.0
2026-08-30,2026-06,treatment,mobile,activate,3,65,0.0
2026-08-30,2026-06,treatment,mobile,subscribe,4,40,630.52
2026-08-30,2026-06,treatment,tablet,visit,1,81,0.0
2026-08-30,2026-06,treatment,tablet,signup,2,42,0.0
2026-08-30,2026-06,treatment,tablet,activate,3,21,0.0
2026-08-30,2026-06,treatment,tablet,subscribe,4,12,134.45
2026-08-30,2026-07,control,desktop,visit,1,427,0.0
2026-08-30,2026-07,control,desktop,signup,2,164,0.0
2026-08-30,2026-07,control,desktop,activate,3,86,0.0
2026-08-30,2026-07,control,desktop,subscribe,4,40,453.59
2026-08-30,2026-07,control,mobile,visit,1,155,0.0
2026-08-30,2026-07,control,mobile,signup,2,59,0.0
2026-08-30,2026-07,control,mobile,activate,3,36,0.0
2026-08-30,2026-07,control,mobile,subscribe,4,16,217.49
2026-08-30,2026-07,control,tablet,visit,1,91,0.0
2026-08-30,2026-07,control,tablet,signup,2,37,0.0
2026-08-30,2026-07,control,tablet,activate,3,20,0.0
2026-08-30,2026-07,control,tablet,subscribe,4,10,183.12
2026-08-30,2026-07,treatment,desktop,visit,1,148,0.0
2026-08-30,2026-07,treatment,desktop,signup,2,57,0.0
2026-08-30,2026-07,treatment,desktop,activate,3,38,0.0
2026-08-30,2026-07,treatment,desktop,subscribe,4,19,229.39
2026-08-30,2026-07,treatment,mobile,visit,1,180,0.0
2026-08-30,2026-07,treatment,mobile,signup,2,74,0.0
2026-08-30,2026-07,treatment,mobile,activate,3,40,0.0
2026-08-30,2026-07,treatment,mobile,subscribe,4,22,393.44
2026-08-30,2026-07,treatment,tablet,visit,1,42,0.0
2026-08-30,2026-07,treatment,tablet,signup,2,18,0.0
2026-08-30,2026-07,treatment,tablet,activate,3,11,0.0
2026-08-30,2026-07,treatment,tablet,subscribe,4,5,65.77
2026-08-30,2026-08,control,desktop,visit,1,506,0.0
2026-08-30,2026-08,control,desktop,signup,2,237,0.0
2026-08-30,2026-08,control,desktop,activate,3,121,0.0
2026-08-30,2026-08,control,desktop,subscribe,4,51,864.79
2026-08-30,2026-08,control,mobile,visit,1,346,0.0
2026-08-30,2026-08,control,mobile,signup,2,158,0.0
2026-08-30,2026-08,control,mobile,activate,3,94,0.0
2026-08-30,2026-08,control,mobile,subscribe,4,39,566.2
2026-08-30,2026-08,control,tablet,visit,1,76,0.0
2026-08-30,2026-08,control,tablet,signup,2,30,0.0
2026-08-30,2026-08,control,tablet,activate,3,14,0.0
2026-08-30,2026-08,control,tablet,subscribe,4,9,120.27
2026-08-30,2026-08,treatment,desktop,visit,1,320,0.0
2026-08-30,2026-08,treatment,desktop,signup,2,122,0.0
2026-08-30,2026-08,treatment,desktop,activate,3,82,0.0
2026-08-30,2026-08,treatment,desktop,subscribe,4,42,517.03
2026-08-30,2026-08,treatment,mobile,visit,1,344,0.0
2026-08-30,2026-08,treatment,mobile,signup,2,141,0.0
2026-08-30,2026-08,treatment,mobile,activate,3,104,0.0
2026-08-30,2026-08,treatment,mobile,subscribe,4,40,743.67
2026-08-30,2026-08,treatment,tablet,visit,1,78,0.0
2026-08-30,2026-08,treatment,tablet,signup,2,36,0.0
2026-08-30,2026-08,treatment,tablet,activate,3,22,0.0
2026-08-30,2026-08,treatment,tablet,subscribe,4,10,154.72
